[INFO] Scanning for projects...
[INFO] 
[INFO] ------------------< org.example:SWIReservationSystem >------------------
[INFO] Building SWIReservationSystem 1.0-SNAPSHOT
[INFO]   from pom.xml
[INFO] --------------------------------[ jar ]---------------------------------
[INFO] 
[INFO] --- clean:3.4.1:clean (default-clean) @ SWIReservationSystem ---
[INFO] Deleting C:\Users\rosti\IdeaProjects\SWIReservationSystem\target
[INFO] 
[INFO] --- resources:3.3.1:resources (default-resources) @ SWIReservationSystem ---
[INFO] Copying 3 resources from src\main\resources to target\classes
[INFO] Copying 0 resource from src\main\resources to target\classes
[INFO] 
[INFO] --- compiler:3.14.1:compile (default-compile) @ SWIReservationSystem ---
[INFO] Recompiling the module because of changed source code.
[INFO] Compiling 22 source files with javac [debug parameters release 21] to target\classes
[INFO] 
[INFO] --- resources:3.3.1:testResources (default-testResources) @ SWIReservationSystem ---
[INFO] Copying 1 resource from src\test\resources to target\test-classes
[INFO] 
[INFO] --- compiler:3.14.1:testCompile (default-testCompile) @ SWIReservationSystem ---
[INFO] Recompiling the module because of changed dependency.
[INFO] Compiling 5 source files with javac [debug parameters release 21] to target\test-classes
[INFO] 
[INFO] --- surefire:3.5.4:test (default-test) @ SWIReservationSystem ---
[INFO] Using auto detected provider org.apache.maven.surefire.junitplatform.JUnitPlatformProvider
[INFO] 
[INFO] -------------------------------------------------------
[INFO]  T E S T S
[INFO] -------------------------------------------------------
[INFO] Running org.example.reservation.BaselineV01VerificationTest
14:04:54.500 [main] INFO org.springframework.test.context.support.AnnotationConfigContextLoaderUtils -- Could not detect default configuration classes for test class [org.example.reservation.BaselineV01VerificationTest]: BaselineV01VerificationTest does not declare any static, non-private, non-final, nested classes annotated with @Configuration.
14:04:54.658 [main] INFO org.springframework.boot.test.context.SpringBootTestContextBootstrapper -- Found @SpringBootConfiguration org.example.reservation.ReservationApplication for test class org.example.reservation.BaselineV01VerificationTest
[INFO] Running OP-04 Cancel Reservation
14:04:54.787 [main] INFO org.springframework.test.context.support.AnnotationConfigContextLoaderUtils -- Could not detect default configuration classes for test class [org.example.reservation.BaselineV01VerificationTest$Op04Cancel]: Op04Cancel does not declare any static, non-private, non-final, nested classes annotated with @Configuration.
14:04:54.792 [main] INFO org.springframework.boot.test.context.SpringBootTestContextBootstrapper -- Found @SpringBootConfiguration org.example.reservation.ReservationApplication for test class org.example.reservation.BaselineV01VerificationTest$Op04Cancel

  .   ____          _            __ _ _
 /\\ / ___'_ __ _ _(_)_ __  __ _ \ \ \ \
( ( )\___ | '_ | '_| | '_ \/ _` | \ \ \ \
 \\/  ___)| |_)| | | | | || (_| |  ) ) ) )
  '  |____| .__|_| |_|_| |_\__, | / / / /
 =========|_|==============|___/=/_/_/_/

 :: Spring Boot ::                (v3.5.8)

2026-09-28T14:04:55.318+02:00  INFO 9452 --- [           main] o.e.r.BaselineV01VerificationTest        : Starting BaselineV01VerificationTest using Java 21.0.4 with PID 9452 (started by rosti in C:\Users\rosti\IdeaProjects\SWIReservationSystem)
2026-09-28T14:04:55.320+02:00  INFO 9452 --- [           main] o.e.r.BaselineV01VerificationTest        : No active profile set, falling back to 1 default profile: "default"
2026-09-28T14:04:56.557+02:00  INFO 9452 --- [           main] .s.d.r.c.RepositoryConfigurationDelegate : Bootstrapping Spring Data JPA repositories in DEFAULT mode.
2026-09-28T14:04:56.649+02:00  INFO 9452 --- [           main] .s.d.r.c.RepositoryConfigurationDelegate : Finished Spring Data repository scanning in 78 ms. Found 3 JPA repository interfaces.
2026-09-28T14:04:57.300+02:00  INFO 9452 --- [           main] o.hibernate.jpa.internal.util.LogHelper  : HHH000204: Processing PersistenceUnitInfo [name: default]
2026-09-28T14:04:57.389+02:00  INFO 9452 --- [           main] org.hibernate.Version                    : HHH000412: Hibernate ORM core version 6.6.36.Final
2026-09-28T14:04:57.430+02:00  INFO 9452 --- [           main] o.h.c.internal.RegionFactoryInitiator    : HHH000026: Second-level cache disabled
2026-09-28T14:04:57.948+02:00  INFO 9452 --- [           main] o.s.o.j.p.SpringPersistenceUnitInfo      : No LoadTimeWeaver setup: ignoring JPA class transformer
2026-09-28T14:04:57.985+02:00  INFO 9452 --- [           main] com.zaxxer.hikari.HikariDataSource       : HikariPool-1 - Starting...
2026-09-28T14:04:58.207+02:00  INFO 9452 --- [           main] com.zaxxer.hikari.pool.HikariPool        : HikariPool-1 - Added connection conn0: url=jdbc:h2:mem:swi_test user=SA
2026-09-28T14:04:58.209+02:00  INFO 9452 --- [           main] com.zaxxer.hikari.HikariDataSource       : HikariPool-1 - Start completed.
2026-09-28T14:04:58.278+02:00  INFO 9452 --- [           main] org.hibernate.orm.connections.pooling    : HHH10001005: Database info:
	Database JDBC URL [Connecting through datasource 'HikariDataSource (HikariPool-1)']
	Database driver: undefined/unknown
	Database version: 2.3.232
	Autocommit mode: undefined/unknown
	Isolation level: undefined/unknown
	Minimum pool size: undefined/unknown
	Maximum pool size: undefined/unknown
2026-09-28T14:04:59.389+02:00  INFO 9452 --- [           main] o.h.e.t.j.p.i.JtaPlatformInitiator       : HHH000489: No JTA platform available (set 'hibernate.transaction.jta.platform' to enable JTA platform integration)
Hibernate: drop table if exists app_user cascade 
Hibernate: drop table if exists court cascade 
Hibernate: drop table if exists reservation cascade 
Hibernate: create table app_user (id bigint generated by default as identity, email varchar(255) not null unique, full_name varchar(255) not null, role enum ('MEMBER','STAFF') not null, primary key (id))
Hibernate: create table court (active boolean not null, closing_time time(6) not null, opening_time time(6) not null, requires_approval boolean not null, id bigint generated by default as identity, location varchar(255) not null, name varchar(255) not null, type enum ('BADMINTON','BASKETBALL','FOOTBALL','SQUASH','TENNIS') not null, primary key (id))
Hibernate: create table reservation (approval_deadline timestamp(6), cancelled_at timestamp(6) with time zone, court_id bigint not null, created_at timestamp(6) with time zone not null, decided_at timestamp(6) with time zone, decided_by_id bigint, end_time timestamp(6) not null, id bigint generated by default as identity, start_time timestamp(6) not null, user_id bigint not null, decision_reason varchar(500), state enum ('CANCELLED','CONFIRMED','DRAFT','EXPIRED','PENDING_APPROVAL','REJECTED') not null, primary key (id))
Hibernate: alter table if exists reservation add constraint FKpxnu37u6x3lp9jvebvujghn4e foreign key (court_id) references court
Hibernate: alter table if exists reservation add constraint FKjfh4sk669q9okl27ir86ldr3o foreign key (decided_by_id) references app_user
Hibernate: alter table if exists reservation add constraint FKm25r28103jb9lske61acewdlf foreign key (user_id) references app_user
2026-09-28T14:04:59.492+02:00  INFO 9452 --- [           main] j.LocalContainerEntityManagerFactoryBean : Initialized JPA EntityManagerFactory for persistence unit 'default'
2026-09-28T14:04:59.817+02:00  INFO 9452 --- [           main] o.s.d.j.r.query.QueryEnhancerFactory     : Hibernate is in classpath; If applicable, HQL parser will be used.
2026-09-28T14:05:00.695+02:00  WARN 9452 --- [           main] JpaBaseConfiguration$JpaWebConfiguration : spring.jpa.open-in-view is enabled by default. Therefore, database queries may be performed during view rendering. Explicitly configure spring.jpa.open-in-view to disable this warning
2026-09-28T14:05:01.272+02:00  INFO 9452 --- [           main] o.e.r.BaselineV01VerificationTest        : Started BaselineV01VerificationTest in 6.435 seconds (process running for 7.76)
mvn.cmd : Mockito is currently self-attaching to enable the inline-mock-maker. This will no longer work in future relea
ses of the JDK. Please add Mockito as an agent to your build as described in Mockito's documentation: https://javadoc.i
o/doc/org.mockito/mockito-core/latest/org.mockito/org/mockito/Mockito.html#0.3
At line:3 char:1
+ & $mvn -B -f "$root\pom.xml" clean test 2>&1 | Out-File -Encoding utf ...
+ ~~~~~~~~~~~~~~~~~~~~~~~~~~~~~~~~~~~~~~~~~~~~
    + CategoryInfo          : NotSpecified: (Mockito is curr...ockito.html#0.3:String) [], RemoteException
    + FullyQualifiedErrorId : NativeCommandError
 
WARNING: A Java agent has been loaded dynamically (C:\Users\rosti\.m2\repository\net\bytebuddy\byte-buddy-agent\1.17.8\
byte-buddy-agent-1.17.8.jar)
WARNING: If a serviceability tool is in use, please run with -XX:+EnableDynamicAgentLoading to hide this warning
WARNING: If a serviceability tool is not in use, please run with -Djdk.instrument.traceUsage for more information
WARNING: Dynamic loading of agents will be disallowed by default in a future release
Java HotSpot(TM) 64-Bit Server VM warning: Sharing is only supported for boot loader classes because bootstrap classpat
h has been appended
Hibernate: select r1_0.id,r1_0.approval_deadline,r1_0.cancelled_at,r1_0.court_id,r1_0.created_at,r1_0.decided_at,r1_0.decided_by_id,r1_0.decision_reason,r1_0.end_time,r1_0.start_time,r1_0.state,r1_0.user_id from reservation r1_0
Hibernate: insert into court (active,closing_time,location,name,opening_time,requires_approval,type,id) values (?,?,?,?,?,?,?,default)
Hibernate: insert into court (active,closing_time,location,name,opening_time,requires_approval,type,id) values (?,?,?,?,?,?,?,default)
Hibernate: insert into app_user (email,full_name,role,id) values (?,?,?,default)
Hibernate: insert into app_user (email,full_name,role,id) values (?,?,?,default)
Hibernate: insert into app_user (email,full_name,role,id) values (?,?,?,default)
Hibernate: select au1_0.id,au1_0.email,au1_0.full_name,au1_0.role from app_user au1_0 where au1_0.id=?
Hibernate: select c1_0.id,c1_0.active,c1_0.closing_time,c1_0.location,c1_0.name,c1_0.opening_time,c1_0.requires_approval,c1_0.type from court c1_0 where c1_0.id=?
Hibernate: insert into reservation (approval_deadline,cancelled_at,court_id,created_at,decided_at,decided_by_id,decision_reason,end_time,start_time,state,user_id,id) values (?,?,?,?,?,?,?,?,?,?,?,default)
Hibernate: select au1_0.id,au1_0.email,au1_0.full_name,au1_0.role from app_user au1_0 where au1_0.id=?
Hibernate: select r1_0.id,r1_0.approval_deadline,r1_0.cancelled_at,r1_0.court_id,c1_0.id,c1_0.active,c1_0.closing_time,c1_0.location,c1_0.name,c1_0.opening_time,c1_0.requires_approval,c1_0.type,r1_0.created_at,r1_0.decided_at,db1_0.id,db1_0.email,db1_0.full_name,db1_0.role,r1_0.decision_reason,r1_0.end_time,r1_0.start_time,r1_0.state,r1_0.user_id,u1_0.id,u1_0.email,u1_0.full_name,u1_0.role from reservation r1_0 join court c1_0 on c1_0.id=r1_0.court_id left join app_user db1_0 on db1_0.id=r1_0.decided_by_id join app_user u1_0 on u1_0.id=r1_0.user_id where r1_0.id=?
Hibernate: update reservation set approval_deadline=?,cancelled_at=?,court_id=?,decided_at=?,decided_by_id=?,decision_reason=?,end_time=?,start_time=?,state=?,user_id=? where id=?
Hibernate: select r1_0.id,r1_0.approval_deadline,r1_0.cancelled_at,r1_0.court_id,r1_0.created_at,r1_0.decided_at,r1_0.decided_by_id,r1_0.decision_reason,r1_0.end_time,r1_0.start_time,r1_0.state,r1_0.user_id from reservation r1_0
Hibernate: select c1_0.id,c1_0.active,c1_0.closing_time,c1_0.location,c1_0.name,c1_0.opening_time,c1_0.requires_approval,c1_0.type from court c1_0 where c1_0.id=?
Hibernate: select au1_0.id,au1_0.email,au1_0.full_name,au1_0.role from app_user au1_0 where au1_0.id=?
Hibernate: delete from reservation where id=?
Hibernate: insert into court (active,closing_time,location,name,opening_time,requires_approval,type,id) values (?,?,?,?,?,?,?,default)
Hibernate: insert into court (active,closing_time,location,name,opening_time,requires_approval,type,id) values (?,?,?,?,?,?,?,default)
Hibernate: insert into app_user (email,full_name,role,id) values (?,?,?,default)
Hibernate: insert into app_user (email,full_name,role,id) values (?,?,?,default)
Hibernate: insert into app_user (email,full_name,role,id) values (?,?,?,default)
Hibernate: select au1_0.id,au1_0.email,au1_0.full_name,au1_0.role from app_user au1_0 where au1_0.id=?
Hibernate: select c1_0.id,c1_0.active,c1_0.closing_time,c1_0.location,c1_0.name,c1_0.opening_time,c1_0.requires_approval,c1_0.type from court c1_0 where c1_0.id=?
Hibernate: insert into reservation (approval_deadline,cancelled_at,court_id,created_at,decided_at,decided_by_id,decision_reason,end_time,start_time,state,user_id,id) values (?,?,?,?,?,?,?,?,?,?,?,default)
Hibernate: select au1_0.id,au1_0.email,au1_0.full_name,au1_0.role from app_user au1_0 where au1_0.id=?
Hibernate: select r1_0.id,r1_0.approval_deadline,r1_0.cancelled_at,r1_0.court_id,c1_0.id,c1_0.active,c1_0.closing_time,c1_0.location,c1_0.name,c1_0.opening_time,c1_0.requires_approval,c1_0.type,r1_0.created_at,r1_0.decided_at,db1_0.id,db1_0.email,db1_0.full_name,db1_0.role,r1_0.decision_reason,r1_0.end_time,r1_0.start_time,r1_0.state,r1_0.user_id,u1_0.id,u1_0.email,u1_0.full_name,u1_0.role from reservation r1_0 join court c1_0 on c1_0.id=r1_0.court_id left join app_user db1_0 on db1_0.id=r1_0.decided_by_id join app_user u1_0 on u1_0.id=r1_0.user_id where r1_0.id=?
Hibernate: select c1_0.id,c1_0.active,c1_0.closing_time,c1_0.location,c1_0.name,c1_0.opening_time,c1_0.requires_approval,c1_0.type from court c1_0 where c1_0.id=? for update
Hibernate: select r1_0.id,r1_0.approval_deadline,r1_0.cancelled_at,r1_0.court_id,r1_0.created_at,r1_0.decided_at,r1_0.decided_by_id,r1_0.decision_reason,r1_0.end_time,r1_0.start_time,r1_0.state,r1_0.user_id from reservation r1_0 where r1_0.court_id=? and r1_0.state in (?) and r1_0.start_time<? and ?<r1_0.end_time
2026-09-28T14:05:02.179+02:00  INFO 9452 --- [           main] o.e.r.s.LoggingNotificationService       : NOTIFY owner alice+610978666587700@example.com: reservation 2 for court 'Court 1' is CONFIRMED
Hibernate: update reservation set approval_deadline=?,cancelled_at=?,court_id=?,decided_at=?,decided_by_id=?,decision_reason=?,end_time=?,start_time=?,state=?,user_id=? where id=?
Hibernate: select c1_0.id,c1_0.active,c1_0.closing_time,c1_0.location,c1_0.name,c1_0.opening_time,c1_0.requires_approval,c1_0.type from court c1_0 where c1_0.id=?
Hibernate: select r1_0.id,r1_0.approval_deadline,r1_0.cancelled_at,r1_0.court_id,r1_0.created_at,r1_0.decided_at,r1_0.decided_by_id,r1_0.decision_reason,r1_0.end_time,r1_0.start_time,r1_0.state,r1_0.user_id from reservation r1_0 where r1_0.court_id=? and r1_0.state in (?) and r1_0.start_time<? and ?<r1_0.end_time
Hibernate: select r1_0.id,r1_0.approval_deadline,r1_0.cancelled_at,r1_0.court_id,r1_0.created_at,r1_0.decided_at,r1_0.decided_by_id,r1_0.decision_reason,r1_0.end_time,r1_0.start_time,r1_0.state,r1_0.user_id from reservation r1_0 where r1_0.court_id=? and r1_0.state in (?) and r1_0.start_time<? and ?<r1_0.end_time
Hibernate: select au1_0.id,au1_0.email,au1_0.full_name,au1_0.role from app_user au1_0 where au1_0.id=?
Hibernate: select au1_0.id,au1_0.email,au1_0.full_name,au1_0.role from app_user au1_0 where au1_0.id=?
Hibernate: select r1_0.id,r1_0.approval_deadline,r1_0.cancelled_at,r1_0.court_id,c1_0.id,c1_0.active,c1_0.closing_time,c1_0.location,c1_0.name,c1_0.opening_time,c1_0.requires_approval,c1_0.type,r1_0.created_at,r1_0.decided_at,db1_0.id,db1_0.email,db1_0.full_name,db1_0.role,r1_0.decision_reason,r1_0.end_time,r1_0.start_time,r1_0.state,r1_0.user_id,u1_0.id,u1_0.email,u1_0.full_name,u1_0.role from reservation r1_0 join court c1_0 on c1_0.id=r1_0.court_id left join app_user db1_0 on db1_0.id=r1_0.decided_by_id join app_user u1_0 on u1_0.id=r1_0.user_id where r1_0.id=?
Hibernate: update reservation set approval_deadline=?,cancelled_at=?,court_id=?,decided_at=?,decided_by_id=?,decision_reason=?,end_time=?,start_time=?,state=?,user_id=? where id=?
Hibernate: select r1_0.id,r1_0.approval_deadline,r1_0.cancelled_at,r1_0.court_id,c1_0.id,c1_0.active,c1_0.closing_time,c1_0.location,c1_0.name,c1_0.opening_time,c1_0.requires_approval,c1_0.type,r1_0.created_at,r1_0.decided_at,db1_0.id,db1_0.email,db1_0.full_name,db1_0.role,r1_0.decision_reason,r1_0.end_time,r1_0.start_time,r1_0.state,r1_0.user_id,u1_0.id,u1_0.email,u1_0.full_name,u1_0.role from reservation r1_0 join court c1_0 on c1_0.id=r1_0.court_id left join app_user db1_0 on db1_0.id=r1_0.decided_by_id join app_user u1_0 on u1_0.id=r1_0.user_id where r1_0.id=?
Hibernate: select c1_0.id,c1_0.active,c1_0.closing_time,c1_0.location,c1_0.name,c1_0.opening_time,c1_0.requires_approval,c1_0.type from court c1_0 where c1_0.id=?
Hibernate: select r1_0.id,r1_0.approval_deadline,r1_0.cancelled_at,r1_0.court_id,r1_0.created_at,r1_0.decided_at,r1_0.decided_by_id,r1_0.decision_reason,r1_0.end_time,r1_0.start_time,r1_0.state,r1_0.user_id from reservation r1_0 where r1_0.court_id=? and r1_0.state in (?) and r1_0.start_time<? and ?<r1_0.end_time
Hibernate: select r1_0.id,r1_0.approval_deadline,r1_0.cancelled_at,r1_0.court_id,r1_0.created_at,r1_0.decided_at,r1_0.decided_by_id,r1_0.decision_reason,r1_0.end_time,r1_0.start_time,r1_0.state,r1_0.user_id from reservation r1_0 where r1_0.court_id=? and r1_0.state in (?) and r1_0.start_time<? and ?<r1_0.end_time
Hibernate: select r1_0.id,r1_0.approval_deadline,r1_0.cancelled_at,r1_0.court_id,r1_0.created_at,r1_0.decided_at,r1_0.decided_by_id,r1_0.decision_reason,r1_0.end_time,r1_0.start_time,r1_0.state,r1_0.user_id from reservation r1_0
Hibernate: select c1_0.id,c1_0.active,c1_0.closing_time,c1_0.location,c1_0.name,c1_0.opening_time,c1_0.requires_approval,c1_0.type from court c1_0 where c1_0.id=?
Hibernate: select au1_0.id,au1_0.email,au1_0.full_name,au1_0.role from app_user au1_0 where au1_0.id=?
Hibernate: delete from reservation where id=?
Hibernate: insert into court (active,closing_time,location,name,opening_time,requires_approval,type,id) values (?,?,?,?,?,?,?,default)
Hibernate: insert into court (active,closing_time,location,name,opening_time,requires_approval,type,id) values (?,?,?,?,?,?,?,default)
Hibernate: insert into app_user (email,full_name,role,id) values (?,?,?,default)
Hibernate: insert into app_user (email,full_name,role,id) values (?,?,?,default)
Hibernate: insert into app_user (email,full_name,role,id) values (?,?,?,default)
Hibernate: select au1_0.id,au1_0.email,au1_0.full_name,au1_0.role from app_user au1_0 where au1_0.id=?
Hibernate: select c1_0.id,c1_0.active,c1_0.closing_time,c1_0.location,c1_0.name,c1_0.opening_time,c1_0.requires_approval,c1_0.type from court c1_0 where c1_0.id=?
Hibernate: insert into reservation (approval_deadline,cancelled_at,court_id,created_at,decided_at,decided_by_id,decision_reason,end_time,start_time,state,user_id,id) values (?,?,?,?,?,?,?,?,?,?,?,default)
Hibernate: select au1_0.id,au1_0.email,au1_0.full_name,au1_0.role from app_user au1_0 where au1_0.id=?
Hibernate: select r1_0.id,r1_0.approval_deadline,r1_0.cancelled_at,r1_0.court_id,c1_0.id,c1_0.active,c1_0.closing_time,c1_0.location,c1_0.name,c1_0.opening_time,c1_0.requires_approval,c1_0.type,r1_0.created_at,r1_0.decided_at,db1_0.id,db1_0.email,db1_0.full_name,db1_0.role,r1_0.decision_reason,r1_0.end_time,r1_0.start_time,r1_0.state,r1_0.user_id,u1_0.id,u1_0.email,u1_0.full_name,u1_0.role from reservation r1_0 join court c1_0 on c1_0.id=r1_0.court_id left join app_user db1_0 on db1_0.id=r1_0.decided_by_id join app_user u1_0 on u1_0.id=r1_0.user_id where r1_0.id=?
Hibernate: update reservation set approval_deadline=?,cancelled_at=?,court_id=?,decided_at=?,decided_by_id=?,decision_reason=?,end_time=?,start_time=?,state=?,user_id=? where id=?
Hibernate: select r1_0.id,r1_0.approval_deadline,r1_0.cancelled_at,r1_0.court_id,c1_0.id,c1_0.active,c1_0.closing_time,c1_0.location,c1_0.name,c1_0.opening_time,c1_0.requires_approval,c1_0.type,r1_0.created_at,r1_0.decided_at,db1_0.id,db1_0.email,db1_0.full_name,db1_0.role,r1_0.decision_reason,r1_0.end_time,r1_0.start_time,r1_0.state,r1_0.user_id,u1_0.id,u1_0.email,u1_0.full_name,u1_0.role from reservation r1_0 join court c1_0 on c1_0.id=r1_0.court_id left join app_user db1_0 on db1_0.id=r1_0.decided_by_id join app_user u1_0 on u1_0.id=r1_0.user_id where r1_0.id=?
Hibernate: select au1_0.id,au1_0.email,au1_0.full_name,au1_0.role from app_user au1_0 where au1_0.id=?
Hibernate: select r1_0.id,r1_0.approval_deadline,r1_0.cancelled_at,r1_0.court_id,c1_0.id,c1_0.active,c1_0.closing_time,c1_0.location,c1_0.name,c1_0.opening_time,c1_0.requires_approval,c1_0.type,r1_0.created_at,r1_0.decided_at,db1_0.id,db1_0.email,db1_0.full_name,db1_0.role,r1_0.decision_reason,r1_0.end_time,r1_0.start_time,r1_0.state,r1_0.user_id,u1_0.id,u1_0.email,u1_0.full_name,u1_0.role from reservation r1_0 join court c1_0 on c1_0.id=r1_0.court_id left join app_user db1_0 on db1_0.id=r1_0.decided_by_id join app_user u1_0 on u1_0.id=r1_0.user_id where r1_0.id=?
Hibernate: select r1_0.id,r1_0.approval_deadline,r1_0.cancelled_at,r1_0.court_id,c1_0.id,c1_0.active,c1_0.closing_time,c1_0.location,c1_0.name,c1_0.opening_time,c1_0.requires_approval,c1_0.type,r1_0.created_at,r1_0.decided_at,db1_0.id,db1_0.email,db1_0.full_name,db1_0.role,r1_0.decision_reason,r1_0.end_time,r1_0.start_time,r1_0.state,r1_0.user_id,u1_0.id,u1_0.email,u1_0.full_name,u1_0.role from reservation r1_0 join court c1_0 on c1_0.id=r1_0.court_id left join app_user db1_0 on db1_0.id=r1_0.decided_by_id join app_user u1_0 on u1_0.id=r1_0.user_id where r1_0.id=?
Hibernate: select r1_0.id,r1_0.approval_deadline,r1_0.cancelled_at,r1_0.court_id,r1_0.created_at,r1_0.decided_at,r1_0.decided_by_id,r1_0.decision_reason,r1_0.end_time,r1_0.start_time,r1_0.state,r1_0.user_id from reservation r1_0
Hibernate: select c1_0.id,c1_0.active,c1_0.closing_time,c1_0.location,c1_0.name,c1_0.opening_time,c1_0.requires_approval,c1_0.type from court c1_0 where c1_0.id=?
Hibernate: select au1_0.id,au1_0.email,au1_0.full_name,au1_0.role from app_user au1_0 where au1_0.id=?
Hibernate: delete from reservation where id=?
Hibernate: insert into court (active,closing_time,location,name,opening_time,requires_approval,type,id) values (?,?,?,?,?,?,?,default)
Hibernate: insert into court (active,closing_time,location,name,opening_time,requires_approval,type,id) values (?,?,?,?,?,?,?,default)
Hibernate: insert into app_user (email,full_name,role,id) values (?,?,?,default)
Hibernate: insert into app_user (email,full_name,role,id) values (?,?,?,default)
Hibernate: insert into app_user (email,full_name,role,id) values (?,?,?,default)
Hibernate: select au1_0.id,au1_0.email,au1_0.full_name,au1_0.role from app_user au1_0 where au1_0.id=?
Hibernate: select c1_0.id,c1_0.active,c1_0.closing_time,c1_0.location,c1_0.name,c1_0.opening_time,c1_0.requires_approval,c1_0.type from court c1_0 where c1_0.id=?
Hibernate: insert into reservation (approval_deadline,cancelled_at,court_id,created_at,decided_at,decided_by_id,decision_reason,end_time,start_time,state,user_id,id) values (?,?,?,?,?,?,?,?,?,?,?,default)
Hibernate: select au1_0.id,au1_0.email,au1_0.full_name,au1_0.role from app_user au1_0 where au1_0.id=?
Hibernate: select r1_0.id,r1_0.approval_deadline,r1_0.cancelled_at,r1_0.court_id,c1_0.id,c1_0.active,c1_0.closing_time,c1_0.location,c1_0.name,c1_0.opening_time,c1_0.requires_approval,c1_0.type,r1_0.created_at,r1_0.decided_at,db1_0.id,db1_0.email,db1_0.full_name,db1_0.role,r1_0.decision_reason,r1_0.end_time,r1_0.start_time,r1_0.state,r1_0.user_id,u1_0.id,u1_0.email,u1_0.full_name,u1_0.role from reservation r1_0 join court c1_0 on c1_0.id=r1_0.court_id left join app_user db1_0 on db1_0.id=r1_0.decided_by_id join app_user u1_0 on u1_0.id=r1_0.user_id where r1_0.id=?
Hibernate: select c1_0.id,c1_0.active,c1_0.closing_time,c1_0.location,c1_0.name,c1_0.opening_time,c1_0.requires_approval,c1_0.type from court c1_0 where c1_0.id=? for update
Hibernate: select r1_0.id,r1_0.approval_deadline,r1_0.cancelled_at,r1_0.court_id,r1_0.created_at,r1_0.decided_at,r1_0.decided_by_id,r1_0.decision_reason,r1_0.end_time,r1_0.start_time,r1_0.state,r1_0.user_id from reservation r1_0 where r1_0.court_id=? and r1_0.state in (?) and r1_0.start_time<? and ?<r1_0.end_time
2026-09-28T14:05:02.287+02:00  INFO 9452 --- [           main] o.e.r.s.LoggingNotificationService       : NOTIFY owner alice+610978812126800@example.com: reservation 4 for court 'Court 1' is CONFIRMED
Hibernate: update reservation set approval_deadline=?,cancelled_at=?,court_id=?,decided_at=?,decided_by_id=?,decision_reason=?,end_time=?,start_time=?,state=?,user_id=? where id=?
Hibernate: select au1_0.id,au1_0.email,au1_0.full_name,au1_0.role from app_user au1_0 where au1_0.id=?
Hibernate: select r1_0.id,r1_0.approval_deadline,r1_0.cancelled_at,r1_0.court_id,c1_0.id,c1_0.active,c1_0.closing_time,c1_0.location,c1_0.name,c1_0.opening_time,c1_0.requires_approval,c1_0.type,r1_0.created_at,r1_0.decided_at,db1_0.id,db1_0.email,db1_0.full_name,db1_0.role,r1_0.decision_reason,r1_0.end_time,r1_0.start_time,r1_0.state,r1_0.user_id,u1_0.id,u1_0.email,u1_0.full_name,u1_0.role from reservation r1_0 join court c1_0 on c1_0.id=r1_0.court_id left join app_user db1_0 on db1_0.id=r1_0.decided_by_id join app_user u1_0 on u1_0.id=r1_0.user_id where r1_0.id=?
Hibernate: select r1_0.id,r1_0.approval_deadline,r1_0.cancelled_at,r1_0.court_id,c1_0.id,c1_0.active,c1_0.closing_time,c1_0.location,c1_0.name,c1_0.opening_time,c1_0.requires_approval,c1_0.type,r1_0.created_at,r1_0.decided_at,db1_0.id,db1_0.email,db1_0.full_name,db1_0.role,r1_0.decision_reason,r1_0.end_time,r1_0.start_time,r1_0.state,r1_0.user_id,u1_0.id,u1_0.email,u1_0.full_name,u1_0.role from reservation r1_0 join court c1_0 on c1_0.id=r1_0.court_id left join app_user db1_0 on db1_0.id=r1_0.decided_by_id join app_user u1_0 on u1_0.id=r1_0.user_id where r1_0.id=?
Hibernate: select r1_0.id,r1_0.approval_deadline,r1_0.cancelled_at,r1_0.court_id,r1_0.created_at,r1_0.decided_at,r1_0.decided_by_id,r1_0.decision_reason,r1_0.end_time,r1_0.start_time,r1_0.state,r1_0.user_id from reservation r1_0
Hibernate: select c1_0.id,c1_0.active,c1_0.closing_time,c1_0.location,c1_0.name,c1_0.opening_time,c1_0.requires_approval,c1_0.type from court c1_0 where c1_0.id=?
Hibernate: select au1_0.id,au1_0.email,au1_0.full_name,au1_0.role from app_user au1_0 where au1_0.id=?
Hibernate: delete from reservation where id=?
Hibernate: insert into court (active,closing_time,location,name,opening_time,requires_approval,type,id) values (?,?,?,?,?,?,?,default)
Hibernate: insert into court (active,closing_time,location,name,opening_time,requires_approval,type,id) values (?,?,?,?,?,?,?,default)
Hibernate: insert into app_user (email,full_name,role,id) values (?,?,?,default)
Hibernate: insert into app_user (email,full_name,role,id) values (?,?,?,default)
Hibernate: insert into app_user (email,full_name,role,id) values (?,?,?,default)
Hibernate: select au1_0.id,au1_0.email,au1_0.full_name,au1_0.role from app_user au1_0 where au1_0.id=?
Hibernate: select c1_0.id,c1_0.active,c1_0.closing_time,c1_0.location,c1_0.name,c1_0.opening_time,c1_0.requires_approval,c1_0.type from court c1_0 where c1_0.id=?
Hibernate: insert into reservation (approval_deadline,cancelled_at,court_id,created_at,decided_at,decided_by_id,decision_reason,end_time,start_time,state,user_id,id) values (?,?,?,?,?,?,?,?,?,?,?,default)
Hibernate: select au1_0.id,au1_0.email,au1_0.full_name,au1_0.role from app_user au1_0 where au1_0.id=?
Hibernate: select r1_0.id,r1_0.approval_deadline,r1_0.cancelled_at,r1_0.court_id,c1_0.id,c1_0.active,c1_0.closing_time,c1_0.location,c1_0.name,c1_0.opening_time,c1_0.requires_approval,c1_0.type,r1_0.created_at,r1_0.decided_at,db1_0.id,db1_0.email,db1_0.full_name,db1_0.role,r1_0.decision_reason,r1_0.end_time,r1_0.start_time,r1_0.state,r1_0.user_id,u1_0.id,u1_0.email,u1_0.full_name,u1_0.role from reservation r1_0 join court c1_0 on c1_0.id=r1_0.court_id left join app_user db1_0 on db1_0.id=r1_0.decided_by_id join app_user u1_0 on u1_0.id=r1_0.user_id where r1_0.id=?
Hibernate: select c1_0.id,c1_0.active,c1_0.closing_time,c1_0.location,c1_0.name,c1_0.opening_time,c1_0.requires_approval,c1_0.type from court c1_0 where c1_0.id=? for update
Hibernate: select r1_0.id,r1_0.approval_deadline,r1_0.cancelled_at,r1_0.court_id,r1_0.created_at,r1_0.decided_at,r1_0.decided_by_id,r1_0.decision_reason,r1_0.end_time,r1_0.start_time,r1_0.state,r1_0.user_id from reservation r1_0 where r1_0.court_id=? and r1_0.state in (?) and r1_0.start_time<? and ?<r1_0.end_time
2026-09-28T14:05:02.359+02:00  INFO 9452 --- [           main] o.e.r.s.LoggingNotificationService       : NOTIFY owner alice+610978883319600@example.com: reservation 5 for court 'Court 1' is CONFIRMED
Hibernate: update reservation set approval_deadline=?,cancelled_at=?,court_id=?,decided_at=?,decided_by_id=?,decision_reason=?,end_time=?,start_time=?,state=?,user_id=? where id=?
Hibernate: select au1_0.id,au1_0.email,au1_0.full_name,au1_0.role from app_user au1_0 where au1_0.id=?
Hibernate: select r1_0.id,r1_0.approval_deadline,r1_0.cancelled_at,r1_0.court_id,c1_0.id,c1_0.active,c1_0.closing_time,c1_0.location,c1_0.name,c1_0.opening_time,c1_0.requires_approval,c1_0.type,r1_0.created_at,r1_0.decided_at,db1_0.id,db1_0.email,db1_0.full_name,db1_0.role,r1_0.decision_reason,r1_0.end_time,r1_0.start_time,r1_0.state,r1_0.user_id,u1_0.id,u1_0.email,u1_0.full_name,u1_0.role from reservation r1_0 join court c1_0 on c1_0.id=r1_0.court_id left join app_user db1_0 on db1_0.id=r1_0.decided_by_id join app_user u1_0 on u1_0.id=r1_0.user_id where r1_0.id=?
Hibernate: select r1_0.id,r1_0.approval_deadline,r1_0.cancelled_at,r1_0.court_id,c1_0.id,c1_0.active,c1_0.closing_time,c1_0.location,c1_0.name,c1_0.opening_time,c1_0.requires_approval,c1_0.type,r1_0.created_at,r1_0.decided_at,db1_0.id,db1_0.email,db1_0.full_name,db1_0.role,r1_0.decision_reason,r1_0.end_time,r1_0.start_time,r1_0.state,r1_0.user_id,u1_0.id,u1_0.email,u1_0.full_name,u1_0.role from reservation r1_0 join court c1_0 on c1_0.id=r1_0.court_id left join app_user db1_0 on db1_0.id=r1_0.decided_by_id join app_user u1_0 on u1_0.id=r1_0.user_id where r1_0.id=?
Hibernate: select r1_0.id,r1_0.approval_deadline,r1_0.cancelled_at,r1_0.court_id,r1_0.created_at,r1_0.decided_at,r1_0.decided_by_id,r1_0.decision_reason,r1_0.end_time,r1_0.start_time,r1_0.state,r1_0.user_id from reservation r1_0
Hibernate: select c1_0.id,c1_0.active,c1_0.closing_time,c1_0.location,c1_0.name,c1_0.opening_time,c1_0.requires_approval,c1_0.type from court c1_0 where c1_0.id=?
Hibernate: select au1_0.id,au1_0.email,au1_0.full_name,au1_0.role from app_user au1_0 where au1_0.id=?
Hibernate: delete from reservation where id=?
Hibernate: insert into court (active,closing_time,location,name,opening_time,requires_approval,type,id) values (?,?,?,?,?,?,?,default)
Hibernate: insert into court (active,closing_time,location,name,opening_time,requires_approval,type,id) values (?,?,?,?,?,?,?,default)
Hibernate: insert into app_user (email,full_name,role,id) values (?,?,?,default)
Hibernate: insert into app_user (email,full_name,role,id) values (?,?,?,default)
Hibernate: insert into app_user (email,full_name,role,id) values (?,?,?,default)
Hibernate: select au1_0.id,au1_0.email,au1_0.full_name,au1_0.role from app_user au1_0 where au1_0.id=?
Hibernate: select c1_0.id,c1_0.active,c1_0.closing_time,c1_0.location,c1_0.name,c1_0.opening_time,c1_0.requires_approval,c1_0.type from court c1_0 where c1_0.id=?
Hibernate: insert into reservation (approval_deadline,cancelled_at,court_id,created_at,decided_at,decided_by_id,decision_reason,end_time,start_time,state,user_id,id) values (?,?,?,?,?,?,?,?,?,?,?,default)
Hibernate: select au1_0.id,au1_0.email,au1_0.full_name,au1_0.role from app_user au1_0 where au1_0.id=?
Hibernate: select r1_0.id,r1_0.approval_deadline,r1_0.cancelled_at,r1_0.court_id,c1_0.id,c1_0.active,c1_0.closing_time,c1_0.location,c1_0.name,c1_0.opening_time,c1_0.requires_approval,c1_0.type,r1_0.created_at,r1_0.decided_at,db1_0.id,db1_0.email,db1_0.full_name,db1_0.role,r1_0.decision_reason,r1_0.end_time,r1_0.start_time,r1_0.state,r1_0.user_id,u1_0.id,u1_0.email,u1_0.full_name,u1_0.role from reservation r1_0 join court c1_0 on c1_0.id=r1_0.court_id left join app_user db1_0 on db1_0.id=r1_0.decided_by_id join app_user u1_0 on u1_0.id=r1_0.user_id where r1_0.id=?
Hibernate: select c1_0.id,c1_0.active,c1_0.closing_time,c1_0.location,c1_0.name,c1_0.opening_time,c1_0.requires_approval,c1_0.type from court c1_0 where c1_0.id=? for update
Hibernate: select r1_0.id,r1_0.approval_deadline,r1_0.cancelled_at,r1_0.court_id,r1_0.created_at,r1_0.decided_at,r1_0.decided_by_id,r1_0.decision_reason,r1_0.end_time,r1_0.start_time,r1_0.state,r1_0.user_id from reservation r1_0 where r1_0.court_id=? and r1_0.state in (?) and r1_0.start_time<? and ?<r1_0.end_time
2026-09-28T14:05:02.426+02:00  INFO 9452 --- [           main] o.e.r.s.LoggingNotificationService       : NOTIFY owner alice+610978949249800@example.com: reservation 6 for court 'Court 1' is CONFIRMED
Hibernate: update reservation set approval_deadline=?,cancelled_at=?,court_id=?,decided_at=?,decided_by_id=?,decision_reason=?,end_time=?,start_time=?,state=?,user_id=? where id=?
Hibernate: select au1_0.id,au1_0.email,au1_0.full_name,au1_0.role from app_user au1_0 where au1_0.id=?
Hibernate: select r1_0.id,r1_0.approval_deadline,r1_0.cancelled_at,r1_0.court_id,c1_0.id,c1_0.active,c1_0.closing_time,c1_0.location,c1_0.name,c1_0.opening_time,c1_0.requires_approval,c1_0.type,r1_0.created_at,r1_0.decided_at,db1_0.id,db1_0.email,db1_0.full_name,db1_0.role,r1_0.decision_reason,r1_0.end_time,r1_0.start_time,r1_0.state,r1_0.user_id,u1_0.id,u1_0.email,u1_0.full_name,u1_0.role from reservation r1_0 join court c1_0 on c1_0.id=r1_0.court_id left join app_user db1_0 on db1_0.id=r1_0.decided_by_id join app_user u1_0 on u1_0.id=r1_0.user_id where r1_0.id=?
Hibernate: select r1_0.id,r1_0.approval_deadline,r1_0.cancelled_at,r1_0.court_id,c1_0.id,c1_0.active,c1_0.closing_time,c1_0.location,c1_0.name,c1_0.opening_time,c1_0.requires_approval,c1_0.type,r1_0.created_at,r1_0.decided_at,db1_0.id,db1_0.email,db1_0.full_name,db1_0.role,r1_0.decision_reason,r1_0.end_time,r1_0.start_time,r1_0.state,r1_0.user_id,u1_0.id,u1_0.email,u1_0.full_name,u1_0.role from reservation r1_0 join court c1_0 on c1_0.id=r1_0.court_id left join app_user db1_0 on db1_0.id=r1_0.decided_by_id join app_user u1_0 on u1_0.id=r1_0.user_id where r1_0.id=?
Hibernate: select r1_0.id,r1_0.approval_deadline,r1_0.cancelled_at,r1_0.court_id,r1_0.created_at,r1_0.decided_at,r1_0.decided_by_id,r1_0.decision_reason,r1_0.end_time,r1_0.start_time,r1_0.state,r1_0.user_id from reservation r1_0
Hibernate: select c1_0.id,c1_0.active,c1_0.closing_time,c1_0.location,c1_0.name,c1_0.opening_time,c1_0.requires_approval,c1_0.type from court c1_0 where c1_0.id=?
Hibernate: select au1_0.id,au1_0.email,au1_0.full_name,au1_0.role from app_user au1_0 where au1_0.id=?
Hibernate: delete from reservation where id=?
Hibernate: insert into court (active,closing_time,location,name,opening_time,requires_approval,type,id) values (?,?,?,?,?,?,?,default)
Hibernate: insert into court (active,closing_time,location,name,opening_time,requires_approval,type,id) values (?,?,?,?,?,?,?,default)
Hibernate: insert into app_user (email,full_name,role,id) values (?,?,?,default)
Hibernate: insert into app_user (email,full_name,role,id) values (?,?,?,default)
Hibernate: insert into app_user (email,full_name,role,id) values (?,?,?,default)
Hibernate: select au1_0.id,au1_0.email,au1_0.full_name,au1_0.role from app_user au1_0 where au1_0.id=?
Hibernate: select c1_0.id,c1_0.active,c1_0.closing_time,c1_0.location,c1_0.name,c1_0.opening_time,c1_0.requires_approval,c1_0.type from court c1_0 where c1_0.id=?
Hibernate: insert into reservation (approval_deadline,cancelled_at,court_id,created_at,decided_at,decided_by_id,decision_reason,end_time,start_time,state,user_id,id) values (?,?,?,?,?,?,?,?,?,?,?,default)
Hibernate: select au1_0.id,au1_0.email,au1_0.full_name,au1_0.role from app_user au1_0 where au1_0.id=?
Hibernate: select r1_0.id,r1_0.approval_deadline,r1_0.cancelled_at,r1_0.court_id,c1_0.id,c1_0.active,c1_0.closing_time,c1_0.location,c1_0.name,c1_0.opening_time,c1_0.requires_approval,c1_0.type,r1_0.created_at,r1_0.decided_at,db1_0.id,db1_0.email,db1_0.full_name,db1_0.role,r1_0.decision_reason,r1_0.end_time,r1_0.start_time,r1_0.state,r1_0.user_id,u1_0.id,u1_0.email,u1_0.full_name,u1_0.role from reservation r1_0 join court c1_0 on c1_0.id=r1_0.court_id left join app_user db1_0 on db1_0.id=r1_0.decided_by_id join app_user u1_0 on u1_0.id=r1_0.user_id where r1_0.id=?
Hibernate: select c1_0.id,c1_0.active,c1_0.closing_time,c1_0.location,c1_0.name,c1_0.opening_time,c1_0.requires_approval,c1_0.type from court c1_0 where c1_0.id=? for update
Hibernate: select r1_0.id,r1_0.approval_deadline,r1_0.cancelled_at,r1_0.court_id,r1_0.created_at,r1_0.decided_at,r1_0.decided_by_id,r1_0.decision_reason,r1_0.end_time,r1_0.start_time,r1_0.state,r1_0.user_id from reservation r1_0 where r1_0.court_id=? and r1_0.state in (?) and r1_0.start_time<? and ?<r1_0.end_time
2026-09-28T14:05:02.479+02:00  INFO 9452 --- [           main] o.e.r.s.LoggingNotificationService       : NOTIFY owner alice+610979003914100@example.com: reservation 7 for court 'Court 1' is CONFIRMED
Hibernate: update reservation set approval_deadline=?,cancelled_at=?,court_id=?,decided_at=?,decided_by_id=?,decision_reason=?,end_time=?,start_time=?,state=?,user_id=? where id=?
Hibernate: select au1_0.id,au1_0.email,au1_0.full_name,au1_0.role from app_user au1_0 where au1_0.id=?
Hibernate: select r1_0.id,r1_0.approval_deadline,r1_0.cancelled_at,r1_0.court_id,c1_0.id,c1_0.active,c1_0.closing_time,c1_0.location,c1_0.name,c1_0.opening_time,c1_0.requires_approval,c1_0.type,r1_0.created_at,r1_0.decided_at,db1_0.id,db1_0.email,db1_0.full_name,db1_0.role,r1_0.decision_reason,r1_0.end_time,r1_0.start_time,r1_0.state,r1_0.user_id,u1_0.id,u1_0.email,u1_0.full_name,u1_0.role from reservation r1_0 join court c1_0 on c1_0.id=r1_0.court_id left join app_user db1_0 on db1_0.id=r1_0.decided_by_id join app_user u1_0 on u1_0.id=r1_0.user_id where r1_0.id=?
Hibernate: update reservation set approval_deadline=?,cancelled_at=?,court_id=?,decided_at=?,decided_by_id=?,decision_reason=?,end_time=?,start_time=?,state=?,user_id=? where id=?
Hibernate: select r1_0.id,r1_0.approval_deadline,r1_0.cancelled_at,r1_0.court_id,r1_0.created_at,r1_0.decided_at,r1_0.decided_by_id,r1_0.decision_reason,r1_0.end_time,r1_0.start_time,r1_0.state,r1_0.user_id from reservation r1_0
Hibernate: select c1_0.id,c1_0.active,c1_0.closing_time,c1_0.location,c1_0.name,c1_0.opening_time,c1_0.requires_approval,c1_0.type from court c1_0 where c1_0.id=?
Hibernate: select au1_0.id,au1_0.email,au1_0.full_name,au1_0.role from app_user au1_0 where au1_0.id=?
Hibernate: delete from reservation where id=?
Hibernate: insert into court (active,closing_time,location,name,opening_time,requires_approval,type,id) values (?,?,?,?,?,?,?,default)
Hibernate: insert into court (active,closing_time,location,name,opening_time,requires_approval,type,id) values (?,?,?,?,?,?,?,default)
Hibernate: insert into app_user (email,full_name,role,id) values (?,?,?,default)
Hibernate: insert into app_user (email,full_name,role,id) values (?,?,?,default)
Hibernate: insert into app_user (email,full_name,role,id) values (?,?,?,default)
Hibernate: select au1_0.id,au1_0.email,au1_0.full_name,au1_0.role from app_user au1_0 where au1_0.id=?
Hibernate: select c1_0.id,c1_0.active,c1_0.closing_time,c1_0.location,c1_0.name,c1_0.opening_time,c1_0.requires_approval,c1_0.type from court c1_0 where c1_0.id=?
Hibernate: insert into reservation (approval_deadline,cancelled_at,court_id,created_at,decided_at,decided_by_id,decision_reason,end_time,start_time,state,user_id,id) values (?,?,?,?,?,?,?,?,?,?,?,default)
Hibernate: select au1_0.id,au1_0.email,au1_0.full_name,au1_0.role from app_user au1_0 where au1_0.id=?
Hibernate: select r1_0.id,r1_0.approval_deadline,r1_0.cancelled_at,r1_0.court_id,c1_0.id,c1_0.active,c1_0.closing_time,c1_0.location,c1_0.name,c1_0.opening_time,c1_0.requires_approval,c1_0.type,r1_0.created_at,r1_0.decided_at,db1_0.id,db1_0.email,db1_0.full_name,db1_0.role,r1_0.decision_reason,r1_0.end_time,r1_0.start_time,r1_0.state,r1_0.user_id,u1_0.id,u1_0.email,u1_0.full_name,u1_0.role from reservation r1_0 join court c1_0 on c1_0.id=r1_0.court_id left join app_user db1_0 on db1_0.id=r1_0.decided_by_id join app_user u1_0 on u1_0.id=r1_0.user_id where r1_0.id=?
Hibernate: select c1_0.id,c1_0.active,c1_0.closing_time,c1_0.location,c1_0.name,c1_0.opening_time,c1_0.requires_approval,c1_0.type from court c1_0 where c1_0.id=? for update
Hibernate: select r1_0.id,r1_0.approval_deadline,r1_0.cancelled_at,r1_0.court_id,r1_0.created_at,r1_0.decided_at,r1_0.decided_by_id,r1_0.decision_reason,r1_0.end_time,r1_0.start_time,r1_0.state,r1_0.user_id from reservation r1_0 where r1_0.court_id=? and r1_0.state in (?) and r1_0.start_time<? and ?<r1_0.end_time
2026-09-28T14:05:02.545+02:00  INFO 9452 --- [           main] o.e.r.s.LoggingNotificationService       : NOTIFY owner alice+610979072209400@example.com: reservation 8 for court 'Court 1' is CONFIRMED
Hibernate: update reservation set approval_deadline=?,cancelled_at=?,court_id=?,decided_at=?,decided_by_id=?,decision_reason=?,end_time=?,start_time=?,state=?,user_id=? where id=?
Hibernate: select au1_0.id,au1_0.email,au1_0.full_name,au1_0.role from app_user au1_0 where au1_0.id=?
Hibernate: select r1_0.id,r1_0.approval_deadline,r1_0.cancelled_at,r1_0.court_id,c1_0.id,c1_0.active,c1_0.closing_time,c1_0.location,c1_0.name,c1_0.opening_time,c1_0.requires_approval,c1_0.type,r1_0.created_at,r1_0.decided_at,db1_0.id,db1_0.email,db1_0.full_name,db1_0.role,r1_0.decision_reason,r1_0.end_time,r1_0.start_time,r1_0.state,r1_0.user_id,u1_0.id,u1_0.email,u1_0.full_name,u1_0.role from reservation r1_0 join court c1_0 on c1_0.id=r1_0.court_id left join app_user db1_0 on db1_0.id=r1_0.decided_by_id join app_user u1_0 on u1_0.id=r1_0.user_id where r1_0.id=?
Hibernate: update reservation set approval_deadline=?,cancelled_at=?,court_id=?,decided_at=?,decided_by_id=?,decision_reason=?,end_time=?,start_time=?,state=?,user_id=? where id=?
Hibernate: select r1_0.id,r1_0.approval_deadline,r1_0.cancelled_at,r1_0.court_id,c1_0.id,c1_0.active,c1_0.closing_time,c1_0.location,c1_0.name,c1_0.opening_time,c1_0.requires_approval,c1_0.type,r1_0.created_at,r1_0.decided_at,db1_0.id,db1_0.email,db1_0.full_name,db1_0.role,r1_0.decision_reason,r1_0.end_time,r1_0.start_time,r1_0.state,r1_0.user_id,u1_0.id,u1_0.email,u1_0.full_name,u1_0.role from reservation r1_0 join court c1_0 on c1_0.id=r1_0.court_id left join app_user db1_0 on db1_0.id=r1_0.decided_by_id join app_user u1_0 on u1_0.id=r1_0.user_id where r1_0.id=?
[INFO] Tests run: 8, Failures: 0, Errors: 0, Skipped: 0, Time elapsed: 7.777 s -- in OP-04 Cancel Reservation
[INFO] Running OP-03 Confirm Reservation
2026-09-28T14:05:02.562+02:00  INFO 9452 --- [           main] t.c.s.AnnotationConfigContextLoaderUtils : Could not detect default configuration classes for test class [org.example.reservation.BaselineV01VerificationTest$Op03Confirm]: Op03Confirm does not declare any static, non-private, non-final, nested classes annotated with @Configuration.
2026-09-28T14:05:02.564+02:00  INFO 9452 --- [           main] .b.t.c.SpringBootTestContextBootstrapper : Found @SpringBootConfiguration org.example.reservation.ReservationApplication for test class org.example.reservation.BaselineV01VerificationTest$Op03Confirm
Hibernate: select r1_0.id,r1_0.approval_deadline,r1_0.cancelled_at,r1_0.court_id,r1_0.created_at,r1_0.decided_at,r1_0.decided_by_id,r1_0.decision_reason,r1_0.end_time,r1_0.start_time,r1_0.state,r1_0.user_id from reservation r1_0
Hibernate: select c1_0.id,c1_0.active,c1_0.closing_time,c1_0.location,c1_0.name,c1_0.opening_time,c1_0.requires_approval,c1_0.type from court c1_0 where c1_0.id=?
Hibernate: select au1_0.id,au1_0.email,au1_0.full_name,au1_0.role from app_user au1_0 where au1_0.id=?
Hibernate: delete from reservation where id=?
Hibernate: insert into court (active,closing_time,location,name,opening_time,requires_approval,type,id) values (?,?,?,?,?,?,?,default)
Hibernate: insert into court (active,closing_time,location,name,opening_time,requires_approval,type,id) values (?,?,?,?,?,?,?,default)
Hibernate: insert into app_user (email,full_name,role,id) values (?,?,?,default)
Hibernate: insert into app_user (email,full_name,role,id) values (?,?,?,default)
Hibernate: insert into app_user (email,full_name,role,id) values (?,?,?,default)
Hibernate: select au1_0.id,au1_0.email,au1_0.full_name,au1_0.role from app_user au1_0 where au1_0.id=?
Hibernate: select c1_0.id,c1_0.active,c1_0.closing_time,c1_0.location,c1_0.name,c1_0.opening_time,c1_0.requires_approval,c1_0.type from court c1_0 where c1_0.id=?
Hibernate: insert into reservation (approval_deadline,cancelled_at,court_id,created_at,decided_at,decided_by_id,decision_reason,end_time,start_time,state,user_id,id) values (?,?,?,?,?,?,?,?,?,?,?,default)
Hibernate: select au1_0.id,au1_0.email,au1_0.full_name,au1_0.role from app_user au1_0 where au1_0.id=?
Hibernate: select r1_0.id,r1_0.approval_deadline,r1_0.cancelled_at,r1_0.court_id,c1_0.id,c1_0.active,c1_0.closing_time,c1_0.location,c1_0.name,c1_0.opening_time,c1_0.requires_approval,c1_0.type,r1_0.created_at,r1_0.decided_at,db1_0.id,db1_0.email,db1_0.full_name,db1_0.role,r1_0.decision_reason,r1_0.end_time,r1_0.start_time,r1_0.state,r1_0.user_id,u1_0.id,u1_0.email,u1_0.full_name,u1_0.role from reservation r1_0 join court c1_0 on c1_0.id=r1_0.court_id left join app_user db1_0 on db1_0.id=r1_0.decided_by_id join app_user u1_0 on u1_0.id=r1_0.user_id where r1_0.id=?
Hibernate: select c1_0.id,c1_0.active,c1_0.closing_time,c1_0.location,c1_0.name,c1_0.opening_time,c1_0.requires_approval,c1_0.type from court c1_0 where c1_0.id=? for update
Hibernate: select r1_0.id,r1_0.approval_deadline,r1_0.cancelled_at,r1_0.court_id,r1_0.created_at,r1_0.decided_at,r1_0.decided_by_id,r1_0.decision_reason,r1_0.end_time,r1_0.start_time,r1_0.state,r1_0.user_id from reservation r1_0 where r1_0.court_id=? and r1_0.state in (?) and r1_0.start_time<? and ?<r1_0.end_time
2026-09-28T14:05:02.593+02:00  INFO 9452 --- [           main] o.e.r.s.LoggingNotificationService       : NOTIFY owner alice+610979120812200@example.com: reservation 9 for court 'Court 1' is CONFIRMED
Hibernate: update reservation set approval_deadline=?,cancelled_at=?,court_id=?,decided_at=?,decided_by_id=?,decision_reason=?,end_time=?,start_time=?,state=?,user_id=? where id=?
Hibernate: select c1_0.id,c1_0.active,c1_0.closing_time,c1_0.location,c1_0.name,c1_0.opening_time,c1_0.requires_approval,c1_0.type from court c1_0 where c1_0.id=?
Hibernate: select r1_0.id,r1_0.approval_deadline,r1_0.cancelled_at,r1_0.court_id,r1_0.created_at,r1_0.decided_at,r1_0.decided_by_id,r1_0.decision_reason,r1_0.end_time,r1_0.start_time,r1_0.state,r1_0.user_id from reservation r1_0 where r1_0.court_id=? and r1_0.state in (?) and r1_0.start_time<? and ?<r1_0.end_time
Hibernate: select r1_0.id,r1_0.approval_deadline,r1_0.cancelled_at,r1_0.court_id,r1_0.created_at,r1_0.decided_at,r1_0.decided_by_id,r1_0.decision_reason,r1_0.end_time,r1_0.start_time,r1_0.state,r1_0.user_id from reservation r1_0 where r1_0.court_id=? and r1_0.state in (?) and r1_0.start_time<? and ?<r1_0.end_time
Hibernate: select au1_0.id,au1_0.email,au1_0.full_name,au1_0.role from app_user au1_0 where au1_0.id=?
Hibernate: select r1_0.id,r1_0.approval_deadline,r1_0.cancelled_at,r1_0.court_id,r1_0.created_at,r1_0.decided_at,r1_0.decided_by_id,r1_0.decision_reason,r1_0.end_time,r1_0.start_time,r1_0.state,r1_0.user_id from reservation r1_0
Hibernate: select c1_0.id,c1_0.active,c1_0.closing_time,c1_0.location,c1_0.name,c1_0.opening_time,c1_0.requires_approval,c1_0.type from court c1_0 where c1_0.id=?
Hibernate: select au1_0.id,au1_0.email,au1_0.full_name,au1_0.role from app_user au1_0 where au1_0.id=?
Hibernate: delete from reservation where id=?
Hibernate: insert into court (active,closing_time,location,name,opening_time,requires_approval,type,id) values (?,?,?,?,?,?,?,default)
Hibernate: insert into court (active,closing_time,location,name,opening_time,requires_approval,type,id) values (?,?,?,?,?,?,?,default)
Hibernate: insert into app_user (email,full_name,role,id) values (?,?,?,default)
Hibernate: insert into app_user (email,full_name,role,id) values (?,?,?,default)
Hibernate: insert into app_user (email,full_name,role,id) values (?,?,?,default)
Hibernate: select au1_0.id,au1_0.email,au1_0.full_name,au1_0.role from app_user au1_0 where au1_0.id=?
Hibernate: select c1_0.id,c1_0.active,c1_0.closing_time,c1_0.location,c1_0.name,c1_0.opening_time,c1_0.requires_approval,c1_0.type from court c1_0 where c1_0.id=?
Hibernate: insert into reservation (approval_deadline,cancelled_at,court_id,created_at,decided_at,decided_by_id,decision_reason,end_time,start_time,state,user_id,id) values (?,?,?,?,?,?,?,?,?,?,?,default)
Hibernate: select au1_0.id,au1_0.email,au1_0.full_name,au1_0.role from app_user au1_0 where au1_0.id=?
Hibernate: select r1_0.id,r1_0.approval_deadline,r1_0.cancelled_at,r1_0.court_id,c1_0.id,c1_0.active,c1_0.closing_time,c1_0.location,c1_0.name,c1_0.opening_time,c1_0.requires_approval,c1_0.type,r1_0.created_at,r1_0.decided_at,db1_0.id,db1_0.email,db1_0.full_name,db1_0.role,r1_0.decision_reason,r1_0.end_time,r1_0.start_time,r1_0.state,r1_0.user_id,u1_0.id,u1_0.email,u1_0.full_name,u1_0.role from reservation r1_0 join court c1_0 on c1_0.id=r1_0.court_id left join app_user db1_0 on db1_0.id=r1_0.decided_by_id join app_user u1_0 on u1_0.id=r1_0.user_id where r1_0.id=?
Hibernate: select c1_0.id,c1_0.active,c1_0.closing_time,c1_0.location,c1_0.name,c1_0.opening_time,c1_0.requires_approval,c1_0.type from court c1_0 where c1_0.id=? for update
Hibernate: select r1_0.id,r1_0.approval_deadline,r1_0.cancelled_at,r1_0.court_id,r1_0.created_at,r1_0.decided_at,r1_0.decided_by_id,r1_0.decision_reason,r1_0.end_time,r1_0.start_time,r1_0.state,r1_0.user_id from reservation r1_0 where r1_0.court_id=? and r1_0.state in (?) and r1_0.start_time<? and ?<r1_0.end_time
2026-09-28T14:05:02.635+02:00  INFO 9452 --- [           main] o.e.r.s.LoggingNotificationService       : NOTIFY owner alice+610979160824500@example.com: reservation 10 for court 'Court 1' is CONFIRMED
Hibernate: update reservation set approval_deadline=?,cancelled_at=?,court_id=?,decided_at=?,decided_by_id=?,decision_reason=?,end_time=?,start_time=?,state=?,user_id=? where id=?
Hibernate: select au1_0.id,au1_0.email,au1_0.full_name,au1_0.role from app_user au1_0 where au1_0.id=?
Hibernate: select c1_0.id,c1_0.active,c1_0.closing_time,c1_0.location,c1_0.name,c1_0.opening_time,c1_0.requires_approval,c1_0.type from court c1_0 where c1_0.id=?
Hibernate: insert into reservation (approval_deadline,cancelled_at,court_id,created_at,decided_at,decided_by_id,decision_reason,end_time,start_time,state,user_id,id) values (?,?,?,?,?,?,?,?,?,?,?,default)
Hibernate: select au1_0.id,au1_0.email,au1_0.full_name,au1_0.role from app_user au1_0 where au1_0.id=?
Hibernate: select r1_0.id,r1_0.approval_deadline,r1_0.cancelled_at,r1_0.court_id,c1_0.id,c1_0.active,c1_0.closing_time,c1_0.location,c1_0.name,c1_0.opening_time,c1_0.requires_approval,c1_0.type,r1_0.created_at,r1_0.decided_at,db1_0.id,db1_0.email,db1_0.full_name,db1_0.role,r1_0.decision_reason,r1_0.end_time,r1_0.start_time,r1_0.state,r1_0.user_id,u1_0.id,u1_0.email,u1_0.full_name,u1_0.role from reservation r1_0 join court c1_0 on c1_0.id=r1_0.court_id left join app_user db1_0 on db1_0.id=r1_0.decided_by_id join app_user u1_0 on u1_0.id=r1_0.user_id where r1_0.id=?
Hibernate: select c1_0.id,c1_0.active,c1_0.closing_time,c1_0.location,c1_0.name,c1_0.opening_time,c1_0.requires_approval,c1_0.type from court c1_0 where c1_0.id=? for update
Hibernate: select r1_0.id,r1_0.approval_deadline,r1_0.cancelled_at,r1_0.court_id,r1_0.created_at,r1_0.decided_at,r1_0.decided_by_id,r1_0.decision_reason,r1_0.end_time,r1_0.start_time,r1_0.state,r1_0.user_id from reservation r1_0 where r1_0.court_id=? and r1_0.state in (?) and r1_0.start_time<? and ?<r1_0.end_time
Hibernate: select au1_0.id,au1_0.email,au1_0.full_name,au1_0.role from app_user au1_0 where au1_0.id=?
Hibernate: select r1_0.id,r1_0.approval_deadline,r1_0.cancelled_at,r1_0.court_id,c1_0.id,c1_0.active,c1_0.closing_time,c1_0.location,c1_0.name,c1_0.opening_time,c1_0.requires_approval,c1_0.type,r1_0.created_at,r1_0.decided_at,db1_0.id,db1_0.email,db1_0.full_name,db1_0.role,r1_0.decision_reason,r1_0.end_time,r1_0.start_time,r1_0.state,r1_0.user_id,u1_0.id,u1_0.email,u1_0.full_name,u1_0.role from reservation r1_0 join court c1_0 on c1_0.id=r1_0.court_id left join app_user db1_0 on db1_0.id=r1_0.decided_by_id join app_user u1_0 on u1_0.id=r1_0.user_id where r1_0.id=?
Hibernate: select r1_0.id,r1_0.approval_deadline,r1_0.cancelled_at,r1_0.court_id,r1_0.created_at,r1_0.decided_at,r1_0.decided_by_id,r1_0.decision_reason,r1_0.end_time,r1_0.start_time,r1_0.state,r1_0.user_id from reservation r1_0
Hibernate: select c1_0.id,c1_0.active,c1_0.closing_time,c1_0.location,c1_0.name,c1_0.opening_time,c1_0.requires_approval,c1_0.type from court c1_0 where c1_0.id=?
Hibernate: select au1_0.id,au1_0.email,au1_0.full_name,au1_0.role from app_user au1_0 where au1_0.id=?
Hibernate: select au1_0.id,au1_0.email,au1_0.full_name,au1_0.role from app_user au1_0 where au1_0.id=?
Hibernate: delete from reservation where id=?
Hibernate: delete from reservation where id=?
Hibernate: insert into court (active,closing_time,location,name,opening_time,requires_approval,type,id) values (?,?,?,?,?,?,?,default)
Hibernate: insert into court (active,closing_time,location,name,opening_time,requires_approval,type,id) values (?,?,?,?,?,?,?,default)
Hibernate: insert into app_user (email,full_name,role,id) values (?,?,?,default)
Hibernate: insert into app_user (email,full_name,role,id) values (?,?,?,default)
Hibernate: insert into app_user (email,full_name,role,id) values (?,?,?,default)
Hibernate: select au1_0.id,au1_0.email,au1_0.full_name,au1_0.role from app_user au1_0 where au1_0.id=?
Hibernate: select c1_0.id,c1_0.active,c1_0.closing_time,c1_0.location,c1_0.name,c1_0.opening_time,c1_0.requires_approval,c1_0.type from court c1_0 where c1_0.id=?
Hibernate: insert into reservation (approval_deadline,cancelled_at,court_id,created_at,decided_at,decided_by_id,decision_reason,end_time,start_time,state,user_id,id) values (?,?,?,?,?,?,?,?,?,?,?,default)
Hibernate: select au1_0.id,au1_0.email,au1_0.full_name,au1_0.role from app_user au1_0 where au1_0.id=?
Hibernate: select r1_0.id,r1_0.approval_deadline,r1_0.cancelled_at,r1_0.court_id,c1_0.id,c1_0.active,c1_0.closing_time,c1_0.location,c1_0.name,c1_0.opening_time,c1_0.requires_approval,c1_0.type,r1_0.created_at,r1_0.decided_at,db1_0.id,db1_0.email,db1_0.full_name,db1_0.role,r1_0.decision_reason,r1_0.end_time,r1_0.start_time,r1_0.state,r1_0.user_id,u1_0.id,u1_0.email,u1_0.full_name,u1_0.role from reservation r1_0 join court c1_0 on c1_0.id=r1_0.court_id left join app_user db1_0 on db1_0.id=r1_0.decided_by_id join app_user u1_0 on u1_0.id=r1_0.user_id where r1_0.id=?
Hibernate: select c1_0.id,c1_0.active,c1_0.closing_time,c1_0.location,c1_0.name,c1_0.opening_time,c1_0.requires_approval,c1_0.type from court c1_0 where c1_0.id=? for update
Hibernate: select r1_0.id,r1_0.approval_deadline,r1_0.cancelled_at,r1_0.court_id,r1_0.created_at,r1_0.decided_at,r1_0.decided_by_id,r1_0.decision_reason,r1_0.end_time,r1_0.start_time,r1_0.state,r1_0.user_id from reservation r1_0 where r1_0.court_id=? and r1_0.state in (?) and r1_0.start_time<? and ?<r1_0.end_time
2026-09-28T14:05:02.741+02:00  INFO 9452 --- [           main] o.e.r.s.LoggingNotificationService       : NOTIFY owner alice+610979261961800@example.com: reservation 12 for court 'Court 1' is CONFIRMED
Hibernate: update reservation set approval_deadline=?,cancelled_at=?,court_id=?,decided_at=?,decided_by_id=?,decision_reason=?,end_time=?,start_time=?,state=?,user_id=? where id=?
Hibernate: select au1_0.id,au1_0.email,au1_0.full_name,au1_0.role from app_user au1_0 where au1_0.id=?
Hibernate: select c1_0.id,c1_0.active,c1_0.closing_time,c1_0.location,c1_0.name,c1_0.opening_time,c1_0.requires_approval,c1_0.type from court c1_0 where c1_0.id=?
Hibernate: insert into reservation (approval_deadline,cancelled_at,court_id,created_at,decided_at,decided_by_id,decision_reason,end_time,start_time,state,user_id,id) values (?,?,?,?,?,?,?,?,?,?,?,default)
Hibernate: select au1_0.id,au1_0.email,au1_0.full_name,au1_0.role from app_user au1_0 where au1_0.id=?
Hibernate: select r1_0.id,r1_0.approval_deadline,r1_0.cancelled_at,r1_0.court_id,c1_0.id,c1_0.active,c1_0.closing_time,c1_0.location,c1_0.name,c1_0.opening_time,c1_0.requires_approval,c1_0.type,r1_0.created_at,r1_0.decided_at,db1_0.id,db1_0.email,db1_0.full_name,db1_0.role,r1_0.decision_reason,r1_0.end_time,r1_0.start_time,r1_0.state,r1_0.user_id,u1_0.id,u1_0.email,u1_0.full_name,u1_0.role from reservation r1_0 join court c1_0 on c1_0.id=r1_0.court_id left join app_user db1_0 on db1_0.id=r1_0.decided_by_id join app_user u1_0 on u1_0.id=r1_0.user_id where r1_0.id=?
Hibernate: select c1_0.id,c1_0.active,c1_0.closing_time,c1_0.location,c1_0.name,c1_0.opening_time,c1_0.requires_approval,c1_0.type from court c1_0 where c1_0.id=? for update
Hibernate: select r1_0.id,r1_0.approval_deadline,r1_0.cancelled_at,r1_0.court_id,r1_0.created_at,r1_0.decided_at,r1_0.decided_by_id,r1_0.decision_reason,r1_0.end_time,r1_0.start_time,r1_0.state,r1_0.user_id from reservation r1_0 where r1_0.court_id=? and r1_0.state in (?) and r1_0.start_time<? and ?<r1_0.end_time
2026-09-28T14:05:02.750+02:00  INFO 9452 --- [           main] o.e.r.s.LoggingNotificationService       : NOTIFY owner alice+610979261961800@example.com: reservation 13 for court 'Court 1' is CONFIRMED
Hibernate: update reservation set approval_deadline=?,cancelled_at=?,court_id=?,decided_at=?,decided_by_id=?,decision_reason=?,end_time=?,start_time=?,state=?,user_id=? where id=?
Hibernate: select r1_0.id,r1_0.approval_deadline,r1_0.cancelled_at,r1_0.court_id,r1_0.created_at,r1_0.decided_at,r1_0.decided_by_id,r1_0.decision_reason,r1_0.end_time,r1_0.start_time,r1_0.state,r1_0.user_id from reservation r1_0
Hibernate: select c1_0.id,c1_0.active,c1_0.closing_time,c1_0.location,c1_0.name,c1_0.opening_time,c1_0.requires_approval,c1_0.type from court c1_0 where c1_0.id=?
Hibernate: select au1_0.id,au1_0.email,au1_0.full_name,au1_0.role from app_user au1_0 where au1_0.id=?
Hibernate: delete from reservation where id=?
Hibernate: delete from reservation where id=?
Hibernate: insert into court (active,closing_time,location,name,opening_time,requires_approval,type,id) values (?,?,?,?,?,?,?,default)
Hibernate: insert into court (active,closing_time,location,name,opening_time,requires_approval,type,id) values (?,?,?,?,?,?,?,default)
Hibernate: insert into app_user (email,full_name,role,id) values (?,?,?,default)
Hibernate: insert into app_user (email,full_name,role,id) values (?,?,?,default)
Hibernate: insert into app_user (email,full_name,role,id) values (?,?,?,default)
Hibernate: select au1_0.id,au1_0.email,au1_0.full_name,au1_0.role from app_user au1_0 where au1_0.id=?
Hibernate: select c1_0.id,c1_0.active,c1_0.closing_time,c1_0.location,c1_0.name,c1_0.opening_time,c1_0.requires_approval,c1_0.type from court c1_0 where c1_0.id=?
Hibernate: insert into reservation (approval_deadline,cancelled_at,court_id,created_at,decided_at,decided_by_id,decision_reason,end_time,start_time,state,user_id,id) values (?,?,?,?,?,?,?,?,?,?,?,default)
Hibernate: select au1_0.id,au1_0.email,au1_0.full_name,au1_0.role from app_user au1_0 where au1_0.id=?
Hibernate: select r1_0.id,r1_0.approval_deadline,r1_0.cancelled_at,r1_0.court_id,c1_0.id,c1_0.active,c1_0.closing_time,c1_0.location,c1_0.name,c1_0.opening_time,c1_0.requires_approval,c1_0.type,r1_0.created_at,r1_0.decided_at,db1_0.id,db1_0.email,db1_0.full_name,db1_0.role,r1_0.decision_reason,r1_0.end_time,r1_0.start_time,r1_0.state,r1_0.user_id,u1_0.id,u1_0.email,u1_0.full_name,u1_0.role from reservation r1_0 join court c1_0 on c1_0.id=r1_0.court_id left join app_user db1_0 on db1_0.id=r1_0.decided_by_id join app_user u1_0 on u1_0.id=r1_0.user_id where r1_0.id=?
Hibernate: select c1_0.id,c1_0.active,c1_0.closing_time,c1_0.location,c1_0.name,c1_0.opening_time,c1_0.requires_approval,c1_0.type from court c1_0 where c1_0.id=? for update
Hibernate: select r1_0.id,r1_0.approval_deadline,r1_0.cancelled_at,r1_0.court_id,c1_0.id,c1_0.active,c1_0.closing_time,c1_0.location,c1_0.name,c1_0.opening_time,c1_0.requires_approval,c1_0.type,r1_0.created_at,r1_0.decided_at,db1_0.id,db1_0.email,db1_0.full_name,db1_0.role,r1_0.decision_reason,r1_0.end_time,r1_0.start_time,r1_0.state,r1_0.user_id,u1_0.id,u1_0.email,u1_0.full_name,u1_0.role from reservation r1_0 join court c1_0 on c1_0.id=r1_0.court_id left join app_user db1_0 on db1_0.id=r1_0.decided_by_id join app_user u1_0 on u1_0.id=r1_0.user_id where r1_0.id=?
Hibernate: select r1_0.id,r1_0.approval_deadline,r1_0.cancelled_at,r1_0.court_id,r1_0.created_at,r1_0.decided_at,r1_0.decided_by_id,r1_0.decision_reason,r1_0.end_time,r1_0.start_time,r1_0.state,r1_0.user_id from reservation r1_0
Hibernate: select c1_0.id,c1_0.active,c1_0.closing_time,c1_0.location,c1_0.name,c1_0.opening_time,c1_0.requires_approval,c1_0.type from court c1_0 where c1_0.id=?
Hibernate: select au1_0.id,au1_0.email,au1_0.full_name,au1_0.role from app_user au1_0 where au1_0.id=?
Hibernate: delete from reservation where id=?
Hibernate: insert into court (active,closing_time,location,name,opening_time,requires_approval,type,id) values (?,?,?,?,?,?,?,default)
Hibernate: insert into court (active,closing_time,location,name,opening_time,requires_approval,type,id) values (?,?,?,?,?,?,?,default)
Hibernate: insert into app_user (email,full_name,role,id) values (?,?,?,default)
Hibernate: insert into app_user (email,full_name,role,id) values (?,?,?,default)
Hibernate: insert into app_user (email,full_name,role,id) values (?,?,?,default)
Hibernate: select au1_0.id,au1_0.email,au1_0.full_name,au1_0.role from app_user au1_0 where au1_0.id=?
Hibernate: select c1_0.id,c1_0.active,c1_0.closing_time,c1_0.location,c1_0.name,c1_0.opening_time,c1_0.requires_approval,c1_0.type from court c1_0 where c1_0.id=?
Hibernate: insert into reservation (approval_deadline,cancelled_at,court_id,created_at,decided_at,decided_by_id,decision_reason,end_time,start_time,state,user_id,id) values (?,?,?,?,?,?,?,?,?,?,?,default)
Hibernate: select c1_0.id,c1_0.active,c1_0.closing_time,c1_0.location,c1_0.name,c1_0.opening_time,c1_0.requires_approval,c1_0.type from court c1_0 where c1_0.id=?
Hibernate: select c1_0.id,c1_0.active,c1_0.closing_time,c1_0.location,c1_0.name,c1_0.opening_time,c1_0.requires_approval,c1_0.type from court c1_0 where c1_0.id=?
Hibernate: update court set active=?,closing_time=?,location=?,name=?,opening_time=?,requires_approval=?,type=? where id=?
Hibernate: select au1_0.id,au1_0.email,au1_0.full_name,au1_0.role from app_user au1_0 where au1_0.id=?
Hibernate: select r1_0.id,r1_0.approval_deadline,r1_0.cancelled_at,r1_0.court_id,c1_0.id,c1_0.active,c1_0.closing_time,c1_0.location,c1_0.name,c1_0.opening_time,c1_0.requires_approval,c1_0.type,r1_0.created_at,r1_0.decided_at,db1_0.id,db1_0.email,db1_0.full_name,db1_0.role,r1_0.decision_reason,r1_0.end_time,r1_0.start_time,r1_0.state,r1_0.user_id,u1_0.id,u1_0.email,u1_0.full_name,u1_0.role from reservation r1_0 join court c1_0 on c1_0.id=r1_0.court_id left join app_user db1_0 on db1_0.id=r1_0.decided_by_id join app_user u1_0 on u1_0.id=r1_0.user_id where r1_0.id=?
Hibernate: select c1_0.id,c1_0.active,c1_0.closing_time,c1_0.location,c1_0.name,c1_0.opening_time,c1_0.requires_approval,c1_0.type from court c1_0 where c1_0.id=? for update
Hibernate: select r1_0.id,r1_0.approval_deadline,r1_0.cancelled_at,r1_0.court_id,c1_0.id,c1_0.active,c1_0.closing_time,c1_0.location,c1_0.name,c1_0.opening_time,c1_0.requires_approval,c1_0.type,r1_0.created_at,r1_0.decided_at,db1_0.id,db1_0.email,db1_0.full_name,db1_0.role,r1_0.decision_reason,r1_0.end_time,r1_0.start_time,r1_0.state,r1_0.user_id,u1_0.id,u1_0.email,u1_0.full_name,u1_0.role from reservation r1_0 join court c1_0 on c1_0.id=r1_0.court_id left join app_user db1_0 on db1_0.id=r1_0.decided_by_id join app_user u1_0 on u1_0.id=r1_0.user_id where r1_0.id=?
Hibernate: select r1_0.id,r1_0.approval_deadline,r1_0.cancelled_at,r1_0.court_id,r1_0.created_at,r1_0.decided_at,r1_0.decided_by_id,r1_0.decision_reason,r1_0.end_time,r1_0.start_time,r1_0.state,r1_0.user_id from reservation r1_0
Hibernate: select c1_0.id,c1_0.active,c1_0.closing_time,c1_0.location,c1_0.name,c1_0.opening_time,c1_0.requires_approval,c1_0.type from court c1_0 where c1_0.id=?
Hibernate: select au1_0.id,au1_0.email,au1_0.full_name,au1_0.role from app_user au1_0 where au1_0.id=?
Hibernate: delete from reservation where id=?
Hibernate: insert into court (active,closing_time,location,name,opening_time,requires_approval,type,id) values (?,?,?,?,?,?,?,default)
Hibernate: insert into court (active,closing_time,location,name,opening_time,requires_approval,type,id) values (?,?,?,?,?,?,?,default)
Hibernate: insert into app_user (email,full_name,role,id) values (?,?,?,default)
Hibernate: insert into app_user (email,full_name,role,id) values (?,?,?,default)
Hibernate: insert into app_user (email,full_name,role,id) values (?,?,?,default)
Hibernate: select au1_0.id,au1_0.email,au1_0.full_name,au1_0.role from app_user au1_0 where au1_0.id=?
Hibernate: select c1_0.id,c1_0.active,c1_0.closing_time,c1_0.location,c1_0.name,c1_0.opening_time,c1_0.requires_approval,c1_0.type from court c1_0 where c1_0.id=?
Hibernate: insert into reservation (approval_deadline,cancelled_at,court_id,created_at,decided_at,decided_by_id,decision_reason,end_time,start_time,state,user_id,id) values (?,?,?,?,?,?,?,?,?,?,?,default)
Hibernate: select au1_0.id,au1_0.email,au1_0.full_name,au1_0.role from app_user au1_0 where au1_0.id=?
Hibernate: select r1_0.id,r1_0.approval_deadline,r1_0.cancelled_at,r1_0.court_id,c1_0.id,c1_0.active,c1_0.closing_time,c1_0.location,c1_0.name,c1_0.opening_time,c1_0.requires_approval,c1_0.type,r1_0.created_at,r1_0.decided_at,db1_0.id,db1_0.email,db1_0.full_name,db1_0.role,r1_0.decision_reason,r1_0.end_time,r1_0.start_time,r1_0.state,r1_0.user_id,u1_0.id,u1_0.email,u1_0.full_name,u1_0.role from reservation r1_0 join court c1_0 on c1_0.id=r1_0.court_id left join app_user db1_0 on db1_0.id=r1_0.decided_by_id join app_user u1_0 on u1_0.id=r1_0.user_id where r1_0.id=?
Hibernate: select c1_0.id,c1_0.active,c1_0.closing_time,c1_0.location,c1_0.name,c1_0.opening_time,c1_0.requires_approval,c1_0.type from court c1_0 where c1_0.id=? for update
Hibernate: select r1_0.id,r1_0.approval_deadline,r1_0.cancelled_at,r1_0.court_id,r1_0.created_at,r1_0.decided_at,r1_0.decided_by_id,r1_0.decision_reason,r1_0.end_time,r1_0.start_time,r1_0.state,r1_0.user_id from reservation r1_0 where r1_0.court_id=? and r1_0.state in (?) and r1_0.start_time<? and ?<r1_0.end_time
2026-09-28T14:05:02.871+02:00  INFO 9452 --- [           main] o.e.r.s.LoggingNotificationService       : NOTIFY owner alice+610979399472200@example.com: reservation 16 for court 'Court 1' is CONFIRMED
Hibernate: update reservation set approval_deadline=?,cancelled_at=?,court_id=?,decided_at=?,decided_by_id=?,decision_reason=?,end_time=?,start_time=?,state=?,user_id=? where id=?
Hibernate: select au1_0.id,au1_0.email,au1_0.full_name,au1_0.role from app_user au1_0 where au1_0.id=?
Hibernate: select r1_0.id,r1_0.approval_deadline,r1_0.cancelled_at,r1_0.court_id,c1_0.id,c1_0.active,c1_0.closing_time,c1_0.location,c1_0.name,c1_0.opening_time,c1_0.requires_approval,c1_0.type,r1_0.created_at,r1_0.decided_at,db1_0.id,db1_0.email,db1_0.full_name,db1_0.role,r1_0.decision_reason,r1_0.end_time,r1_0.start_time,r1_0.state,r1_0.user_id,u1_0.id,u1_0.email,u1_0.full_name,u1_0.role from reservation r1_0 join court c1_0 on c1_0.id=r1_0.court_id left join app_user db1_0 on db1_0.id=r1_0.decided_by_id join app_user u1_0 on u1_0.id=r1_0.user_id where r1_0.id=?
Hibernate: select c1_0.id,c1_0.active,c1_0.closing_time,c1_0.location,c1_0.name,c1_0.opening_time,c1_0.requires_approval,c1_0.type from court c1_0 where c1_0.id=? for update
Hibernate: select r1_0.id,r1_0.approval_deadline,r1_0.cancelled_at,r1_0.court_id,r1_0.created_at,r1_0.decided_at,r1_0.decided_by_id,r1_0.decision_reason,r1_0.end_time,r1_0.start_time,r1_0.state,r1_0.user_id from reservation r1_0
Hibernate: select c1_0.id,c1_0.active,c1_0.closing_time,c1_0.location,c1_0.name,c1_0.opening_time,c1_0.requires_approval,c1_0.type from court c1_0 where c1_0.id=?
Hibernate: select au1_0.id,au1_0.email,au1_0.full_name,au1_0.role from app_user au1_0 where au1_0.id=?
Hibernate: delete from reservation where id=?
Hibernate: insert into court (active,closing_time,location,name,opening_time,requires_approval,type,id) values (?,?,?,?,?,?,?,default)
Hibernate: insert into court (active,closing_time,location,name,opening_time,requires_approval,type,id) values (?,?,?,?,?,?,?,default)
Hibernate: insert into app_user (email,full_name,role,id) values (?,?,?,default)
Hibernate: insert into app_user (email,full_name,role,id) values (?,?,?,default)
Hibernate: insert into app_user (email,full_name,role,id) values (?,?,?,default)
Hibernate: select au1_0.id,au1_0.email,au1_0.full_name,au1_0.role from app_user au1_0 where au1_0.id=?
Hibernate: select c1_0.id,c1_0.active,c1_0.closing_time,c1_0.location,c1_0.name,c1_0.opening_time,c1_0.requires_approval,c1_0.type from court c1_0 where c1_0.id=?
Hibernate: insert into reservation (approval_deadline,cancelled_at,court_id,created_at,decided_at,decided_by_id,decision_reason,end_time,start_time,state,user_id,id) values (?,?,?,?,?,?,?,?,?,?,?,default)
Hibernate: select au1_0.id,au1_0.email,au1_0.full_name,au1_0.role from app_user au1_0 where au1_0.id=?
Hibernate: select r1_0.id,r1_0.approval_deadline,r1_0.cancelled_at,r1_0.court_id,c1_0.id,c1_0.active,c1_0.closing_time,c1_0.location,c1_0.name,c1_0.opening_time,c1_0.requires_approval,c1_0.type,r1_0.created_at,r1_0.decided_at,db1_0.id,db1_0.email,db1_0.full_name,db1_0.role,r1_0.decision_reason,r1_0.end_time,r1_0.start_time,r1_0.state,r1_0.user_id,u1_0.id,u1_0.email,u1_0.full_name,u1_0.role from reservation r1_0 join court c1_0 on c1_0.id=r1_0.court_id left join app_user db1_0 on db1_0.id=r1_0.decided_by_id join app_user u1_0 on u1_0.id=r1_0.user_id where r1_0.id=?
Hibernate: update reservation set approval_deadline=?,cancelled_at=?,court_id=?,decided_at=?,decided_by_id=?,decision_reason=?,end_time=?,start_time=?,state=?,user_id=? where id=?
Hibernate: select au1_0.id,au1_0.email,au1_0.full_name,au1_0.role from app_user au1_0 where au1_0.id=?
Hibernate: select r1_0.id,r1_0.approval_deadline,r1_0.cancelled_at,r1_0.court_id,c1_0.id,c1_0.active,c1_0.closing_time,c1_0.location,c1_0.name,c1_0.opening_time,c1_0.requires_approval,c1_0.type,r1_0.created_at,r1_0.decided_at,db1_0.id,db1_0.email,db1_0.full_name,db1_0.role,r1_0.decision_reason,r1_0.end_time,r1_0.start_time,r1_0.state,r1_0.user_id,u1_0.id,u1_0.email,u1_0.full_name,u1_0.role from reservation r1_0 join court c1_0 on c1_0.id=r1_0.court_id left join app_user db1_0 on db1_0.id=r1_0.decided_by_id join app_user u1_0 on u1_0.id=r1_0.user_id where r1_0.id=?
Hibernate: select c1_0.id,c1_0.active,c1_0.closing_time,c1_0.location,c1_0.name,c1_0.opening_time,c1_0.requires_approval,c1_0.type from court c1_0 where c1_0.id=? for update
Hibernate: select r1_0.id,r1_0.approval_deadline,r1_0.cancelled_at,r1_0.court_id,c1_0.id,c1_0.active,c1_0.closing_time,c1_0.location,c1_0.name,c1_0.opening_time,c1_0.requires_approval,c1_0.type,r1_0.created_at,r1_0.decided_at,db1_0.id,db1_0.email,db1_0.full_name,db1_0.role,r1_0.decision_reason,r1_0.end_time,r1_0.start_time,r1_0.state,r1_0.user_id,u1_0.id,u1_0.email,u1_0.full_name,u1_0.role from reservation r1_0 join court c1_0 on c1_0.id=r1_0.court_id left join app_user db1_0 on db1_0.id=r1_0.decided_by_id join app_user u1_0 on u1_0.id=r1_0.user_id where r1_0.id=?
Hibernate: select r1_0.id,r1_0.approval_deadline,r1_0.cancelled_at,r1_0.court_id,r1_0.created_at,r1_0.decided_at,r1_0.decided_by_id,r1_0.decision_reason,r1_0.end_time,r1_0.start_time,r1_0.state,r1_0.user_id from reservation r1_0
Hibernate: select c1_0.id,c1_0.active,c1_0.closing_time,c1_0.location,c1_0.name,c1_0.opening_time,c1_0.requires_approval,c1_0.type from court c1_0 where c1_0.id=?
Hibernate: select au1_0.id,au1_0.email,au1_0.full_name,au1_0.role from app_user au1_0 where au1_0.id=?
Hibernate: delete from reservation where id=?
Hibernate: insert into court (active,closing_time,location,name,opening_time,requires_approval,type,id) values (?,?,?,?,?,?,?,default)
Hibernate: insert into court (active,closing_time,location,name,opening_time,requires_approval,type,id) values (?,?,?,?,?,?,?,default)
Hibernate: insert into app_user (email,full_name,role,id) values (?,?,?,default)
Hibernate: insert into app_user (email,full_name,role,id) values (?,?,?,default)
Hibernate: insert into app_user (email,full_name,role,id) values (?,?,?,default)
Hibernate: select au1_0.id,au1_0.email,au1_0.full_name,au1_0.role from app_user au1_0 where au1_0.id=?
Hibernate: select c1_0.id,c1_0.active,c1_0.closing_time,c1_0.location,c1_0.name,c1_0.opening_time,c1_0.requires_approval,c1_0.type from court c1_0 where c1_0.id=?
Hibernate: insert into reservation (approval_deadline,cancelled_at,court_id,created_at,decided_at,decided_by_id,decision_reason,end_time,start_time,state,user_id,id) values (?,?,?,?,?,?,?,?,?,?,?,default)
Hibernate: select au1_0.id,au1_0.email,au1_0.full_name,au1_0.role from app_user au1_0 where au1_0.id=?
Hibernate: select r1_0.id,r1_0.approval_deadline,r1_0.cancelled_at,r1_0.court_id,c1_0.id,c1_0.active,c1_0.closing_time,c1_0.location,c1_0.name,c1_0.opening_time,c1_0.requires_approval,c1_0.type,r1_0.created_at,r1_0.decided_at,db1_0.id,db1_0.email,db1_0.full_name,db1_0.role,r1_0.decision_reason,r1_0.end_time,r1_0.start_time,r1_0.state,r1_0.user_id,u1_0.id,u1_0.email,u1_0.full_name,u1_0.role from reservation r1_0 join court c1_0 on c1_0.id=r1_0.court_id left join app_user db1_0 on db1_0.id=r1_0.decided_by_id join app_user u1_0 on u1_0.id=r1_0.user_id where r1_0.id=?
Hibernate: select r1_0.id,r1_0.approval_deadline,r1_0.cancelled_at,r1_0.court_id,c1_0.id,c1_0.active,c1_0.closing_time,c1_0.location,c1_0.name,c1_0.opening_time,c1_0.requires_approval,c1_0.type,r1_0.created_at,r1_0.decided_at,db1_0.id,db1_0.email,db1_0.full_name,db1_0.role,r1_0.decision_reason,r1_0.end_time,r1_0.start_time,r1_0.state,r1_0.user_id,u1_0.id,u1_0.email,u1_0.full_name,u1_0.role from reservation r1_0 join court c1_0 on c1_0.id=r1_0.court_id left join app_user db1_0 on db1_0.id=r1_0.decided_by_id join app_user u1_0 on u1_0.id=r1_0.user_id where r1_0.id=?
Hibernate: select r1_0.id,r1_0.approval_deadline,r1_0.cancelled_at,r1_0.court_id,r1_0.created_at,r1_0.decided_at,r1_0.decided_by_id,r1_0.decision_reason,r1_0.end_time,r1_0.start_time,r1_0.state,r1_0.user_id from reservation r1_0
Hibernate: select c1_0.id,c1_0.active,c1_0.closing_time,c1_0.location,c1_0.name,c1_0.opening_time,c1_0.requires_approval,c1_0.type from court c1_0 where c1_0.id=?
Hibernate: select au1_0.id,au1_0.email,au1_0.full_name,au1_0.role from app_user au1_0 where au1_0.id=?
Hibernate: delete from reservation where id=?
Hibernate: insert into court (active,closing_time,location,name,opening_time,requires_approval,type,id) values (?,?,?,?,?,?,?,default)
Hibernate: insert into court (active,closing_time,location,name,opening_time,requires_approval,type,id) values (?,?,?,?,?,?,?,default)
Hibernate: insert into app_user (email,full_name,role,id) values (?,?,?,default)
Hibernate: insert into app_user (email,full_name,role,id) values (?,?,?,default)
Hibernate: insert into app_user (email,full_name,role,id) values (?,?,?,default)
Hibernate: select au1_0.id,au1_0.email,au1_0.full_name,au1_0.role from app_user au1_0 where au1_0.id=?
Hibernate: select c1_0.id,c1_0.active,c1_0.closing_time,c1_0.location,c1_0.name,c1_0.opening_time,c1_0.requires_approval,c1_0.type from court c1_0 where c1_0.id=?
Hibernate: insert into reservation (approval_deadline,cancelled_at,court_id,created_at,decided_at,decided_by_id,decision_reason,end_time,start_time,state,user_id,id) values (?,?,?,?,?,?,?,?,?,?,?,default)
Hibernate: select au1_0.id,au1_0.email,au1_0.full_name,au1_0.role from app_user au1_0 where au1_0.id=?
Hibernate: select c1_0.id,c1_0.active,c1_0.closing_time,c1_0.location,c1_0.name,c1_0.opening_time,c1_0.requires_approval,c1_0.type from court c1_0 where c1_0.id=?
Hibernate: insert into reservation (approval_deadline,cancelled_at,court_id,created_at,decided_at,decided_by_id,decision_reason,end_time,start_time,state,user_id,id) values (?,?,?,?,?,?,?,?,?,?,?,default)
Hibernate: select au1_0.id,au1_0.email,au1_0.full_name,au1_0.role from app_user au1_0 where au1_0.id=?
Hibernate: select c1_0.id,c1_0.active,c1_0.closing_time,c1_0.location,c1_0.name,c1_0.opening_time,c1_0.requires_approval,c1_0.type from court c1_0 where c1_0.id=?
Hibernate: insert into reservation (approval_deadline,cancelled_at,court_id,created_at,decided_at,decided_by_id,decision_reason,end_time,start_time,state,user_id,id) values (?,?,?,?,?,?,?,?,?,?,?,default)
Hibernate: select au1_0.id,au1_0.email,au1_0.full_name,au1_0.role from app_user au1_0 where au1_0.id=?
Hibernate: select c1_0.id,c1_0.active,c1_0.closing_time,c1_0.location,c1_0.name,c1_0.opening_time,c1_0.requires_approval,c1_0.type from court c1_0 where c1_0.id=?
Hibernate: insert into reservation (approval_deadline,cancelled_at,court_id,created_at,decided_at,decided_by_id,decision_reason,end_time,start_time,state,user_id,id) values (?,?,?,?,?,?,?,?,?,?,?,default)
Hibernate: select au1_0.id,au1_0.email,au1_0.full_name,au1_0.role from app_user au1_0 where au1_0.id=?
Hibernate: select c1_0.id,c1_0.active,c1_0.closing_time,c1_0.location,c1_0.name,c1_0.opening_time,c1_0.requires_approval,c1_0.type from court c1_0 where c1_0.id=?
Hibernate: insert into reservation (approval_deadline,cancelled_at,court_id,created_at,decided_at,decided_by_id,decision_reason,end_time,start_time,state,user_id,id) values (?,?,?,?,?,?,?,?,?,?,?,default)
Hibernate: select au1_0.id,au1_0.email,au1_0.full_name,au1_0.role from app_user au1_0 where au1_0.id=?
Hibernate: select c1_0.id,c1_0.active,c1_0.closing_time,c1_0.location,c1_0.name,c1_0.opening_time,c1_0.requires_approval,c1_0.type from court c1_0 where c1_0.id=?
Hibernate: insert into reservation (approval_deadline,cancelled_at,court_id,created_at,decided_at,decided_by_id,decision_reason,end_time,start_time,state,user_id,id) values (?,?,?,?,?,?,?,?,?,?,?,default)
Hibernate: select au1_0.id,au1_0.email,au1_0.full_name,au1_0.role from app_user au1_0 where au1_0.id=?
Hibernate: select c1_0.id,c1_0.active,c1_0.closing_time,c1_0.location,c1_0.name,c1_0.opening_time,c1_0.requires_approval,c1_0.type from court c1_0 where c1_0.id=?
Hibernate: insert into reservation (approval_deadline,cancelled_at,court_id,created_at,decided_at,decided_by_id,decision_reason,end_time,start_time,state,user_id,id) values (?,?,?,?,?,?,?,?,?,?,?,default)
Hibernate: select au1_0.id,au1_0.email,au1_0.full_name,au1_0.role from app_user au1_0 where au1_0.id=?
Hibernate: select c1_0.id,c1_0.active,c1_0.closing_time,c1_0.location,c1_0.name,c1_0.opening_time,c1_0.requires_approval,c1_0.type from court c1_0 where c1_0.id=?
Hibernate: insert into reservation (approval_deadline,cancelled_at,court_id,created_at,decided_at,decided_by_id,decision_reason,end_time,start_time,state,user_id,id) values (?,?,?,?,?,?,?,?,?,?,?,default)
Hibernate: select au1_0.id,au1_0.email,au1_0.full_name,au1_0.role from app_user au1_0 where au1_0.id=?
Hibernate: select au1_0.id,au1_0.email,au1_0.full_name,au1_0.role from app_user au1_0 where au1_0.id=?
Hibernate: select au1_0.id,au1_0.email,au1_0.full_name,au1_0.role from app_user au1_0 where au1_0.id=?
Hibernate: select r1_0.id,r1_0.approval_deadline,r1_0.cancelled_at,r1_0.court_id,c1_0.id,c1_0.active,c1_0.closing_time,c1_0.location,c1_0.name,c1_0.opening_time,c1_0.requires_approval,c1_0.type,r1_0.created_at,r1_0.decided_at,db1_0.id,db1_0.email,db1_0.full_name,db1_0.role,r1_0.decision_reason,r1_0.end_time,r1_0.start_time,r1_0.state,r1_0.user_id,u1_0.id,u1_0.email,u1_0.full_name,u1_0.role from reservation r1_0 join court c1_0 on c1_0.id=r1_0.court_id left join app_user db1_0 on db1_0.id=r1_0.decided_by_id join app_user u1_0 on u1_0.id=r1_0.user_id where r1_0.id=?
Hibernate: select r1_0.id,r1_0.approval_deadline,r1_0.cancelled_at,r1_0.court_id,c1_0.id,c1_0.active,c1_0.closing_time,c1_0.location,c1_0.name,c1_0.opening_time,c1_0.requires_approval,c1_0.type,r1_0.created_at,r1_0.decided_at,db1_0.id,db1_0.email,db1_0.full_name,db1_0.role,r1_0.decision_reason,r1_0.end_time,r1_0.start_time,r1_0.state,r1_0.user_id,u1_0.id,u1_0.email,u1_0.full_name,u1_0.role from reservation r1_0 join court c1_0 on c1_0.id=r1_0.court_id left join app_user db1_0 on db1_0.id=r1_0.decided_by_id join app_user u1_0 on u1_0.id=r1_0.user_id where r1_0.id=?
Hibernate: select c1_0.id,c1_0.active,c1_0.closing_time,c1_0.location,c1_0.name,c1_0.opening_time,c1_0.requires_approval,c1_0.type from court c1_0 where c1_0.id=? for update
Hibernate: select c1_0.id,c1_0.active,c1_0.closing_time,c1_0.location,c1_0.name,c1_0.opening_time,c1_0.requires_approval,c1_0.type from court c1_0 where c1_0.id=? for update
Hibernate: select r1_0.id,r1_0.approval_deadline,r1_0.cancelled_at,r1_0.court_id,r1_0.created_at,r1_0.decided_at,r1_0.decided_by_id,r1_0.decision_reason,r1_0.end_time,r1_0.start_time,r1_0.state,r1_0.user_id from reservation r1_0 where r1_0.court_id=? and r1_0.state in (?) and r1_0.start_time<? and ?<r1_0.end_time
Hibernate: select au1_0.id,au1_0.email,au1_0.full_name,au1_0.role from app_user au1_0 where au1_0.id=?
2026-09-28T14:05:03.022+02:00  INFO 9452 --- [pool-3-thread-1] o.e.r.s.LoggingNotificationService       : NOTIFY owner alice+610979519601500@example.com: reservation 19 for court 'Court 1' is CONFIRMED
Hibernate: select r1_0.id,r1_0.approval_deadline,r1_0.cancelled_at,r1_0.court_id,c1_0.id,c1_0.active,c1_0.closing_time,c1_0.location,c1_0.name,c1_0.opening_time,c1_0.requires_approval,c1_0.type,r1_0.created_at,r1_0.decided_at,db1_0.id,db1_0.email,db1_0.full_name,db1_0.role,r1_0.decision_reason,r1_0.end_time,r1_0.start_time,r1_0.state,r1_0.user_id,u1_0.id,u1_0.email,u1_0.full_name,u1_0.role from reservation r1_0 join court c1_0 on c1_0.id=r1_0.court_id left join app_user db1_0 on db1_0.id=r1_0.decided_by_id join app_user u1_0 on u1_0.id=r1_0.user_id where r1_0.id=?
Hibernate: update reservation set approval_deadline=?,cancelled_at=?,court_id=?,decided_at=?,decided_by_id=?,decision_reason=?,end_time=?,start_time=?,state=?,user_id=? where id=?
Hibernate: select c1_0.id,c1_0.active,c1_0.closing_time,c1_0.location,c1_0.name,c1_0.opening_time,c1_0.requires_approval,c1_0.type from court c1_0 where c1_0.id=? for update
Hibernate: select r1_0.id,r1_0.approval_deadline,r1_0.cancelled_at,r1_0.court_id,c1_0.id,c1_0.active,c1_0.closing_time,c1_0.location,c1_0.name,c1_0.opening_time,c1_0.requires_approval,c1_0.type,r1_0.created_at,r1_0.decided_at,db1_0.id,db1_0.email,db1_0.full_name,db1_0.role,r1_0.decision_reason,r1_0.end_time,r1_0.start_time,r1_0.state,r1_0.user_id,u1_0.id,u1_0.email,u1_0.full_name,u1_0.role from reservation r1_0 join court c1_0 on c1_0.id=r1_0.court_id left join app_user db1_0 on db1_0.id=r1_0.decided_by_id join app_user u1_0 on u1_0.id=r1_0.user_id where r1_0.id=?
Hibernate: select r1_0.id,r1_0.approval_deadline,r1_0.cancelled_at,r1_0.court_id,r1_0.created_at,r1_0.decided_at,r1_0.decided_by_id,r1_0.decision_reason,r1_0.end_time,r1_0.start_time,r1_0.state,r1_0.user_id from reservation r1_0 where r1_0.court_id=? and r1_0.state in (?) and r1_0.start_time<? and ?<r1_0.end_time
Hibernate: select c1_0.id,c1_0.active,c1_0.closing_time,c1_0.location,c1_0.name,c1_0.opening_time,c1_0.requires_approval,c1_0.type from court c1_0 where c1_0.id=? for update
Hibernate: select au1_0.id,au1_0.email,au1_0.full_name,au1_0.role from app_user au1_0 where au1_0.id=?
Hibernate: select r1_0.id,r1_0.approval_deadline,r1_0.cancelled_at,r1_0.court_id,r1_0.created_at,r1_0.decided_at,r1_0.decided_by_id,r1_0.decision_reason,r1_0.end_time,r1_0.start_time,r1_0.state,r1_0.user_id from reservation r1_0 where r1_0.court_id=? and r1_0.state in (?) and r1_0.start_time<? and ?<r1_0.end_time
Hibernate: select r1_0.id,r1_0.approval_deadline,r1_0.cancelled_at,r1_0.court_id,c1_0.id,c1_0.active,c1_0.closing_time,c1_0.location,c1_0.name,c1_0.opening_time,c1_0.requires_approval,c1_0.type,r1_0.created_at,r1_0.decided_at,db1_0.id,db1_0.email,db1_0.full_name,db1_0.role,r1_0.decision_reason,r1_0.end_time,r1_0.start_time,r1_0.state,r1_0.user_id,u1_0.id,u1_0.email,u1_0.full_name,u1_0.role from reservation r1_0 join court c1_0 on c1_0.id=r1_0.court_id left join app_user db1_0 on db1_0.id=r1_0.decided_by_id join app_user u1_0 on u1_0.id=r1_0.user_id where r1_0.id=?
Hibernate: select c1_0.id,c1_0.active,c1_0.closing_time,c1_0.location,c1_0.name,c1_0.opening_time,c1_0.requires_approval,c1_0.type from court c1_0 where c1_0.id=? for update
Hibernate: select au1_0.id,au1_0.email,au1_0.full_name,au1_0.role from app_user au1_0 where au1_0.id=?
Hibernate: select r1_0.id,r1_0.approval_deadline,r1_0.cancelled_at,r1_0.court_id,r1_0.created_at,r1_0.decided_at,r1_0.decided_by_id,r1_0.decision_reason,r1_0.end_time,r1_0.start_time,r1_0.state,r1_0.user_id from reservation r1_0 where r1_0.court_id=? and r1_0.state in (?) and r1_0.start_time<? and ?<r1_0.end_time
Hibernate: select r1_0.id,r1_0.approval_deadline,r1_0.cancelled_at,r1_0.court_id,c1_0.id,c1_0.active,c1_0.closing_time,c1_0.location,c1_0.name,c1_0.opening_time,c1_0.requires_approval,c1_0.type,r1_0.created_at,r1_0.decided_at,db1_0.id,db1_0.email,db1_0.full_name,db1_0.role,r1_0.decision_reason,r1_0.end_time,r1_0.start_time,r1_0.state,r1_0.user_id,u1_0.id,u1_0.email,u1_0.full_name,u1_0.role from reservation r1_0 join court c1_0 on c1_0.id=r1_0.court_id left join app_user db1_0 on db1_0.id=r1_0.decided_by_id join app_user u1_0 on u1_0.id=r1_0.user_id where r1_0.id=?
Hibernate: select c1_0.id,c1_0.active,c1_0.closing_time,c1_0.location,c1_0.name,c1_0.opening_time,c1_0.requires_approval,c1_0.type from court c1_0 where c1_0.id=? for update
Hibernate: select r1_0.id,r1_0.approval_deadline,r1_0.cancelled_at,r1_0.court_id,r1_0.created_at,r1_0.decided_at,r1_0.decided_by_id,r1_0.decision_reason,r1_0.end_time,r1_0.start_time,r1_0.state,r1_0.user_id from reservation r1_0 where r1_0.court_id=? and r1_0.state in (?) and r1_0.start_time<? and ?<r1_0.end_time
Hibernate: select au1_0.id,au1_0.email,au1_0.full_name,au1_0.role from app_user au1_0 where au1_0.id=?
Hibernate: select r1_0.id,r1_0.approval_deadline,r1_0.cancelled_at,r1_0.court_id,c1_0.id,c1_0.active,c1_0.closing_time,c1_0.location,c1_0.name,c1_0.opening_time,c1_0.requires_approval,c1_0.type,r1_0.created_at,r1_0.decided_at,db1_0.id,db1_0.email,db1_0.full_name,db1_0.role,r1_0.decision_reason,r1_0.end_time,r1_0.start_time,r1_0.state,r1_0.user_id,u1_0.id,u1_0.email,u1_0.full_name,u1_0.role from reservation r1_0 join court c1_0 on c1_0.id=r1_0.court_id left join app_user db1_0 on db1_0.id=r1_0.decided_by_id join app_user u1_0 on u1_0.id=r1_0.user_id where r1_0.id=?
Hibernate: select c1_0.id,c1_0.active,c1_0.closing_time,c1_0.location,c1_0.name,c1_0.opening_time,c1_0.requires_approval,c1_0.type from court c1_0 where c1_0.id=? for update
Hibernate: select r1_0.id,r1_0.approval_deadline,r1_0.cancelled_at,r1_0.court_id,r1_0.created_at,r1_0.decided_at,r1_0.decided_by_id,r1_0.decision_reason,r1_0.end_time,r1_0.start_time,r1_0.state,r1_0.user_id from reservation r1_0 where r1_0.court_id=? and r1_0.state in (?) and r1_0.start_time<? and ?<r1_0.end_time
Hibernate: select r1_0.id,r1_0.approval_deadline,r1_0.cancelled_at,r1_0.court_id,r1_0.created_at,r1_0.decided_at,r1_0.decided_by_id,r1_0.decision_reason,r1_0.end_time,r1_0.start_time,r1_0.state,r1_0.user_id from reservation r1_0 where r1_0.court_id=? and r1_0.state in (?) and r1_0.start_time<? and ?<r1_0.end_time
Hibernate: select au1_0.id,au1_0.email,au1_0.full_name,au1_0.role from app_user au1_0 where au1_0.id=?
Hibernate: select r1_0.id,r1_0.approval_deadline,r1_0.cancelled_at,r1_0.court_id,c1_0.id,c1_0.active,c1_0.closing_time,c1_0.location,c1_0.name,c1_0.opening_time,c1_0.requires_approval,c1_0.type,r1_0.created_at,r1_0.decided_at,db1_0.id,db1_0.email,db1_0.full_name,db1_0.role,r1_0.decision_reason,r1_0.end_time,r1_0.start_time,r1_0.state,r1_0.user_id,u1_0.id,u1_0.email,u1_0.full_name,u1_0.role from reservation r1_0 join court c1_0 on c1_0.id=r1_0.court_id left join app_user db1_0 on db1_0.id=r1_0.decided_by_id join app_user u1_0 on u1_0.id=r1_0.user_id where r1_0.id=?
Hibernate: select c1_0.id,c1_0.active,c1_0.closing_time,c1_0.location,c1_0.name,c1_0.opening_time,c1_0.requires_approval,c1_0.type from court c1_0 where c1_0.id=? for update
Hibernate: select r1_0.id,r1_0.approval_deadline,r1_0.cancelled_at,r1_0.court_id,r1_0.created_at,r1_0.decided_at,r1_0.decided_by_id,r1_0.decision_reason,r1_0.end_time,r1_0.start_time,r1_0.state,r1_0.user_id from reservation r1_0 where r1_0.court_id=? and r1_0.state in (?) and r1_0.start_time<? and ?<r1_0.end_time
Hibernate: select r1_0.id,r1_0.approval_deadline,r1_0.cancelled_at,r1_0.court_id,c1_0.id,c1_0.active,c1_0.closing_time,c1_0.location,c1_0.name,c1_0.opening_time,c1_0.requires_approval,c1_0.type,r1_0.created_at,r1_0.decided_at,db1_0.id,db1_0.email,db1_0.full_name,db1_0.role,r1_0.decision_reason,r1_0.end_time,r1_0.start_time,r1_0.state,r1_0.user_id,u1_0.id,u1_0.email,u1_0.full_name,u1_0.role from reservation r1_0 join court c1_0 on c1_0.id=r1_0.court_id left join app_user db1_0 on db1_0.id=r1_0.decided_by_id join app_user u1_0 on u1_0.id=r1_0.user_id where r1_0.id=?
Hibernate: select r1_0.id,r1_0.approval_deadline,r1_0.cancelled_at,r1_0.court_id,c1_0.id,c1_0.active,c1_0.closing_time,c1_0.location,c1_0.name,c1_0.opening_time,c1_0.requires_approval,c1_0.type,r1_0.created_at,r1_0.decided_at,db1_0.id,db1_0.email,db1_0.full_name,db1_0.role,r1_0.decision_reason,r1_0.end_time,r1_0.start_time,r1_0.state,r1_0.user_id,u1_0.id,u1_0.email,u1_0.full_name,u1_0.role from reservation r1_0 join court c1_0 on c1_0.id=r1_0.court_id left join app_user db1_0 on db1_0.id=r1_0.decided_by_id join app_user u1_0 on u1_0.id=r1_0.user_id where r1_0.id=?
Hibernate: select r1_0.id,r1_0.approval_deadline,r1_0.cancelled_at,r1_0.court_id,c1_0.id,c1_0.active,c1_0.closing_time,c1_0.location,c1_0.name,c1_0.opening_time,c1_0.requires_approval,c1_0.type,r1_0.created_at,r1_0.decided_at,db1_0.id,db1_0.email,db1_0.full_name,db1_0.role,r1_0.decision_reason,r1_0.end_time,r1_0.start_time,r1_0.state,r1_0.user_id,u1_0.id,u1_0.email,u1_0.full_name,u1_0.role from reservation r1_0 join court c1_0 on c1_0.id=r1_0.court_id left join app_user db1_0 on db1_0.id=r1_0.decided_by_id join app_user u1_0 on u1_0.id=r1_0.user_id where r1_0.id=?
Hibernate: select r1_0.id,r1_0.approval_deadline,r1_0.cancelled_at,r1_0.court_id,c1_0.id,c1_0.active,c1_0.closing_time,c1_0.location,c1_0.name,c1_0.opening_time,c1_0.requires_approval,c1_0.type,r1_0.created_at,r1_0.decided_at,db1_0.id,db1_0.email,db1_0.full_name,db1_0.role,r1_0.decision_reason,r1_0.end_time,r1_0.start_time,r1_0.state,r1_0.user_id,u1_0.id,u1_0.email,u1_0.full_name,u1_0.role from reservation r1_0 join court c1_0 on c1_0.id=r1_0.court_id left join app_user db1_0 on db1_0.id=r1_0.decided_by_id join app_user u1_0 on u1_0.id=r1_0.user_id where r1_0.id=?
Hibernate: select r1_0.id,r1_0.approval_deadline,r1_0.cancelled_at,r1_0.court_id,c1_0.id,c1_0.active,c1_0.closing_time,c1_0.location,c1_0.name,c1_0.opening_time,c1_0.requires_approval,c1_0.type,r1_0.created_at,r1_0.decided_at,db1_0.id,db1_0.email,db1_0.full_name,db1_0.role,r1_0.decision_reason,r1_0.end_time,r1_0.start_time,r1_0.state,r1_0.user_id,u1_0.id,u1_0.email,u1_0.full_name,u1_0.role from reservation r1_0 join court c1_0 on c1_0.id=r1_0.court_id left join app_user db1_0 on db1_0.id=r1_0.decided_by_id join app_user u1_0 on u1_0.id=r1_0.user_id where r1_0.id=?
Hibernate: select r1_0.id,r1_0.approval_deadline,r1_0.cancelled_at,r1_0.court_id,c1_0.id,c1_0.active,c1_0.closing_time,c1_0.location,c1_0.name,c1_0.opening_time,c1_0.requires_approval,c1_0.type,r1_0.created_at,r1_0.decided_at,db1_0.id,db1_0.email,db1_0.full_name,db1_0.role,r1_0.decision_reason,r1_0.end_time,r1_0.start_time,r1_0.state,r1_0.user_id,u1_0.id,u1_0.email,u1_0.full_name,u1_0.role from reservation r1_0 join court c1_0 on c1_0.id=r1_0.court_id left join app_user db1_0 on db1_0.id=r1_0.decided_by_id join app_user u1_0 on u1_0.id=r1_0.user_id where r1_0.id=?
Hibernate: select r1_0.id,r1_0.approval_deadline,r1_0.cancelled_at,r1_0.court_id,c1_0.id,c1_0.active,c1_0.closing_time,c1_0.location,c1_0.name,c1_0.opening_time,c1_0.requires_approval,c1_0.type,r1_0.created_at,r1_0.decided_at,db1_0.id,db1_0.email,db1_0.full_name,db1_0.role,r1_0.decision_reason,r1_0.end_time,r1_0.start_time,r1_0.state,r1_0.user_id,u1_0.id,u1_0.email,u1_0.full_name,u1_0.role from reservation r1_0 join court c1_0 on c1_0.id=r1_0.court_id left join app_user db1_0 on db1_0.id=r1_0.decided_by_id join app_user u1_0 on u1_0.id=r1_0.user_id where r1_0.id=?
Hibernate: select r1_0.id,r1_0.approval_deadline,r1_0.cancelled_at,r1_0.court_id,c1_0.id,c1_0.active,c1_0.closing_time,c1_0.location,c1_0.name,c1_0.opening_time,c1_0.requires_approval,c1_0.type,r1_0.created_at,r1_0.decided_at,db1_0.id,db1_0.email,db1_0.full_name,db1_0.role,r1_0.decision_reason,r1_0.end_time,r1_0.start_time,r1_0.state,r1_0.user_id,u1_0.id,u1_0.email,u1_0.full_name,u1_0.role from reservation r1_0 join court c1_0 on c1_0.id=r1_0.court_id left join app_user db1_0 on db1_0.id=r1_0.decided_by_id join app_user u1_0 on u1_0.id=r1_0.user_id where r1_0.id=?
Hibernate: select r1_0.id,r1_0.approval_deadline,r1_0.cancelled_at,r1_0.court_id,c1_0.id,c1_0.active,c1_0.closing_time,c1_0.location,c1_0.name,c1_0.opening_time,c1_0.requires_approval,c1_0.type,r1_0.created_at,r1_0.decided_at,db1_0.id,db1_0.email,db1_0.full_name,db1_0.role,r1_0.decision_reason,r1_0.end_time,r1_0.start_time,r1_0.state,r1_0.user_id,u1_0.id,u1_0.email,u1_0.full_name,u1_0.role from reservation r1_0 join court c1_0 on c1_0.id=r1_0.court_id left join app_user db1_0 on db1_0.id=r1_0.decided_by_id join app_user u1_0 on u1_0.id=r1_0.user_id where r1_0.id=?
Hibernate: select r1_0.id,r1_0.approval_deadline,r1_0.cancelled_at,r1_0.court_id,c1_0.id,c1_0.active,c1_0.closing_time,c1_0.location,c1_0.name,c1_0.opening_time,c1_0.requires_approval,c1_0.type,r1_0.created_at,r1_0.decided_at,db1_0.id,db1_0.email,db1_0.full_name,db1_0.role,r1_0.decision_reason,r1_0.end_time,r1_0.start_time,r1_0.state,r1_0.user_id,u1_0.id,u1_0.email,u1_0.full_name,u1_0.role from reservation r1_0 join court c1_0 on c1_0.id=r1_0.court_id left join app_user db1_0 on db1_0.id=r1_0.decided_by_id join app_user u1_0 on u1_0.id=r1_0.user_id where r1_0.id=?
Hibernate: select r1_0.id,r1_0.approval_deadline,r1_0.cancelled_at,r1_0.court_id,c1_0.id,c1_0.active,c1_0.closing_time,c1_0.location,c1_0.name,c1_0.opening_time,c1_0.requires_approval,c1_0.type,r1_0.created_at,r1_0.decided_at,db1_0.id,db1_0.email,db1_0.full_name,db1_0.role,r1_0.decision_reason,r1_0.end_time,r1_0.start_time,r1_0.state,r1_0.user_id,u1_0.id,u1_0.email,u1_0.full_name,u1_0.role from reservation r1_0 join court c1_0 on c1_0.id=r1_0.court_id left join app_user db1_0 on db1_0.id=r1_0.decided_by_id join app_user u1_0 on u1_0.id=r1_0.user_id where r1_0.id=?
Hibernate: select r1_0.id,r1_0.approval_deadline,r1_0.cancelled_at,r1_0.court_id,c1_0.id,c1_0.active,c1_0.closing_time,c1_0.location,c1_0.name,c1_0.opening_time,c1_0.requires_approval,c1_0.type,r1_0.created_at,r1_0.decided_at,db1_0.id,db1_0.email,db1_0.full_name,db1_0.role,r1_0.decision_reason,r1_0.end_time,r1_0.start_time,r1_0.state,r1_0.user_id,u1_0.id,u1_0.email,u1_0.full_name,u1_0.role from reservation r1_0 join court c1_0 on c1_0.id=r1_0.court_id left join app_user db1_0 on db1_0.id=r1_0.decided_by_id join app_user u1_0 on u1_0.id=r1_0.user_id where r1_0.id=?
Hibernate: select r1_0.id,r1_0.approval_deadline,r1_0.cancelled_at,r1_0.court_id,c1_0.id,c1_0.active,c1_0.closing_time,c1_0.location,c1_0.name,c1_0.opening_time,c1_0.requires_approval,c1_0.type,r1_0.created_at,r1_0.decided_at,db1_0.id,db1_0.email,db1_0.full_name,db1_0.role,r1_0.decision_reason,r1_0.end_time,r1_0.start_time,r1_0.state,r1_0.user_id,u1_0.id,u1_0.email,u1_0.full_name,u1_0.role from reservation r1_0 join court c1_0 on c1_0.id=r1_0.court_id left join app_user db1_0 on db1_0.id=r1_0.decided_by_id join app_user u1_0 on u1_0.id=r1_0.user_id where r1_0.id=?
Hibernate: select r1_0.id,r1_0.approval_deadline,r1_0.cancelled_at,r1_0.court_id,c1_0.id,c1_0.active,c1_0.closing_time,c1_0.location,c1_0.name,c1_0.opening_time,c1_0.requires_approval,c1_0.type,r1_0.created_at,r1_0.decided_at,db1_0.id,db1_0.email,db1_0.full_name,db1_0.role,r1_0.decision_reason,r1_0.end_time,r1_0.start_time,r1_0.state,r1_0.user_id,u1_0.id,u1_0.email,u1_0.full_name,u1_0.role from reservation r1_0 join court c1_0 on c1_0.id=r1_0.court_id left join app_user db1_0 on db1_0.id=r1_0.decided_by_id join app_user u1_0 on u1_0.id=r1_0.user_id where r1_0.id=?
Hibernate: select r1_0.id,r1_0.approval_deadline,r1_0.cancelled_at,r1_0.court_id,c1_0.id,c1_0.active,c1_0.closing_time,c1_0.location,c1_0.name,c1_0.opening_time,c1_0.requires_approval,c1_0.type,r1_0.created_at,r1_0.decided_at,db1_0.id,db1_0.email,db1_0.full_name,db1_0.role,r1_0.decision_reason,r1_0.end_time,r1_0.start_time,r1_0.state,r1_0.user_id,u1_0.id,u1_0.email,u1_0.full_name,u1_0.role from reservation r1_0 join court c1_0 on c1_0.id=r1_0.court_id left join app_user db1_0 on db1_0.id=r1_0.decided_by_id join app_user u1_0 on u1_0.id=r1_0.user_id where r1_0.id=?
Hibernate: select r1_0.id,r1_0.approval_deadline,r1_0.cancelled_at,r1_0.court_id,c1_0.id,c1_0.active,c1_0.closing_time,c1_0.location,c1_0.name,c1_0.opening_time,c1_0.requires_approval,c1_0.type,r1_0.created_at,r1_0.decided_at,db1_0.id,db1_0.email,db1_0.full_name,db1_0.role,r1_0.decision_reason,r1_0.end_time,r1_0.start_time,r1_0.state,r1_0.user_id,u1_0.id,u1_0.email,u1_0.full_name,u1_0.role from reservation r1_0 join court c1_0 on c1_0.id=r1_0.court_id left join app_user db1_0 on db1_0.id=r1_0.decided_by_id join app_user u1_0 on u1_0.id=r1_0.user_id where r1_0.id=?
[INFO] Tests run: 9, Failures: 0, Errors: 0, Skipped: 0, Time elapsed: 0.554 s -- in OP-03 Confirm Reservation
[INFO] Running OP-02 Check Availability (fixture: CONFIRMED [10:00,11:00))
2026-09-28T14:05:03.117+02:00  INFO 9452 --- [           main] t.c.s.AnnotationConfigContextLoaderUtils : Could not detect default configuration classes for test class [org.example.reservation.BaselineV01VerificationTest$Op02Availability]: Op02Availability does not declare any static, non-private, non-final, nested classes annotated with @Configuration.
2026-09-28T14:05:03.119+02:00  INFO 9452 --- [           main] .b.t.c.SpringBootTestContextBootstrapper : Found @SpringBootConfiguration org.example.reservation.ReservationApplication for test class org.example.reservation.BaselineV01VerificationTest$Op02Availability
Hibernate: select r1_0.id,r1_0.approval_deadline,r1_0.cancelled_at,r1_0.court_id,r1_0.created_at,r1_0.decided_at,r1_0.decided_by_id,r1_0.decision_reason,r1_0.end_time,r1_0.start_time,r1_0.state,r1_0.user_id from reservation r1_0
Hibernate: select c1_0.id,c1_0.active,c1_0.closing_time,c1_0.location,c1_0.name,c1_0.opening_time,c1_0.requires_approval,c1_0.type from court c1_0 where c1_0.id=?
Hibernate: select au1_0.id,au1_0.email,au1_0.full_name,au1_0.role from app_user au1_0 where au1_0.id=?
Hibernate: delete from reservation where id=?
Hibernate: delete from reservation where id=?
Hibernate: delete from reservation where id=?
Hibernate: delete from reservation where id=?
Hibernate: delete from reservation where id=?
Hibernate: delete from reservation where id=?
Hibernate: delete from reservation where id=?
Hibernate: delete from reservation where id=?
Hibernate: insert into court (active,closing_time,location,name,opening_time,requires_approval,type,id) values (?,?,?,?,?,?,?,default)
Hibernate: insert into court (active,closing_time,location,name,opening_time,requires_approval,type,id) values (?,?,?,?,?,?,?,default)
Hibernate: insert into app_user (email,full_name,role,id) values (?,?,?,default)
Hibernate: insert into app_user (email,full_name,role,id) values (?,?,?,default)
Hibernate: insert into app_user (email,full_name,role,id) values (?,?,?,default)
Hibernate: select au1_0.id,au1_0.email,au1_0.full_name,au1_0.role from app_user au1_0 where au1_0.id=?
Hibernate: select c1_0.id,c1_0.active,c1_0.closing_time,c1_0.location,c1_0.name,c1_0.opening_time,c1_0.requires_approval,c1_0.type from court c1_0 where c1_0.id=?
Hibernate: insert into reservation (approval_deadline,cancelled_at,court_id,created_at,decided_at,decided_by_id,decision_reason,end_time,start_time,state,user_id,id) values (?,?,?,?,?,?,?,?,?,?,?,default)
Hibernate: select au1_0.id,au1_0.email,au1_0.full_name,au1_0.role from app_user au1_0 where au1_0.id=?
Hibernate: select r1_0.id,r1_0.approval_deadline,r1_0.cancelled_at,r1_0.court_id,c1_0.id,c1_0.active,c1_0.closing_time,c1_0.location,c1_0.name,c1_0.opening_time,c1_0.requires_approval,c1_0.type,r1_0.created_at,r1_0.decided_at,db1_0.id,db1_0.email,db1_0.full_name,db1_0.role,r1_0.decision_reason,r1_0.end_time,r1_0.start_time,r1_0.state,r1_0.user_id,u1_0.id,u1_0.email,u1_0.full_name,u1_0.role from reservation r1_0 join court c1_0 on c1_0.id=r1_0.court_id left join app_user db1_0 on db1_0.id=r1_0.decided_by_id join app_user u1_0 on u1_0.id=r1_0.user_id where r1_0.id=?
Hibernate: select c1_0.id,c1_0.active,c1_0.closing_time,c1_0.location,c1_0.name,c1_0.opening_time,c1_0.requires_approval,c1_0.type from court c1_0 where c1_0.id=? for update
Hibernate: select r1_0.id,r1_0.approval_deadline,r1_0.cancelled_at,r1_0.court_id,r1_0.created_at,r1_0.decided_at,r1_0.decided_by_id,r1_0.decision_reason,r1_0.end_time,r1_0.start_time,r1_0.state,r1_0.user_id from reservation r1_0 where r1_0.court_id=? and r1_0.state in (?) and r1_0.start_time<? and ?<r1_0.end_time
2026-09-28T14:05:03.153+02:00  INFO 9452 --- [           main] o.e.r.s.LoggingNotificationService       : NOTIFY owner alice+610979680212800@example.com: reservation 27 for court 'Court 1' is CONFIRMED
Hibernate: update reservation set approval_deadline=?,cancelled_at=?,court_id=?,decided_at=?,decided_by_id=?,decision_reason=?,end_time=?,start_time=?,state=?,user_id=? where id=?
Hibernate: select c1_0.id,c1_0.active,c1_0.closing_time,c1_0.location,c1_0.name,c1_0.opening_time,c1_0.requires_approval,c1_0.type from court c1_0 where c1_0.id=?
Hibernate: select r1_0.id,r1_0.approval_deadline,r1_0.cancelled_at,r1_0.court_id,r1_0.created_at,r1_0.decided_at,r1_0.decided_by_id,r1_0.decision_reason,r1_0.end_time,r1_0.start_time,r1_0.state,r1_0.user_id from reservation r1_0
Hibernate: select c1_0.id,c1_0.active,c1_0.closing_time,c1_0.location,c1_0.name,c1_0.opening_time,c1_0.requires_approval,c1_0.type from court c1_0 where c1_0.id=?
Hibernate: select au1_0.id,au1_0.email,au1_0.full_name,au1_0.role from app_user au1_0 where au1_0.id=?
Hibernate: delete from reservation where id=?
Hibernate: insert into court (active,closing_time,location,name,opening_time,requires_approval,type,id) values (?,?,?,?,?,?,?,default)
Hibernate: insert into court (active,closing_time,location,name,opening_time,requires_approval,type,id) values (?,?,?,?,?,?,?,default)
Hibernate: insert into app_user (email,full_name,role,id) values (?,?,?,default)
Hibernate: insert into app_user (email,full_name,role,id) values (?,?,?,default)
Hibernate: insert into app_user (email,full_name,role,id) values (?,?,?,default)
Hibernate: select au1_0.id,au1_0.email,au1_0.full_name,au1_0.role from app_user au1_0 where au1_0.id=?
Hibernate: select c1_0.id,c1_0.active,c1_0.closing_time,c1_0.location,c1_0.name,c1_0.opening_time,c1_0.requires_approval,c1_0.type from court c1_0 where c1_0.id=?
Hibernate: insert into reservation (approval_deadline,cancelled_at,court_id,created_at,decided_at,decided_by_id,decision_reason,end_time,start_time,state,user_id,id) values (?,?,?,?,?,?,?,?,?,?,?,default)
Hibernate: select au1_0.id,au1_0.email,au1_0.full_name,au1_0.role from app_user au1_0 where au1_0.id=?
Hibernate: select r1_0.id,r1_0.approval_deadline,r1_0.cancelled_at,r1_0.court_id,c1_0.id,c1_0.active,c1_0.closing_time,c1_0.location,c1_0.name,c1_0.opening_time,c1_0.requires_approval,c1_0.type,r1_0.created_at,r1_0.decided_at,db1_0.id,db1_0.email,db1_0.full_name,db1_0.role,r1_0.decision_reason,r1_0.end_time,r1_0.start_time,r1_0.state,r1_0.user_id,u1_0.id,u1_0.email,u1_0.full_name,u1_0.role from reservation r1_0 join court c1_0 on c1_0.id=r1_0.court_id left join app_user db1_0 on db1_0.id=r1_0.decided_by_id join app_user u1_0 on u1_0.id=r1_0.user_id where r1_0.id=?
Hibernate: select c1_0.id,c1_0.active,c1_0.closing_time,c1_0.location,c1_0.name,c1_0.opening_time,c1_0.requires_approval,c1_0.type from court c1_0 where c1_0.id=? for update
Hibernate: select r1_0.id,r1_0.approval_deadline,r1_0.cancelled_at,r1_0.court_id,r1_0.created_at,r1_0.decided_at,r1_0.decided_by_id,r1_0.decision_reason,r1_0.end_time,r1_0.start_time,r1_0.state,r1_0.user_id from reservation r1_0 where r1_0.court_id=? and r1_0.state in (?) and r1_0.start_time<? and ?<r1_0.end_time
2026-09-28T14:05:03.185+02:00  INFO 9452 --- [           main] o.e.r.s.LoggingNotificationService       : NOTIFY owner alice+610979713823100@example.com: reservation 28 for court 'Court 1' is CONFIRMED
Hibernate: update reservation set approval_deadline=?,cancelled_at=?,court_id=?,decided_at=?,decided_by_id=?,decision_reason=?,end_time=?,start_time=?,state=?,user_id=? where id=?
Hibernate: select c1_0.id,c1_0.active,c1_0.closing_time,c1_0.location,c1_0.name,c1_0.opening_time,c1_0.requires_approval,c1_0.type from court c1_0 where c1_0.id=?
Hibernate: select r1_0.id,r1_0.approval_deadline,r1_0.cancelled_at,r1_0.court_id,r1_0.created_at,r1_0.decided_at,r1_0.decided_by_id,r1_0.decision_reason,r1_0.end_time,r1_0.start_time,r1_0.state,r1_0.user_id from reservation r1_0 where r1_0.court_id=? and r1_0.state in (?) and r1_0.start_time<? and ?<r1_0.end_time
Hibernate: select r1_0.id,r1_0.approval_deadline,r1_0.cancelled_at,r1_0.court_id,r1_0.created_at,r1_0.decided_at,r1_0.decided_by_id,r1_0.decision_reason,r1_0.end_time,r1_0.start_time,r1_0.state,r1_0.user_id from reservation r1_0 where r1_0.court_id=? and r1_0.state in (?) and r1_0.start_time<? and ?<r1_0.end_time
Hibernate: select r1_0.id,r1_0.approval_deadline,r1_0.cancelled_at,r1_0.court_id,r1_0.created_at,r1_0.decided_at,r1_0.decided_by_id,r1_0.decision_reason,r1_0.end_time,r1_0.start_time,r1_0.state,r1_0.user_id from reservation r1_0
Hibernate: select c1_0.id,c1_0.active,c1_0.closing_time,c1_0.location,c1_0.name,c1_0.opening_time,c1_0.requires_approval,c1_0.type from court c1_0 where c1_0.id=?
Hibernate: select au1_0.id,au1_0.email,au1_0.full_name,au1_0.role from app_user au1_0 where au1_0.id=?
Hibernate: delete from reservation where id=?
Hibernate: insert into court (active,closing_time,location,name,opening_time,requires_approval,type,id) values (?,?,?,?,?,?,?,default)
Hibernate: insert into court (active,closing_time,location,name,opening_time,requires_approval,type,id) values (?,?,?,?,?,?,?,default)
Hibernate: insert into app_user (email,full_name,role,id) values (?,?,?,default)
Hibernate: insert into app_user (email,full_name,role,id) values (?,?,?,default)
Hibernate: insert into app_user (email,full_name,role,id) values (?,?,?,default)
Hibernate: select au1_0.id,au1_0.email,au1_0.full_name,au1_0.role from app_user au1_0 where au1_0.id=?
Hibernate: select c1_0.id,c1_0.active,c1_0.closing_time,c1_0.location,c1_0.name,c1_0.opening_time,c1_0.requires_approval,c1_0.type from court c1_0 where c1_0.id=?
Hibernate: insert into reservation (approval_deadline,cancelled_at,court_id,created_at,decided_at,decided_by_id,decision_reason,end_time,start_time,state,user_id,id) values (?,?,?,?,?,?,?,?,?,?,?,default)
Hibernate: select au1_0.id,au1_0.email,au1_0.full_name,au1_0.role from app_user au1_0 where au1_0.id=?
Hibernate: select r1_0.id,r1_0.approval_deadline,r1_0.cancelled_at,r1_0.court_id,c1_0.id,c1_0.active,c1_0.closing_time,c1_0.location,c1_0.name,c1_0.opening_time,c1_0.requires_approval,c1_0.type,r1_0.created_at,r1_0.decided_at,db1_0.id,db1_0.email,db1_0.full_name,db1_0.role,r1_0.decision_reason,r1_0.end_time,r1_0.start_time,r1_0.state,r1_0.user_id,u1_0.id,u1_0.email,u1_0.full_name,u1_0.role from reservation r1_0 join court c1_0 on c1_0.id=r1_0.court_id left join app_user db1_0 on db1_0.id=r1_0.decided_by_id join app_user u1_0 on u1_0.id=r1_0.user_id where r1_0.id=?
Hibernate: select c1_0.id,c1_0.active,c1_0.closing_time,c1_0.location,c1_0.name,c1_0.opening_time,c1_0.requires_approval,c1_0.type from court c1_0 where c1_0.id=? for update
Hibernate: select r1_0.id,r1_0.approval_deadline,r1_0.cancelled_at,r1_0.court_id,r1_0.created_at,r1_0.decided_at,r1_0.decided_by_id,r1_0.decision_reason,r1_0.end_time,r1_0.start_time,r1_0.state,r1_0.user_id from reservation r1_0 where r1_0.court_id=? and r1_0.state in (?) and r1_0.start_time<? and ?<r1_0.end_time
2026-09-28T14:05:03.221+02:00  INFO 9452 --- [           main] o.e.r.s.LoggingNotificationService       : NOTIFY owner alice+610979746078300@example.com: reservation 29 for court 'Court 1' is CONFIRMED
Hibernate: update reservation set approval_deadline=?,cancelled_at=?,court_id=?,decided_at=?,decided_by_id=?,decision_reason=?,end_time=?,start_time=?,state=?,user_id=? where id=?
Hibernate: select c1_0.id,c1_0.active,c1_0.closing_time,c1_0.location,c1_0.name,c1_0.opening_time,c1_0.requires_approval,c1_0.type from court c1_0 where c1_0.id=?
Hibernate: select r1_0.id,r1_0.approval_deadline,r1_0.cancelled_at,r1_0.court_id,r1_0.created_at,r1_0.decided_at,r1_0.decided_by_id,r1_0.decision_reason,r1_0.end_time,r1_0.start_time,r1_0.state,r1_0.user_id from reservation r1_0 where r1_0.court_id=? and r1_0.state in (?) and r1_0.start_time<? and ?<r1_0.end_time
Hibernate: select r1_0.id,r1_0.approval_deadline,r1_0.cancelled_at,r1_0.court_id,r1_0.created_at,r1_0.decided_at,r1_0.decided_by_id,r1_0.decision_reason,r1_0.end_time,r1_0.start_time,r1_0.state,r1_0.user_id from reservation r1_0 where r1_0.court_id=? and r1_0.state in (?) and r1_0.start_time<? and ?<r1_0.end_time
Hibernate: select au1_0.id,au1_0.email,au1_0.full_name,au1_0.role from app_user au1_0 where au1_0.id=?
Hibernate: select r1_0.id,r1_0.approval_deadline,r1_0.cancelled_at,r1_0.court_id,r1_0.created_at,r1_0.decided_at,r1_0.decided_by_id,r1_0.decision_reason,r1_0.end_time,r1_0.start_time,r1_0.state,r1_0.user_id from reservation r1_0
Hibernate: select c1_0.id,c1_0.active,c1_0.closing_time,c1_0.location,c1_0.name,c1_0.opening_time,c1_0.requires_approval,c1_0.type from court c1_0 where c1_0.id=?
Hibernate: select au1_0.id,au1_0.email,au1_0.full_name,au1_0.role from app_user au1_0 where au1_0.id=?
Hibernate: delete from reservation where id=?
Hibernate: insert into court (active,closing_time,location,name,opening_time,requires_approval,type,id) values (?,?,?,?,?,?,?,default)
Hibernate: insert into court (active,closing_time,location,name,opening_time,requires_approval,type,id) values (?,?,?,?,?,?,?,default)
Hibernate: insert into app_user (email,full_name,role,id) values (?,?,?,default)
Hibernate: insert into app_user (email,full_name,role,id) values (?,?,?,default)
Hibernate: insert into app_user (email,full_name,role,id) values (?,?,?,default)
Hibernate: select au1_0.id,au1_0.email,au1_0.full_name,au1_0.role from app_user au1_0 where au1_0.id=?
Hibernate: select c1_0.id,c1_0.active,c1_0.closing_time,c1_0.location,c1_0.name,c1_0.opening_time,c1_0.requires_approval,c1_0.type from court c1_0 where c1_0.id=?
Hibernate: insert into reservation (approval_deadline,cancelled_at,court_id,created_at,decided_at,decided_by_id,decision_reason,end_time,start_time,state,user_id,id) values (?,?,?,?,?,?,?,?,?,?,?,default)
Hibernate: select au1_0.id,au1_0.email,au1_0.full_name,au1_0.role from app_user au1_0 where au1_0.id=?
Hibernate: select r1_0.id,r1_0.approval_deadline,r1_0.cancelled_at,r1_0.court_id,c1_0.id,c1_0.active,c1_0.closing_time,c1_0.location,c1_0.name,c1_0.opening_time,c1_0.requires_approval,c1_0.type,r1_0.created_at,r1_0.decided_at,db1_0.id,db1_0.email,db1_0.full_name,db1_0.role,r1_0.decision_reason,r1_0.end_time,r1_0.start_time,r1_0.state,r1_0.user_id,u1_0.id,u1_0.email,u1_0.full_name,u1_0.role from reservation r1_0 join court c1_0 on c1_0.id=r1_0.court_id left join app_user db1_0 on db1_0.id=r1_0.decided_by_id join app_user u1_0 on u1_0.id=r1_0.user_id where r1_0.id=?
Hibernate: select c1_0.id,c1_0.active,c1_0.closing_time,c1_0.location,c1_0.name,c1_0.opening_time,c1_0.requires_approval,c1_0.type from court c1_0 where c1_0.id=? for update
Hibernate: select r1_0.id,r1_0.approval_deadline,r1_0.cancelled_at,r1_0.court_id,r1_0.created_at,r1_0.decided_at,r1_0.decided_by_id,r1_0.decision_reason,r1_0.end_time,r1_0.start_time,r1_0.state,r1_0.user_id from reservation r1_0 where r1_0.court_id=? and r1_0.state in (?) and r1_0.start_time<? and ?<r1_0.end_time
2026-09-28T14:05:03.247+02:00  INFO 9452 --- [           main] o.e.r.s.LoggingNotificationService       : NOTIFY owner alice+610979782146000@example.com: reservation 30 for court 'Court 1' is CONFIRMED
Hibernate: update reservation set approval_deadline=?,cancelled_at=?,court_id=?,decided_at=?,decided_by_id=?,decision_reason=?,end_time=?,start_time=?,state=?,user_id=? where id=?
Hibernate: select c1_0.id,c1_0.active,c1_0.closing_time,c1_0.location,c1_0.name,c1_0.opening_time,c1_0.requires_approval,c1_0.type from court c1_0 where c1_0.id=?
Hibernate: select r1_0.id,r1_0.approval_deadline,r1_0.cancelled_at,r1_0.court_id,r1_0.created_at,r1_0.decided_at,r1_0.decided_by_id,r1_0.decision_reason,r1_0.end_time,r1_0.start_time,r1_0.state,r1_0.user_id from reservation r1_0 where r1_0.court_id=? and r1_0.state in (?) and r1_0.start_time<? and ?<r1_0.end_time
Hibernate: select r1_0.id,r1_0.approval_deadline,r1_0.cancelled_at,r1_0.court_id,r1_0.created_at,r1_0.decided_at,r1_0.decided_by_id,r1_0.decision_reason,r1_0.end_time,r1_0.start_time,r1_0.state,r1_0.user_id from reservation r1_0 where r1_0.court_id=? and r1_0.state in (?) and r1_0.start_time<? and ?<r1_0.end_time
Hibernate: select r1_0.id,r1_0.approval_deadline,r1_0.cancelled_at,r1_0.court_id,r1_0.created_at,r1_0.decided_at,r1_0.decided_by_id,r1_0.decision_reason,r1_0.end_time,r1_0.start_time,r1_0.state,r1_0.user_id from reservation r1_0
Hibernate: select c1_0.id,c1_0.active,c1_0.closing_time,c1_0.location,c1_0.name,c1_0.opening_time,c1_0.requires_approval,c1_0.type from court c1_0 where c1_0.id=?
Hibernate: select au1_0.id,au1_0.email,au1_0.full_name,au1_0.role from app_user au1_0 where au1_0.id=?
Hibernate: delete from reservation where id=?
Hibernate: insert into court (active,closing_time,location,name,opening_time,requires_approval,type,id) values (?,?,?,?,?,?,?,default)
Hibernate: insert into court (active,closing_time,location,name,opening_time,requires_approval,type,id) values (?,?,?,?,?,?,?,default)
Hibernate: insert into app_user (email,full_name,role,id) values (?,?,?,default)
Hibernate: insert into app_user (email,full_name,role,id) values (?,?,?,default)
Hibernate: insert into app_user (email,full_name,role,id) values (?,?,?,default)
Hibernate: select au1_0.id,au1_0.email,au1_0.full_name,au1_0.role from app_user au1_0 where au1_0.id=?
Hibernate: select c1_0.id,c1_0.active,c1_0.closing_time,c1_0.location,c1_0.name,c1_0.opening_time,c1_0.requires_approval,c1_0.type from court c1_0 where c1_0.id=?
Hibernate: insert into reservation (approval_deadline,cancelled_at,court_id,created_at,decided_at,decided_by_id,decision_reason,end_time,start_time,state,user_id,id) values (?,?,?,?,?,?,?,?,?,?,?,default)
Hibernate: select au1_0.id,au1_0.email,au1_0.full_name,au1_0.role from app_user au1_0 where au1_0.id=?
Hibernate: select r1_0.id,r1_0.approval_deadline,r1_0.cancelled_at,r1_0.court_id,c1_0.id,c1_0.active,c1_0.closing_time,c1_0.location,c1_0.name,c1_0.opening_time,c1_0.requires_approval,c1_0.type,r1_0.created_at,r1_0.decided_at,db1_0.id,db1_0.email,db1_0.full_name,db1_0.role,r1_0.decision_reason,r1_0.end_time,r1_0.start_time,r1_0.state,r1_0.user_id,u1_0.id,u1_0.email,u1_0.full_name,u1_0.role from reservation r1_0 join court c1_0 on c1_0.id=r1_0.court_id left join app_user db1_0 on db1_0.id=r1_0.decided_by_id join app_user u1_0 on u1_0.id=r1_0.user_id where r1_0.id=?
Hibernate: select c1_0.id,c1_0.active,c1_0.closing_time,c1_0.location,c1_0.name,c1_0.opening_time,c1_0.requires_approval,c1_0.type from court c1_0 where c1_0.id=? for update
Hibernate: select r1_0.id,r1_0.approval_deadline,r1_0.cancelled_at,r1_0.court_id,r1_0.created_at,r1_0.decided_at,r1_0.decided_by_id,r1_0.decision_reason,r1_0.end_time,r1_0.start_time,r1_0.state,r1_0.user_id from reservation r1_0 where r1_0.court_id=? and r1_0.state in (?) and r1_0.start_time<? and ?<r1_0.end_time
2026-09-28T14:05:03.274+02:00  INFO 9452 --- [           main] o.e.r.s.LoggingNotificationService       : NOTIFY owner alice+610979806754800@example.com: reservation 31 for court 'Court 1' is CONFIRMED
Hibernate: update reservation set approval_deadline=?,cancelled_at=?,court_id=?,decided_at=?,decided_by_id=?,decision_reason=?,end_time=?,start_time=?,state=?,user_id=? where id=?
Hibernate: select c1_0.id,c1_0.active,c1_0.closing_time,c1_0.location,c1_0.name,c1_0.opening_time,c1_0.requires_approval,c1_0.type from court c1_0 where c1_0.id=?
Hibernate: select r1_0.id,r1_0.approval_deadline,r1_0.cancelled_at,r1_0.court_id,r1_0.created_at,r1_0.decided_at,r1_0.decided_by_id,r1_0.decision_reason,r1_0.end_time,r1_0.start_time,r1_0.state,r1_0.user_id from reservation r1_0 where r1_0.court_id=? and r1_0.state in (?) and r1_0.start_time<? and ?<r1_0.end_time
Hibernate: select r1_0.id,r1_0.approval_deadline,r1_0.cancelled_at,r1_0.court_id,r1_0.created_at,r1_0.decided_at,r1_0.decided_by_id,r1_0.decision_reason,r1_0.end_time,r1_0.start_time,r1_0.state,r1_0.user_id from reservation r1_0 where r1_0.court_id=? and r1_0.state in (?) and r1_0.start_time<? and ?<r1_0.end_time
Hibernate: select au1_0.id,au1_0.email,au1_0.full_name,au1_0.role from app_user au1_0 where au1_0.id=?
Hibernate: select r1_0.id,r1_0.approval_deadline,r1_0.cancelled_at,r1_0.court_id,r1_0.created_at,r1_0.decided_at,r1_0.decided_by_id,r1_0.decision_reason,r1_0.end_time,r1_0.start_time,r1_0.state,r1_0.user_id from reservation r1_0
Hibernate: select c1_0.id,c1_0.active,c1_0.closing_time,c1_0.location,c1_0.name,c1_0.opening_time,c1_0.requires_approval,c1_0.type from court c1_0 where c1_0.id=?
Hibernate: select au1_0.id,au1_0.email,au1_0.full_name,au1_0.role from app_user au1_0 where au1_0.id=?
Hibernate: delete from reservation where id=?
Hibernate: insert into court (active,closing_time,location,name,opening_time,requires_approval,type,id) values (?,?,?,?,?,?,?,default)
Hibernate: insert into court (active,closing_time,location,name,opening_time,requires_approval,type,id) values (?,?,?,?,?,?,?,default)
Hibernate: insert into app_user (email,full_name,role,id) values (?,?,?,default)
Hibernate: insert into app_user (email,full_name,role,id) values (?,?,?,default)
Hibernate: insert into app_user (email,full_name,role,id) values (?,?,?,default)
Hibernate: select au1_0.id,au1_0.email,au1_0.full_name,au1_0.role from app_user au1_0 where au1_0.id=?
Hibernate: select c1_0.id,c1_0.active,c1_0.closing_time,c1_0.location,c1_0.name,c1_0.opening_time,c1_0.requires_approval,c1_0.type from court c1_0 where c1_0.id=?
Hibernate: insert into reservation (approval_deadline,cancelled_at,court_id,created_at,decided_at,decided_by_id,decision_reason,end_time,start_time,state,user_id,id) values (?,?,?,?,?,?,?,?,?,?,?,default)
Hibernate: select au1_0.id,au1_0.email,au1_0.full_name,au1_0.role from app_user au1_0 where au1_0.id=?
Hibernate: select r1_0.id,r1_0.approval_deadline,r1_0.cancelled_at,r1_0.court_id,c1_0.id,c1_0.active,c1_0.closing_time,c1_0.location,c1_0.name,c1_0.opening_time,c1_0.requires_approval,c1_0.type,r1_0.created_at,r1_0.decided_at,db1_0.id,db1_0.email,db1_0.full_name,db1_0.role,r1_0.decision_reason,r1_0.end_time,r1_0.start_time,r1_0.state,r1_0.user_id,u1_0.id,u1_0.email,u1_0.full_name,u1_0.role from reservation r1_0 join court c1_0 on c1_0.id=r1_0.court_id left join app_user db1_0 on db1_0.id=r1_0.decided_by_id join app_user u1_0 on u1_0.id=r1_0.user_id where r1_0.id=?
Hibernate: select c1_0.id,c1_0.active,c1_0.closing_time,c1_0.location,c1_0.name,c1_0.opening_time,c1_0.requires_approval,c1_0.type from court c1_0 where c1_0.id=? for update
Hibernate: select r1_0.id,r1_0.approval_deadline,r1_0.cancelled_at,r1_0.court_id,r1_0.created_at,r1_0.decided_at,r1_0.decided_by_id,r1_0.decision_reason,r1_0.end_time,r1_0.start_time,r1_0.state,r1_0.user_id from reservation r1_0 where r1_0.court_id=? and r1_0.state in (?) and r1_0.start_time<? and ?<r1_0.end_time
2026-09-28T14:05:03.301+02:00  INFO 9452 --- [           main] o.e.r.s.LoggingNotificationService       : NOTIFY owner alice+610979835126800@example.com: reservation 32 for court 'Court 1' is CONFIRMED
Hibernate: update reservation set approval_deadline=?,cancelled_at=?,court_id=?,decided_at=?,decided_by_id=?,decision_reason=?,end_time=?,start_time=?,state=?,user_id=? where id=?
Hibernate: select c1_0.id,c1_0.active,c1_0.closing_time,c1_0.location,c1_0.name,c1_0.opening_time,c1_0.requires_approval,c1_0.type from court c1_0 where c1_0.id=?
Hibernate: select r1_0.id,r1_0.approval_deadline,r1_0.cancelled_at,r1_0.court_id,r1_0.created_at,r1_0.decided_at,r1_0.decided_by_id,r1_0.decision_reason,r1_0.end_time,r1_0.start_time,r1_0.state,r1_0.user_id from reservation r1_0 where r1_0.court_id=? and r1_0.state in (?) and r1_0.start_time<? and ?<r1_0.end_time
Hibernate: select r1_0.id,r1_0.approval_deadline,r1_0.cancelled_at,r1_0.court_id,r1_0.created_at,r1_0.decided_at,r1_0.decided_by_id,r1_0.decision_reason,r1_0.end_time,r1_0.start_time,r1_0.state,r1_0.user_id from reservation r1_0 where r1_0.court_id=? and r1_0.state in (?) and r1_0.start_time<? and ?<r1_0.end_time
Hibernate: select au1_0.id,au1_0.email,au1_0.full_name,au1_0.role from app_user au1_0 where au1_0.id=?
Hibernate: select r1_0.id,r1_0.approval_deadline,r1_0.cancelled_at,r1_0.court_id,r1_0.created_at,r1_0.decided_at,r1_0.decided_by_id,r1_0.decision_reason,r1_0.end_time,r1_0.start_time,r1_0.state,r1_0.user_id from reservation r1_0
Hibernate: select c1_0.id,c1_0.active,c1_0.closing_time,c1_0.location,c1_0.name,c1_0.opening_time,c1_0.requires_approval,c1_0.type from court c1_0 where c1_0.id=?
Hibernate: select au1_0.id,au1_0.email,au1_0.full_name,au1_0.role from app_user au1_0 where au1_0.id=?
Hibernate: delete from reservation where id=?
Hibernate: insert into court (active,closing_time,location,name,opening_time,requires_approval,type,id) values (?,?,?,?,?,?,?,default)
Hibernate: insert into court (active,closing_time,location,name,opening_time,requires_approval,type,id) values (?,?,?,?,?,?,?,default)
Hibernate: insert into app_user (email,full_name,role,id) values (?,?,?,default)
Hibernate: insert into app_user (email,full_name,role,id) values (?,?,?,default)
Hibernate: insert into app_user (email,full_name,role,id) values (?,?,?,default)
Hibernate: select au1_0.id,au1_0.email,au1_0.full_name,au1_0.role from app_user au1_0 where au1_0.id=?
Hibernate: select c1_0.id,c1_0.active,c1_0.closing_time,c1_0.location,c1_0.name,c1_0.opening_time,c1_0.requires_approval,c1_0.type from court c1_0 where c1_0.id=?
Hibernate: insert into reservation (approval_deadline,cancelled_at,court_id,created_at,decided_at,decided_by_id,decision_reason,end_time,start_time,state,user_id,id) values (?,?,?,?,?,?,?,?,?,?,?,default)
Hibernate: select au1_0.id,au1_0.email,au1_0.full_name,au1_0.role from app_user au1_0 where au1_0.id=?
Hibernate: select r1_0.id,r1_0.approval_deadline,r1_0.cancelled_at,r1_0.court_id,c1_0.id,c1_0.active,c1_0.closing_time,c1_0.location,c1_0.name,c1_0.opening_time,c1_0.requires_approval,c1_0.type,r1_0.created_at,r1_0.decided_at,db1_0.id,db1_0.email,db1_0.full_name,db1_0.role,r1_0.decision_reason,r1_0.end_time,r1_0.start_time,r1_0.state,r1_0.user_id,u1_0.id,u1_0.email,u1_0.full_name,u1_0.role from reservation r1_0 join court c1_0 on c1_0.id=r1_0.court_id left join app_user db1_0 on db1_0.id=r1_0.decided_by_id join app_user u1_0 on u1_0.id=r1_0.user_id where r1_0.id=?
Hibernate: select c1_0.id,c1_0.active,c1_0.closing_time,c1_0.location,c1_0.name,c1_0.opening_time,c1_0.requires_approval,c1_0.type from court c1_0 where c1_0.id=? for update
Hibernate: select r1_0.id,r1_0.approval_deadline,r1_0.cancelled_at,r1_0.court_id,r1_0.created_at,r1_0.decided_at,r1_0.decided_by_id,r1_0.decision_reason,r1_0.end_time,r1_0.start_time,r1_0.state,r1_0.user_id from reservation r1_0 where r1_0.court_id=? and r1_0.state in (?) and r1_0.start_time<? and ?<r1_0.end_time
2026-09-28T14:05:03.357+02:00  INFO 9452 --- [           main] o.e.r.s.LoggingNotificationService       : NOTIFY owner alice+610979865984400@example.com: reservation 33 for court 'Court 1' is CONFIRMED
Hibernate: update reservation set approval_deadline=?,cancelled_at=?,court_id=?,decided_at=?,decided_by_id=?,decision_reason=?,end_time=?,start_time=?,state=?,user_id=? where id=?
Hibernate: select c1_0.id,c1_0.active,c1_0.closing_time,c1_0.location,c1_0.name,c1_0.opening_time,c1_0.requires_approval,c1_0.type from court c1_0 where c1_0.id=?
Hibernate: select r1_0.id,r1_0.approval_deadline,r1_0.cancelled_at,r1_0.court_id,r1_0.created_at,r1_0.decided_at,r1_0.decided_by_id,r1_0.decision_reason,r1_0.end_time,r1_0.start_time,r1_0.state,r1_0.user_id from reservation r1_0 where r1_0.court_id=? and r1_0.state in (?) and r1_0.start_time<? and ?<r1_0.end_time
Hibernate: select r1_0.id,r1_0.approval_deadline,r1_0.cancelled_at,r1_0.court_id,r1_0.created_at,r1_0.decided_at,r1_0.decided_by_id,r1_0.decision_reason,r1_0.end_time,r1_0.start_time,r1_0.state,r1_0.user_id from reservation r1_0
Hibernate: select c1_0.id,c1_0.active,c1_0.closing_time,c1_0.location,c1_0.name,c1_0.opening_time,c1_0.requires_approval,c1_0.type from court c1_0 where c1_0.id=?
Hibernate: select au1_0.id,au1_0.email,au1_0.full_name,au1_0.role from app_user au1_0 where au1_0.id=?
Hibernate: delete from reservation where id=?
Hibernate: insert into court (active,closing_time,location,name,opening_time,requires_approval,type,id) values (?,?,?,?,?,?,?,default)
Hibernate: insert into court (active,closing_time,location,name,opening_time,requires_approval,type,id) values (?,?,?,?,?,?,?,default)
Hibernate: insert into app_user (email,full_name,role,id) values (?,?,?,default)
Hibernate: insert into app_user (email,full_name,role,id) values (?,?,?,default)
Hibernate: insert into app_user (email,full_name,role,id) values (?,?,?,default)
Hibernate: select au1_0.id,au1_0.email,au1_0.full_name,au1_0.role from app_user au1_0 where au1_0.id=?
Hibernate: select c1_0.id,c1_0.active,c1_0.closing_time,c1_0.location,c1_0.name,c1_0.opening_time,c1_0.requires_approval,c1_0.type from court c1_0 where c1_0.id=?
Hibernate: insert into reservation (approval_deadline,cancelled_at,court_id,created_at,decided_at,decided_by_id,decision_reason,end_time,start_time,state,user_id,id) values (?,?,?,?,?,?,?,?,?,?,?,default)
Hibernate: select au1_0.id,au1_0.email,au1_0.full_name,au1_0.role from app_user au1_0 where au1_0.id=?
Hibernate: select r1_0.id,r1_0.approval_deadline,r1_0.cancelled_at,r1_0.court_id,c1_0.id,c1_0.active,c1_0.closing_time,c1_0.location,c1_0.name,c1_0.opening_time,c1_0.requires_approval,c1_0.type,r1_0.created_at,r1_0.decided_at,db1_0.id,db1_0.email,db1_0.full_name,db1_0.role,r1_0.decision_reason,r1_0.end_time,r1_0.start_time,r1_0.state,r1_0.user_id,u1_0.id,u1_0.email,u1_0.full_name,u1_0.role from reservation r1_0 join court c1_0 on c1_0.id=r1_0.court_id left join app_user db1_0 on db1_0.id=r1_0.decided_by_id join app_user u1_0 on u1_0.id=r1_0.user_id where r1_0.id=?
Hibernate: select c1_0.id,c1_0.active,c1_0.closing_time,c1_0.location,c1_0.name,c1_0.opening_time,c1_0.requires_approval,c1_0.type from court c1_0 where c1_0.id=? for update
Hibernate: select r1_0.id,r1_0.approval_deadline,r1_0.cancelled_at,r1_0.court_id,r1_0.created_at,r1_0.decided_at,r1_0.decided_by_id,r1_0.decision_reason,r1_0.end_time,r1_0.start_time,r1_0.state,r1_0.user_id from reservation r1_0 where r1_0.court_id=? and r1_0.state in (?) and r1_0.start_time<? and ?<r1_0.end_time
2026-09-28T14:05:03.386+02:00  INFO 9452 --- [           main] o.e.r.s.LoggingNotificationService       : NOTIFY owner alice+610979916157800@example.com: reservation 34 for court 'Court 1' is CONFIRMED
Hibernate: update reservation set approval_deadline=?,cancelled_at=?,court_id=?,decided_at=?,decided_by_id=?,decision_reason=?,end_time=?,start_time=?,state=?,user_id=? where id=?
Hibernate: select c1_0.id,c1_0.active,c1_0.closing_time,c1_0.location,c1_0.name,c1_0.opening_time,c1_0.requires_approval,c1_0.type from court c1_0 where c1_0.id=?
Hibernate: select r1_0.id,r1_0.approval_deadline,r1_0.cancelled_at,r1_0.court_id,r1_0.created_at,r1_0.decided_at,r1_0.decided_by_id,r1_0.decision_reason,r1_0.end_time,r1_0.start_time,r1_0.state,r1_0.user_id from reservation r1_0 where r1_0.court_id=? and r1_0.state in (?) and r1_0.start_time<? and ?<r1_0.end_time
Hibernate: select r1_0.id,r1_0.approval_deadline,r1_0.cancelled_at,r1_0.court_id,r1_0.created_at,r1_0.decided_at,r1_0.decided_by_id,r1_0.decision_reason,r1_0.end_time,r1_0.start_time,r1_0.state,r1_0.user_id from reservation r1_0
Hibernate: select c1_0.id,c1_0.active,c1_0.closing_time,c1_0.location,c1_0.name,c1_0.opening_time,c1_0.requires_approval,c1_0.type from court c1_0 where c1_0.id=?
Hibernate: select au1_0.id,au1_0.email,au1_0.full_name,au1_0.role from app_user au1_0 where au1_0.id=?
Hibernate: delete from reservation where id=?
Hibernate: insert into court (active,closing_time,location,name,opening_time,requires_approval,type,id) values (?,?,?,?,?,?,?,default)
Hibernate: insert into court (active,closing_time,location,name,opening_time,requires_approval,type,id) values (?,?,?,?,?,?,?,default)
Hibernate: insert into app_user (email,full_name,role,id) values (?,?,?,default)
Hibernate: insert into app_user (email,full_name,role,id) values (?,?,?,default)
Hibernate: insert into app_user (email,full_name,role,id) values (?,?,?,default)
Hibernate: select au1_0.id,au1_0.email,au1_0.full_name,au1_0.role from app_user au1_0 where au1_0.id=?
Hibernate: select c1_0.id,c1_0.active,c1_0.closing_time,c1_0.location,c1_0.name,c1_0.opening_time,c1_0.requires_approval,c1_0.type from court c1_0 where c1_0.id=?
Hibernate: insert into reservation (approval_deadline,cancelled_at,court_id,created_at,decided_at,decided_by_id,decision_reason,end_time,start_time,state,user_id,id) values (?,?,?,?,?,?,?,?,?,?,?,default)
Hibernate: select au1_0.id,au1_0.email,au1_0.full_name,au1_0.role from app_user au1_0 where au1_0.id=?
Hibernate: select r1_0.id,r1_0.approval_deadline,r1_0.cancelled_at,r1_0.court_id,c1_0.id,c1_0.active,c1_0.closing_time,c1_0.location,c1_0.name,c1_0.opening_time,c1_0.requires_approval,c1_0.type,r1_0.created_at,r1_0.decided_at,db1_0.id,db1_0.email,db1_0.full_name,db1_0.role,r1_0.decision_reason,r1_0.end_time,r1_0.start_time,r1_0.state,r1_0.user_id,u1_0.id,u1_0.email,u1_0.full_name,u1_0.role from reservation r1_0 join court c1_0 on c1_0.id=r1_0.court_id left join app_user db1_0 on db1_0.id=r1_0.decided_by_id join app_user u1_0 on u1_0.id=r1_0.user_id where r1_0.id=?
Hibernate: select c1_0.id,c1_0.active,c1_0.closing_time,c1_0.location,c1_0.name,c1_0.opening_time,c1_0.requires_approval,c1_0.type from court c1_0 where c1_0.id=? for update
Hibernate: select r1_0.id,r1_0.approval_deadline,r1_0.cancelled_at,r1_0.court_id,r1_0.created_at,r1_0.decided_at,r1_0.decided_by_id,r1_0.decision_reason,r1_0.end_time,r1_0.start_time,r1_0.state,r1_0.user_id from reservation r1_0 where r1_0.court_id=? and r1_0.state in (?) and r1_0.start_time<? and ?<r1_0.end_time
2026-09-28T14:05:03.420+02:00  INFO 9452 --- [           main] o.e.r.s.LoggingNotificationService       : NOTIFY owner alice+610979946966900@example.com: reservation 35 for court 'Court 1' is CONFIRMED
Hibernate: update reservation set approval_deadline=?,cancelled_at=?,court_id=?,decided_at=?,decided_by_id=?,decision_reason=?,end_time=?,start_time=?,state=?,user_id=? where id=?
Hibernate: select au1_0.id,au1_0.email,au1_0.full_name,au1_0.role from app_user au1_0 where au1_0.id=?
Hibernate: select c1_0.id,c1_0.active,c1_0.closing_time,c1_0.location,c1_0.name,c1_0.opening_time,c1_0.requires_approval,c1_0.type from court c1_0 where c1_0.id=?
Hibernate: insert into reservation (approval_deadline,cancelled_at,court_id,created_at,decided_at,decided_by_id,decision_reason,end_time,start_time,state,user_id,id) values (?,?,?,?,?,?,?,?,?,?,?,default)
Hibernate: select c1_0.id,c1_0.active,c1_0.closing_time,c1_0.location,c1_0.name,c1_0.opening_time,c1_0.requires_approval,c1_0.type from court c1_0 where c1_0.id=?
Hibernate: select r1_0.id,r1_0.approval_deadline,r1_0.cancelled_at,r1_0.court_id,r1_0.created_at,r1_0.decided_at,r1_0.decided_by_id,r1_0.decision_reason,r1_0.end_time,r1_0.start_time,r1_0.state,r1_0.user_id from reservation r1_0 where r1_0.court_id=? and r1_0.state in (?) and r1_0.start_time<? and ?<r1_0.end_time
Hibernate: select r1_0.id,r1_0.approval_deadline,r1_0.cancelled_at,r1_0.court_id,r1_0.created_at,r1_0.decided_at,r1_0.decided_by_id,r1_0.decision_reason,r1_0.end_time,r1_0.start_time,r1_0.state,r1_0.user_id from reservation r1_0 where r1_0.court_id=? and r1_0.state in (?) and r1_0.start_time<? and ?<r1_0.end_time
Hibernate: select r1_0.id,r1_0.approval_deadline,r1_0.cancelled_at,r1_0.court_id,r1_0.created_at,r1_0.decided_at,r1_0.decided_by_id,r1_0.decision_reason,r1_0.end_time,r1_0.start_time,r1_0.state,r1_0.user_id from reservation r1_0
Hibernate: select c1_0.id,c1_0.active,c1_0.closing_time,c1_0.location,c1_0.name,c1_0.opening_time,c1_0.requires_approval,c1_0.type from court c1_0 where c1_0.id=?
Hibernate: select au1_0.id,au1_0.email,au1_0.full_name,au1_0.role from app_user au1_0 where au1_0.id=?
Hibernate: delete from reservation where id=?
Hibernate: delete from reservation where id=?
Hibernate: insert into court (active,closing_time,location,name,opening_time,requires_approval,type,id) values (?,?,?,?,?,?,?,default)
Hibernate: insert into court (active,closing_time,location,name,opening_time,requires_approval,type,id) values (?,?,?,?,?,?,?,default)
Hibernate: insert into app_user (email,full_name,role,id) values (?,?,?,default)
Hibernate: insert into app_user (email,full_name,role,id) values (?,?,?,default)
Hibernate: insert into app_user (email,full_name,role,id) values (?,?,?,default)
Hibernate: select au1_0.id,au1_0.email,au1_0.full_name,au1_0.role from app_user au1_0 where au1_0.id=?
Hibernate: select c1_0.id,c1_0.active,c1_0.closing_time,c1_0.location,c1_0.name,c1_0.opening_time,c1_0.requires_approval,c1_0.type from court c1_0 where c1_0.id=?
Hibernate: insert into reservation (approval_deadline,cancelled_at,court_id,created_at,decided_at,decided_by_id,decision_reason,end_time,start_time,state,user_id,id) values (?,?,?,?,?,?,?,?,?,?,?,default)
Hibernate: select au1_0.id,au1_0.email,au1_0.full_name,au1_0.role from app_user au1_0 where au1_0.id=?
Hibernate: select r1_0.id,r1_0.approval_deadline,r1_0.cancelled_at,r1_0.court_id,c1_0.id,c1_0.active,c1_0.closing_time,c1_0.location,c1_0.name,c1_0.opening_time,c1_0.requires_approval,c1_0.type,r1_0.created_at,r1_0.decided_at,db1_0.id,db1_0.email,db1_0.full_name,db1_0.role,r1_0.decision_reason,r1_0.end_time,r1_0.start_time,r1_0.state,r1_0.user_id,u1_0.id,u1_0.email,u1_0.full_name,u1_0.role from reservation r1_0 join court c1_0 on c1_0.id=r1_0.court_id left join app_user db1_0 on db1_0.id=r1_0.decided_by_id join app_user u1_0 on u1_0.id=r1_0.user_id where r1_0.id=?
Hibernate: select c1_0.id,c1_0.active,c1_0.closing_time,c1_0.location,c1_0.name,c1_0.opening_time,c1_0.requires_approval,c1_0.type from court c1_0 where c1_0.id=? for update
Hibernate: select r1_0.id,r1_0.approval_deadline,r1_0.cancelled_at,r1_0.court_id,r1_0.created_at,r1_0.decided_at,r1_0.decided_by_id,r1_0.decision_reason,r1_0.end_time,r1_0.start_time,r1_0.state,r1_0.user_id from reservation r1_0 where r1_0.court_id=? and r1_0.state in (?) and r1_0.start_time<? and ?<r1_0.end_time
2026-09-28T14:05:03.465+02:00  INFO 9452 --- [           main] o.e.r.s.LoggingNotificationService       : NOTIFY owner alice+610979988832300@example.com: reservation 37 for court 'Court 1' is CONFIRMED
Hibernate: update reservation set approval_deadline=?,cancelled_at=?,court_id=?,decided_at=?,decided_by_id=?,decision_reason=?,end_time=?,start_time=?,state=?,user_id=? where id=?
Hibernate: select au1_0.id,au1_0.email,au1_0.full_name,au1_0.role from app_user au1_0 where au1_0.id=?
Hibernate: select c1_0.id,c1_0.active,c1_0.closing_time,c1_0.location,c1_0.name,c1_0.opening_time,c1_0.requires_approval,c1_0.type from court c1_0 where c1_0.id=?
Hibernate: insert into reservation (approval_deadline,cancelled_at,court_id,created_at,decided_at,decided_by_id,decision_reason,end_time,start_time,state,user_id,id) values (?,?,?,?,?,?,?,?,?,?,?,default)
Hibernate: select au1_0.id,au1_0.email,au1_0.full_name,au1_0.role from app_user au1_0 where au1_0.id=?
Hibernate: select r1_0.id,r1_0.approval_deadline,r1_0.cancelled_at,r1_0.court_id,c1_0.id,c1_0.active,c1_0.closing_time,c1_0.location,c1_0.name,c1_0.opening_time,c1_0.requires_approval,c1_0.type,r1_0.created_at,r1_0.decided_at,db1_0.id,db1_0.email,db1_0.full_name,db1_0.role,r1_0.decision_reason,r1_0.end_time,r1_0.start_time,r1_0.state,r1_0.user_id,u1_0.id,u1_0.email,u1_0.full_name,u1_0.role from reservation r1_0 join court c1_0 on c1_0.id=r1_0.court_id left join app_user db1_0 on db1_0.id=r1_0.decided_by_id join app_user u1_0 on u1_0.id=r1_0.user_id where r1_0.id=?
Hibernate: select c1_0.id,c1_0.active,c1_0.closing_time,c1_0.location,c1_0.name,c1_0.opening_time,c1_0.requires_approval,c1_0.type from court c1_0 where c1_0.id=? for update
Hibernate: select r1_0.id,r1_0.approval_deadline,r1_0.cancelled_at,r1_0.court_id,r1_0.created_at,r1_0.decided_at,r1_0.decided_by_id,r1_0.decision_reason,r1_0.end_time,r1_0.start_time,r1_0.state,r1_0.user_id from reservation r1_0 where r1_0.court_id=? and r1_0.state in (?) and r1_0.start_time<? and ?<r1_0.end_time
2026-09-28T14:05:03.475+02:00  INFO 9452 --- [           main] o.e.r.s.LoggingNotificationService       : NOTIFY owner alice+610979988832300@example.com: reservation 38 for court 'Court 1' is CONFIRMED
Hibernate: update reservation set approval_deadline=?,cancelled_at=?,court_id=?,decided_at=?,decided_by_id=?,decision_reason=?,end_time=?,start_time=?,state=?,user_id=? where id=?
Hibernate: select c1_0.id,c1_0.active,c1_0.closing_time,c1_0.location,c1_0.name,c1_0.opening_time,c1_0.requires_approval,c1_0.type from court c1_0 where c1_0.id=?
Hibernate: select r1_0.id,r1_0.approval_deadline,r1_0.cancelled_at,r1_0.court_id,r1_0.created_at,r1_0.decided_at,r1_0.decided_by_id,r1_0.decision_reason,r1_0.end_time,r1_0.start_time,r1_0.state,r1_0.user_id from reservation r1_0 where r1_0.court_id=? and r1_0.state in (?) and r1_0.start_time<? and ?<r1_0.end_time
Hibernate: select r1_0.id,r1_0.approval_deadline,r1_0.cancelled_at,r1_0.court_id,r1_0.created_at,r1_0.decided_at,r1_0.decided_by_id,r1_0.decision_reason,r1_0.end_time,r1_0.start_time,r1_0.state,r1_0.user_id from reservation r1_0 where r1_0.court_id=? and r1_0.state in (?) and r1_0.start_time<? and ?<r1_0.end_time
Hibernate: select au1_0.id,au1_0.email,au1_0.full_name,au1_0.role from app_user au1_0 where au1_0.id=?
Hibernate: select au1_0.id,au1_0.email,au1_0.full_name,au1_0.role from app_user au1_0 where au1_0.id=?
Hibernate: select r1_0.id,r1_0.approval_deadline,r1_0.cancelled_at,r1_0.court_id,c1_0.id,c1_0.active,c1_0.closing_time,c1_0.location,c1_0.name,c1_0.opening_time,c1_0.requires_approval,c1_0.type,r1_0.created_at,r1_0.decided_at,db1_0.id,db1_0.email,db1_0.full_name,db1_0.role,r1_0.decision_reason,r1_0.end_time,r1_0.start_time,r1_0.state,r1_0.user_id,u1_0.id,u1_0.email,u1_0.full_name,u1_0.role from reservation r1_0 join court c1_0 on c1_0.id=r1_0.court_id left join app_user db1_0 on db1_0.id=r1_0.decided_by_id join app_user u1_0 on u1_0.id=r1_0.user_id where r1_0.id=?
Hibernate: update reservation set approval_deadline=?,cancelled_at=?,court_id=?,decided_at=?,decided_by_id=?,decision_reason=?,end_time=?,start_time=?,state=?,user_id=? where id=?
Hibernate: select c1_0.id,c1_0.active,c1_0.closing_time,c1_0.location,c1_0.name,c1_0.opening_time,c1_0.requires_approval,c1_0.type from court c1_0 where c1_0.id=?
Hibernate: select r1_0.id,r1_0.approval_deadline,r1_0.cancelled_at,r1_0.court_id,r1_0.created_at,r1_0.decided_at,r1_0.decided_by_id,r1_0.decision_reason,r1_0.end_time,r1_0.start_time,r1_0.state,r1_0.user_id from reservation r1_0 where r1_0.court_id=? and r1_0.state in (?) and r1_0.start_time<? and ?<r1_0.end_time
Hibernate: select r1_0.id,r1_0.approval_deadline,r1_0.cancelled_at,r1_0.court_id,r1_0.created_at,r1_0.decided_at,r1_0.decided_by_id,r1_0.decision_reason,r1_0.end_time,r1_0.start_time,r1_0.state,r1_0.user_id from reservation r1_0 where r1_0.court_id=? and r1_0.state in (?) and r1_0.start_time<? and ?<r1_0.end_time
[INFO] Tests run: 10, Failures: 0, Errors: 0, Skipped: 0, Time elapsed: 0.378 s -- in OP-02 Check Availability (fixture: CONFIRMED [10:00,11:00))
[INFO] Running OP-01 Create Reservation
2026-09-28T14:05:03.500+02:00  INFO 9452 --- [           main] t.c.s.AnnotationConfigContextLoaderUtils : Could not detect default configuration classes for test class [org.example.reservation.BaselineV01VerificationTest$Op01Create]: Op01Create does not declare any static, non-private, non-final, nested classes annotated with @Configuration.
2026-09-28T14:05:03.502+02:00  INFO 9452 --- [           main] .b.t.c.SpringBootTestContextBootstrapper : Found @SpringBootConfiguration org.example.reservation.ReservationApplication for test class org.example.reservation.BaselineV01VerificationTest$Op01Create
Hibernate: select r1_0.id,r1_0.approval_deadline,r1_0.cancelled_at,r1_0.court_id,r1_0.created_at,r1_0.decided_at,r1_0.decided_by_id,r1_0.decision_reason,r1_0.end_time,r1_0.start_time,r1_0.state,r1_0.user_id from reservation r1_0
Hibernate: select c1_0.id,c1_0.active,c1_0.closing_time,c1_0.location,c1_0.name,c1_0.opening_time,c1_0.requires_approval,c1_0.type from court c1_0 where c1_0.id=?
Hibernate: select au1_0.id,au1_0.email,au1_0.full_name,au1_0.role from app_user au1_0 where au1_0.id=?
Hibernate: delete from reservation where id=?
Hibernate: delete from reservation where id=?
Hibernate: insert into court (active,closing_time,location,name,opening_time,requires_approval,type,id) values (?,?,?,?,?,?,?,default)
Hibernate: insert into court (active,closing_time,location,name,opening_time,requires_approval,type,id) values (?,?,?,?,?,?,?,default)
Hibernate: insert into app_user (email,full_name,role,id) values (?,?,?,default)
Hibernate: insert into app_user (email,full_name,role,id) values (?,?,?,default)
Hibernate: insert into app_user (email,full_name,role,id) values (?,?,?,default)
Hibernate: select au1_0.id,au1_0.email,au1_0.full_name,au1_0.role from app_user au1_0 where au1_0.id=?
Hibernate: select c1_0.id,c1_0.active,c1_0.closing_time,c1_0.location,c1_0.name,c1_0.opening_time,c1_0.requires_approval,c1_0.type from court c1_0 where c1_0.id=?
Hibernate: insert into reservation (approval_deadline,cancelled_at,court_id,created_at,decided_at,decided_by_id,decision_reason,end_time,start_time,state,user_id,id) values (?,?,?,?,?,?,?,?,?,?,?,default)
Hibernate: select c1_0.id,c1_0.active,c1_0.closing_time,c1_0.location,c1_0.name,c1_0.opening_time,c1_0.requires_approval,c1_0.type from court c1_0 where c1_0.id=?
Hibernate: select r1_0.id,r1_0.approval_deadline,r1_0.cancelled_at,r1_0.court_id,r1_0.created_at,r1_0.decided_at,r1_0.decided_by_id,r1_0.decision_reason,r1_0.end_time,r1_0.start_time,r1_0.state,r1_0.user_id from reservation r1_0 where r1_0.court_id=? and r1_0.state in (?) and r1_0.start_time<? and ?<r1_0.end_time
Hibernate: select r1_0.id,r1_0.approval_deadline,r1_0.cancelled_at,r1_0.court_id,r1_0.created_at,r1_0.decided_at,r1_0.decided_by_id,r1_0.decision_reason,r1_0.end_time,r1_0.start_time,r1_0.state,r1_0.user_id from reservation r1_0 where r1_0.court_id=? and r1_0.state in (?) and r1_0.start_time<? and ?<r1_0.end_time
Hibernate: select r1_0.id,r1_0.approval_deadline,r1_0.cancelled_at,r1_0.court_id,r1_0.created_at,r1_0.decided_at,r1_0.decided_by_id,r1_0.decision_reason,r1_0.end_time,r1_0.start_time,r1_0.state,r1_0.user_id from reservation r1_0
Hibernate: select c1_0.id,c1_0.active,c1_0.closing_time,c1_0.location,c1_0.name,c1_0.opening_time,c1_0.requires_approval,c1_0.type from court c1_0 where c1_0.id=?
Hibernate: select au1_0.id,au1_0.email,au1_0.full_name,au1_0.role from app_user au1_0 where au1_0.id=?
Hibernate: delete from reservation where id=?
Hibernate: insert into court (active,closing_time,location,name,opening_time,requires_approval,type,id) values (?,?,?,?,?,?,?,default)
Hibernate: insert into court (active,closing_time,location,name,opening_time,requires_approval,type,id) values (?,?,?,?,?,?,?,default)
Hibernate: insert into app_user (email,full_name,role,id) values (?,?,?,default)
Hibernate: insert into app_user (email,full_name,role,id) values (?,?,?,default)
Hibernate: insert into app_user (email,full_name,role,id) values (?,?,?,default)
Hibernate: select au1_0.id,au1_0.email,au1_0.full_name,au1_0.role from app_user au1_0 where au1_0.id=?
Hibernate: select c1_0.id,c1_0.active,c1_0.closing_time,c1_0.location,c1_0.name,c1_0.opening_time,c1_0.requires_approval,c1_0.type from court c1_0 where c1_0.id=?
Hibernate: insert into reservation (approval_deadline,cancelled_at,court_id,created_at,decided_at,decided_by_id,decision_reason,end_time,start_time,state,user_id,id) values (?,?,?,?,?,?,?,?,?,?,?,default)
Hibernate: select au1_0.id,au1_0.email,au1_0.full_name,au1_0.role from app_user au1_0 where au1_0.id=?
Hibernate: select r1_0.id,r1_0.approval_deadline,r1_0.cancelled_at,r1_0.court_id,c1_0.id,c1_0.active,c1_0.closing_time,c1_0.location,c1_0.name,c1_0.opening_time,c1_0.requires_approval,c1_0.type,r1_0.created_at,r1_0.decided_at,db1_0.id,db1_0.email,db1_0.full_name,db1_0.role,r1_0.decision_reason,r1_0.end_time,r1_0.start_time,r1_0.state,r1_0.user_id,u1_0.id,u1_0.email,u1_0.full_name,u1_0.role from reservation r1_0 join court c1_0 on c1_0.id=r1_0.court_id left join app_user db1_0 on db1_0.id=r1_0.decided_by_id join app_user u1_0 on u1_0.id=r1_0.user_id where r1_0.id=?
Hibernate: select c1_0.id,c1_0.active,c1_0.closing_time,c1_0.location,c1_0.name,c1_0.opening_time,c1_0.requires_approval,c1_0.type from court c1_0 where c1_0.id=? for update
Hibernate: select r1_0.id,r1_0.approval_deadline,r1_0.cancelled_at,r1_0.court_id,r1_0.created_at,r1_0.decided_at,r1_0.decided_by_id,r1_0.decision_reason,r1_0.end_time,r1_0.start_time,r1_0.state,r1_0.user_id from reservation r1_0 where r1_0.court_id=? and r1_0.state in (?) and r1_0.start_time<? and ?<r1_0.end_time
2026-09-28T14:05:03.591+02:00  INFO 9452 --- [           main] o.e.r.s.LoggingNotificationService       : NOTIFY owner alice+610980115284300@example.com: reservation 40 for court 'Court 1' is CONFIRMED
Hibernate: update reservation set approval_deadline=?,cancelled_at=?,court_id=?,decided_at=?,decided_by_id=?,decision_reason=?,end_time=?,start_time=?,state=?,user_id=? where id=?
Hibernate: select au1_0.id,au1_0.email,au1_0.full_name,au1_0.role from app_user au1_0 where au1_0.id=?
Hibernate: select c1_0.id,c1_0.active,c1_0.closing_time,c1_0.location,c1_0.name,c1_0.opening_time,c1_0.requires_approval,c1_0.type from court c1_0 where c1_0.id=?
Hibernate: insert into reservation (approval_deadline,cancelled_at,court_id,created_at,decided_at,decided_by_id,decision_reason,end_time,start_time,state,user_id,id) values (?,?,?,?,?,?,?,?,?,?,?,default)
Hibernate: select r1_0.id,r1_0.approval_deadline,r1_0.cancelled_at,r1_0.court_id,r1_0.created_at,r1_0.decided_at,r1_0.decided_by_id,r1_0.decision_reason,r1_0.end_time,r1_0.start_time,r1_0.state,r1_0.user_id from reservation r1_0
Hibernate: select c1_0.id,c1_0.active,c1_0.closing_time,c1_0.location,c1_0.name,c1_0.opening_time,c1_0.requires_approval,c1_0.type from court c1_0 where c1_0.id=?
Hibernate: select au1_0.id,au1_0.email,au1_0.full_name,au1_0.role from app_user au1_0 where au1_0.id=?
Hibernate: select au1_0.id,au1_0.email,au1_0.full_name,au1_0.role from app_user au1_0 where au1_0.id=?
Hibernate: delete from reservation where id=?
Hibernate: delete from reservation where id=?
Hibernate: insert into court (active,closing_time,location,name,opening_time,requires_approval,type,id) values (?,?,?,?,?,?,?,default)
Hibernate: insert into court (active,closing_time,location,name,opening_time,requires_approval,type,id) values (?,?,?,?,?,?,?,default)
Hibernate: insert into app_user (email,full_name,role,id) values (?,?,?,default)
Hibernate: insert into app_user (email,full_name,role,id) values (?,?,?,default)
Hibernate: insert into app_user (email,full_name,role,id) values (?,?,?,default)
Hibernate: select count(*) from reservation r1_0
Hibernate: select au1_0.id,au1_0.email,au1_0.full_name,au1_0.role from app_user au1_0 where au1_0.id=?
Hibernate: select c1_0.id,c1_0.active,c1_0.closing_time,c1_0.location,c1_0.name,c1_0.opening_time,c1_0.requires_approval,c1_0.type from court c1_0 where c1_0.id=?
Hibernate: select count(*) from reservation r1_0
Hibernate: select r1_0.id,r1_0.approval_deadline,r1_0.cancelled_at,r1_0.court_id,r1_0.created_at,r1_0.decided_at,r1_0.decided_by_id,r1_0.decision_reason,r1_0.end_time,r1_0.start_time,r1_0.state,r1_0.user_id from reservation r1_0
Hibernate: insert into court (active,closing_time,location,name,opening_time,requires_approval,type,id) values (?,?,?,?,?,?,?,default)
Hibernate: insert into court (active,closing_time,location,name,opening_time,requires_approval,type,id) values (?,?,?,?,?,?,?,default)
Hibernate: insert into app_user (email,full_name,role,id) values (?,?,?,default)
Hibernate: insert into app_user (email,full_name,role,id) values (?,?,?,default)
Hibernate: insert into app_user (email,full_name,role,id) values (?,?,?,default)
Hibernate: select au1_0.id,au1_0.email,au1_0.full_name,au1_0.role from app_user au1_0 where au1_0.id=?
Hibernate: select c1_0.id,c1_0.active,c1_0.closing_time,c1_0.location,c1_0.name,c1_0.opening_time,c1_0.requires_approval,c1_0.type from court c1_0 where c1_0.id=?
Hibernate: select r1_0.id,r1_0.approval_deadline,r1_0.cancelled_at,r1_0.court_id,r1_0.created_at,r1_0.decided_at,r1_0.decided_by_id,r1_0.decision_reason,r1_0.end_time,r1_0.start_time,r1_0.state,r1_0.user_id from reservation r1_0
Hibernate: insert into court (active,closing_time,location,name,opening_time,requires_approval,type,id) values (?,?,?,?,?,?,?,default)
Hibernate: insert into court (active,closing_time,location,name,opening_time,requires_approval,type,id) values (?,?,?,?,?,?,?,default)
Hibernate: insert into app_user (email,full_name,role,id) values (?,?,?,default)
Hibernate: insert into app_user (email,full_name,role,id) values (?,?,?,default)
Hibernate: insert into app_user (email,full_name,role,id) values (?,?,?,default)
Hibernate: select count(*) from reservation r1_0
Hibernate: select au1_0.id,au1_0.email,au1_0.full_name,au1_0.role from app_user au1_0 where au1_0.id=?
Hibernate: select count(*) from reservation r1_0
Hibernate: select r1_0.id,r1_0.approval_deadline,r1_0.cancelled_at,r1_0.court_id,r1_0.created_at,r1_0.decided_at,r1_0.decided_by_id,r1_0.decision_reason,r1_0.end_time,r1_0.start_time,r1_0.state,r1_0.user_id from reservation r1_0
Hibernate: insert into court (active,closing_time,location,name,opening_time,requires_approval,type,id) values (?,?,?,?,?,?,?,default)
Hibernate: insert into court (active,closing_time,location,name,opening_time,requires_approval,type,id) values (?,?,?,?,?,?,?,default)
Hibernate: insert into app_user (email,full_name,role,id) values (?,?,?,default)
Hibernate: insert into app_user (email,full_name,role,id) values (?,?,?,default)
Hibernate: insert into app_user (email,full_name,role,id) values (?,?,?,default)
Hibernate: select au1_0.id,au1_0.email,au1_0.full_name,au1_0.role from app_user au1_0 where au1_0.id=?
Hibernate: select c1_0.id,c1_0.active,c1_0.closing_time,c1_0.location,c1_0.name,c1_0.opening_time,c1_0.requires_approval,c1_0.type from court c1_0 where c1_0.id=?
[INFO] Tests run: 6, Failures: 0, Errors: 0, Skipped: 0, Time elapsed: 0.205 s -- in OP-01 Create Reservation
[INFO] Tests run: 0, Failures: 0, Errors: 0, Skipped: 0, Time elapsed: 9.393 s -- in org.example.reservation.BaselineV01VerificationTest
[INFO] Running org.example.reservation.BaselineV02ApprovalVerificationTest
2026-09-28T14:05:03.715+02:00  INFO 9452 --- [           main] t.c.s.AnnotationConfigContextLoaderUtils : Could not detect default configuration classes for test class [org.example.reservation.BaselineV02ApprovalVerificationTest]: BaselineV02ApprovalVerificationTest does not declare any static, non-private, non-final, nested classes annotated with @Configuration.
2026-09-28T14:05:03.717+02:00  INFO 9452 --- [           main] .b.t.c.SpringBootTestContextBootstrapper : Found @SpringBootConfiguration org.example.reservation.ReservationApplication for test class org.example.reservation.BaselineV02ApprovalVerificationTest
[INFO] Running OP-04 Cancel - amended cancellable states (BR-03.1)
2026-09-28T14:05:03.721+02:00  INFO 9452 --- [           main] t.c.s.AnnotationConfigContextLoaderUtils : Could not detect default configuration classes for test class [org.example.reservation.BaselineV02ApprovalVerificationTest$Op04Changed]: Op04Changed does not declare any static, non-private, non-final, nested classes annotated with @Configuration.
2026-09-28T14:05:03.723+02:00  INFO 9452 --- [           main] .b.t.c.SpringBootTestContextBootstrapper : Found @SpringBootConfiguration org.example.reservation.ReservationApplication for test class org.example.reservation.BaselineV02ApprovalVerificationTest$Op04Changed
Hibernate: select r1_0.id,r1_0.approval_deadline,r1_0.cancelled_at,r1_0.court_id,r1_0.created_at,r1_0.decided_at,r1_0.decided_by_id,r1_0.decision_reason,r1_0.end_time,r1_0.start_time,r1_0.state,r1_0.user_id from reservation r1_0
Hibernate: insert into court (active,closing_time,location,name,opening_time,requires_approval,type,id) values (?,?,?,?,?,?,?,default)
Hibernate: insert into court (active,closing_time,location,name,opening_time,requires_approval,type,id) values (?,?,?,?,?,?,?,default)
Hibernate: insert into app_user (email,full_name,role,id) values (?,?,?,default)
Hibernate: insert into app_user (email,full_name,role,id) values (?,?,?,default)
Hibernate: insert into app_user (email,full_name,role,id) values (?,?,?,default)
Hibernate: insert into app_user (email,full_name,role,id) values (?,?,?,default)
Hibernate: select au1_0.id,au1_0.email,au1_0.full_name,au1_0.role from app_user au1_0 where au1_0.id=?
Hibernate: select c1_0.id,c1_0.active,c1_0.closing_time,c1_0.location,c1_0.name,c1_0.opening_time,c1_0.requires_approval,c1_0.type from court c1_0 where c1_0.id=?
Hibernate: insert into reservation (approval_deadline,cancelled_at,court_id,created_at,decided_at,decided_by_id,decision_reason,end_time,start_time,state,user_id,id) values (?,?,?,?,?,?,?,?,?,?,?,default)
Hibernate: select au1_0.id,au1_0.email,au1_0.full_name,au1_0.role from app_user au1_0 where au1_0.id=?
Hibernate: select r1_0.id,r1_0.approval_deadline,r1_0.cancelled_at,r1_0.court_id,c1_0.id,c1_0.active,c1_0.closing_time,c1_0.location,c1_0.name,c1_0.opening_time,c1_0.requires_approval,c1_0.type,r1_0.created_at,r1_0.decided_at,db1_0.id,db1_0.email,db1_0.full_name,db1_0.role,r1_0.decision_reason,r1_0.end_time,r1_0.start_time,r1_0.state,r1_0.user_id,u1_0.id,u1_0.email,u1_0.full_name,u1_0.role from reservation r1_0 join court c1_0 on c1_0.id=r1_0.court_id left join app_user db1_0 on db1_0.id=r1_0.decided_by_id join app_user u1_0 on u1_0.id=r1_0.user_id where r1_0.id=?
Hibernate: select c1_0.id,c1_0.active,c1_0.closing_time,c1_0.location,c1_0.name,c1_0.opening_time,c1_0.requires_approval,c1_0.type from court c1_0 where c1_0.id=? for update
Hibernate: select r1_0.id,r1_0.approval_deadline,r1_0.cancelled_at,r1_0.court_id,r1_0.created_at,r1_0.decided_at,r1_0.decided_by_id,r1_0.decision_reason,r1_0.end_time,r1_0.start_time,r1_0.state,r1_0.user_id from reservation r1_0 where r1_0.court_id=? and r1_0.state in (?) and r1_0.start_time<? and ?<r1_0.end_time
2026-09-28T14:05:03.774+02:00  INFO 9452 --- [           main] o.e.r.s.LoggingNotificationService       : NOTIFY approvers: reservation 42 for court 'Centre Court (approval)' awaits approval until 2026-09-20T10:00
Hibernate: update reservation set approval_deadline=?,cancelled_at=?,court_id=?,decided_at=?,decided_by_id=?,decision_reason=?,end_time=?,start_time=?,state=?,user_id=? where id=?
Hibernate: select au1_0.id,au1_0.email,au1_0.full_name,au1_0.role from app_user au1_0 where au1_0.id=?
Hibernate: select r1_0.id,r1_0.approval_deadline,r1_0.cancelled_at,r1_0.court_id,c1_0.id,c1_0.active,c1_0.closing_time,c1_0.location,c1_0.name,c1_0.opening_time,c1_0.requires_approval,c1_0.type,r1_0.created_at,r1_0.decided_at,db1_0.id,db1_0.email,db1_0.full_name,db1_0.role,r1_0.decision_reason,r1_0.end_time,r1_0.start_time,r1_0.state,r1_0.user_id,u1_0.id,u1_0.email,u1_0.full_name,u1_0.role from reservation r1_0 join court c1_0 on c1_0.id=r1_0.court_id left join app_user db1_0 on db1_0.id=r1_0.decided_by_id join app_user u1_0 on u1_0.id=r1_0.user_id where r1_0.id=?
2026-09-28T14:05:03.779+02:00  INFO 9452 --- [           main] o.e.r.s.LoggingNotificationService       : NOTIFY owner alice+610980300215900@example.com: reservation 42 is now REJECTED (no)
Hibernate: update reservation set approval_deadline=?,cancelled_at=?,court_id=?,decided_at=?,decided_by_id=?,decision_reason=?,end_time=?,start_time=?,state=?,user_id=? where id=?
Hibernate: select au1_0.id,au1_0.email,au1_0.full_name,au1_0.role from app_user au1_0 where au1_0.id=?
Hibernate: select r1_0.id,r1_0.approval_deadline,r1_0.cancelled_at,r1_0.court_id,c1_0.id,c1_0.active,c1_0.closing_time,c1_0.location,c1_0.name,c1_0.opening_time,c1_0.requires_approval,c1_0.type,r1_0.created_at,r1_0.decided_at,db1_0.id,db1_0.email,db1_0.full_name,db1_0.role,r1_0.decision_reason,r1_0.end_time,r1_0.start_time,r1_0.state,r1_0.user_id,u1_0.id,u1_0.email,u1_0.full_name,u1_0.role from reservation r1_0 join court c1_0 on c1_0.id=r1_0.court_id left join app_user db1_0 on db1_0.id=r1_0.decided_by_id join app_user u1_0 on u1_0.id=r1_0.user_id where r1_0.id=?
Hibernate: select r1_0.id,r1_0.approval_deadline,r1_0.cancelled_at,r1_0.court_id,c1_0.id,c1_0.active,c1_0.closing_time,c1_0.location,c1_0.name,c1_0.opening_time,c1_0.requires_approval,c1_0.type,r1_0.created_at,r1_0.decided_at,db1_0.id,db1_0.email,db1_0.full_name,db1_0.role,r1_0.decision_reason,r1_0.end_time,r1_0.start_time,r1_0.state,r1_0.user_id,u1_0.id,u1_0.email,u1_0.full_name,u1_0.role from reservation r1_0 join court c1_0 on c1_0.id=r1_0.court_id left join app_user db1_0 on db1_0.id=r1_0.decided_by_id join app_user u1_0 on u1_0.id=r1_0.user_id where r1_0.id=?
Hibernate: select r1_0.id,r1_0.approval_deadline,r1_0.cancelled_at,r1_0.court_id,r1_0.created_at,r1_0.decided_at,r1_0.decided_by_id,r1_0.decision_reason,r1_0.end_time,r1_0.start_time,r1_0.state,r1_0.user_id from reservation r1_0
Hibernate: select c1_0.id,c1_0.active,c1_0.closing_time,c1_0.location,c1_0.name,c1_0.opening_time,c1_0.requires_approval,c1_0.type from court c1_0 where c1_0.id=?
Hibernate: select au1_0.id,au1_0.email,au1_0.full_name,au1_0.role from app_user au1_0 where au1_0.id=?
Hibernate: select au1_0.id,au1_0.email,au1_0.full_name,au1_0.role from app_user au1_0 where au1_0.id=?
Hibernate: delete from reservation where id=?
Hibernate: insert into court (active,closing_time,location,name,opening_time,requires_approval,type,id) values (?,?,?,?,?,?,?,default)
Hibernate: insert into court (active,closing_time,location,name,opening_time,requires_approval,type,id) values (?,?,?,?,?,?,?,default)
Hibernate: insert into app_user (email,full_name,role,id) values (?,?,?,default)
Hibernate: insert into app_user (email,full_name,role,id) values (?,?,?,default)
Hibernate: insert into app_user (email,full_name,role,id) values (?,?,?,default)
Hibernate: insert into app_user (email,full_name,role,id) values (?,?,?,default)
Hibernate: select au1_0.id,au1_0.email,au1_0.full_name,au1_0.role from app_user au1_0 where au1_0.id=?
Hibernate: select c1_0.id,c1_0.active,c1_0.closing_time,c1_0.location,c1_0.name,c1_0.opening_time,c1_0.requires_approval,c1_0.type from court c1_0 where c1_0.id=?
Hibernate: insert into reservation (approval_deadline,cancelled_at,court_id,created_at,decided_at,decided_by_id,decision_reason,end_time,start_time,state,user_id,id) values (?,?,?,?,?,?,?,?,?,?,?,default)
Hibernate: select au1_0.id,au1_0.email,au1_0.full_name,au1_0.role from app_user au1_0 where au1_0.id=?
Hibernate: select r1_0.id,r1_0.approval_deadline,r1_0.cancelled_at,r1_0.court_id,c1_0.id,c1_0.active,c1_0.closing_time,c1_0.location,c1_0.name,c1_0.opening_time,c1_0.requires_approval,c1_0.type,r1_0.created_at,r1_0.decided_at,db1_0.id,db1_0.email,db1_0.full_name,db1_0.role,r1_0.decision_reason,r1_0.end_time,r1_0.start_time,r1_0.state,r1_0.user_id,u1_0.id,u1_0.email,u1_0.full_name,u1_0.role from reservation r1_0 join court c1_0 on c1_0.id=r1_0.court_id left join app_user db1_0 on db1_0.id=r1_0.decided_by_id join app_user u1_0 on u1_0.id=r1_0.user_id where r1_0.id=?
Hibernate: select c1_0.id,c1_0.active,c1_0.closing_time,c1_0.location,c1_0.name,c1_0.opening_time,c1_0.requires_approval,c1_0.type from court c1_0 where c1_0.id=? for update
Hibernate: select r1_0.id,r1_0.approval_deadline,r1_0.cancelled_at,r1_0.court_id,r1_0.created_at,r1_0.decided_at,r1_0.decided_by_id,r1_0.decision_reason,r1_0.end_time,r1_0.start_time,r1_0.state,r1_0.user_id from reservation r1_0 where r1_0.court_id=? and r1_0.state in (?) and r1_0.start_time<? and ?<r1_0.end_time
2026-09-28T14:05:03.808+02:00  INFO 9452 --- [           main] o.e.r.s.LoggingNotificationService       : NOTIFY approvers: reservation 43 for court 'Centre Court (approval)' awaits approval until 2026-09-20T10:00
Hibernate: update reservation set approval_deadline=?,cancelled_at=?,court_id=?,decided_at=?,decided_by_id=?,decision_reason=?,end_time=?,start_time=?,state=?,user_id=? where id=?
Hibernate: select au1_0.id,au1_0.email,au1_0.full_name,au1_0.role from app_user au1_0 where au1_0.id=?
Hibernate: select r1_0.id,r1_0.approval_deadline,r1_0.cancelled_at,r1_0.court_id,c1_0.id,c1_0.active,c1_0.closing_time,c1_0.location,c1_0.name,c1_0.opening_time,c1_0.requires_approval,c1_0.type,r1_0.created_at,r1_0.decided_at,db1_0.id,db1_0.email,db1_0.full_name,db1_0.role,r1_0.decision_reason,r1_0.end_time,r1_0.start_time,r1_0.state,r1_0.user_id,u1_0.id,u1_0.email,u1_0.full_name,u1_0.role from reservation r1_0 join court c1_0 on c1_0.id=r1_0.court_id left join app_user db1_0 on db1_0.id=r1_0.decided_by_id join app_user u1_0 on u1_0.id=r1_0.user_id where r1_0.id=?
Hibernate: update reservation set approval_deadline=?,cancelled_at=?,court_id=?,decided_at=?,decided_by_id=?,decision_reason=?,end_time=?,start_time=?,state=?,user_id=? where id=?
Hibernate: select r1_0.id,r1_0.approval_deadline,r1_0.cancelled_at,r1_0.court_id,r1_0.created_at,r1_0.decided_at,r1_0.decided_by_id,r1_0.decision_reason,r1_0.end_time,r1_0.start_time,r1_0.state,r1_0.user_id from reservation r1_0
Hibernate: select c1_0.id,c1_0.active,c1_0.closing_time,c1_0.location,c1_0.name,c1_0.opening_time,c1_0.requires_approval,c1_0.type from court c1_0 where c1_0.id=?
Hibernate: select au1_0.id,au1_0.email,au1_0.full_name,au1_0.role from app_user au1_0 where au1_0.id=?
Hibernate: delete from reservation where id=?
Hibernate: insert into court (active,closing_time,location,name,opening_time,requires_approval,type,id) values (?,?,?,?,?,?,?,default)
Hibernate: insert into court (active,closing_time,location,name,opening_time,requires_approval,type,id) values (?,?,?,?,?,?,?,default)
Hibernate: insert into app_user (email,full_name,role,id) values (?,?,?,default)
Hibernate: insert into app_user (email,full_name,role,id) values (?,?,?,default)
Hibernate: insert into app_user (email,full_name,role,id) values (?,?,?,default)
Hibernate: insert into app_user (email,full_name,role,id) values (?,?,?,default)
Hibernate: select au1_0.id,au1_0.email,au1_0.full_name,au1_0.role from app_user au1_0 where au1_0.id=?
Hibernate: select c1_0.id,c1_0.active,c1_0.closing_time,c1_0.location,c1_0.name,c1_0.opening_time,c1_0.requires_approval,c1_0.type from court c1_0 where c1_0.id=?
Hibernate: insert into reservation (approval_deadline,cancelled_at,court_id,created_at,decided_at,decided_by_id,decision_reason,end_time,start_time,state,user_id,id) values (?,?,?,?,?,?,?,?,?,?,?,default)
Hibernate: select au1_0.id,au1_0.email,au1_0.full_name,au1_0.role from app_user au1_0 where au1_0.id=?
Hibernate: select r1_0.id,r1_0.approval_deadline,r1_0.cancelled_at,r1_0.court_id,c1_0.id,c1_0.active,c1_0.closing_time,c1_0.location,c1_0.name,c1_0.opening_time,c1_0.requires_approval,c1_0.type,r1_0.created_at,r1_0.decided_at,db1_0.id,db1_0.email,db1_0.full_name,db1_0.role,r1_0.decision_reason,r1_0.end_time,r1_0.start_time,r1_0.state,r1_0.user_id,u1_0.id,u1_0.email,u1_0.full_name,u1_0.role from reservation r1_0 join court c1_0 on c1_0.id=r1_0.court_id left join app_user db1_0 on db1_0.id=r1_0.decided_by_id join app_user u1_0 on u1_0.id=r1_0.user_id where r1_0.id=?
Hibernate: select c1_0.id,c1_0.active,c1_0.closing_time,c1_0.location,c1_0.name,c1_0.opening_time,c1_0.requires_approval,c1_0.type from court c1_0 where c1_0.id=? for update
Hibernate: select r1_0.id,r1_0.approval_deadline,r1_0.cancelled_at,r1_0.court_id,r1_0.created_at,r1_0.decided_at,r1_0.decided_by_id,r1_0.decision_reason,r1_0.end_time,r1_0.start_time,r1_0.state,r1_0.user_id from reservation r1_0 where r1_0.court_id=? and r1_0.state in (?) and r1_0.start_time<? and ?<r1_0.end_time
2026-09-28T14:05:03.834+02:00  INFO 9452 --- [           main] o.e.r.s.LoggingNotificationService       : NOTIFY approvers: reservation 44 for court 'Centre Court (approval)' awaits approval until 2026-09-20T10:00
Hibernate: update reservation set approval_deadline=?,cancelled_at=?,court_id=?,decided_at=?,decided_by_id=?,decision_reason=?,end_time=?,start_time=?,state=?,user_id=? where id=?
Hibernate: select r1_0.id,r1_0.approval_deadline,r1_0.cancelled_at,r1_0.court_id,r1_0.created_at,r1_0.decided_at,r1_0.decided_by_id,r1_0.decision_reason,r1_0.end_time,r1_0.start_time,r1_0.state,r1_0.user_id from reservation r1_0 where r1_0.state='PENDING_APPROVAL' and r1_0.approval_deadline<=?
Hibernate: select r1_0.id,r1_0.approval_deadline,r1_0.cancelled_at,r1_0.court_id,r1_0.created_at,r1_0.decided_at,r1_0.decided_by_id,r1_0.decision_reason,r1_0.end_time,r1_0.start_time,r1_0.state,r1_0.user_id from reservation r1_0 where r1_0.state='PENDING_APPROVAL' and r1_0.approval_deadline<=?
Hibernate: select c1_0.id,c1_0.active,c1_0.closing_time,c1_0.location,c1_0.name,c1_0.opening_time,c1_0.requires_approval,c1_0.type from court c1_0 where c1_0.id=?
Hibernate: select au1_0.id,au1_0.email,au1_0.full_name,au1_0.role from app_user au1_0 where au1_0.id=?
2026-09-28T14:05:03.844+02:00  INFO 9452 --- [           main] o.e.r.s.LoggingNotificationService       : NOTIFY owner alice+610980363791100@example.com: reservation 44 is now EXPIRED
2026-09-28T14:05:03.844+02:00  INFO 9452 --- [           main] o.e.r.service.ReservationService         : OP-07: expired 1 pending approval request(s) at 2026-09-20T10:00
Hibernate: update reservation set approval_deadline=?,cancelled_at=?,court_id=?,decided_at=?,decided_by_id=?,decision_reason=?,end_time=?,start_time=?,state=?,user_id=? where id=?
Hibernate: select r1_0.id,r1_0.approval_deadline,r1_0.cancelled_at,r1_0.court_id,c1_0.id,c1_0.active,c1_0.closing_time,c1_0.location,c1_0.name,c1_0.opening_time,c1_0.requires_approval,c1_0.type,r1_0.created_at,r1_0.decided_at,db1_0.id,db1_0.email,db1_0.full_name,db1_0.role,r1_0.decision_reason,r1_0.end_time,r1_0.start_time,r1_0.state,r1_0.user_id,u1_0.id,u1_0.email,u1_0.full_name,u1_0.role from reservation r1_0 join court c1_0 on c1_0.id=r1_0.court_id left join app_user db1_0 on db1_0.id=r1_0.decided_by_id join app_user u1_0 on u1_0.id=r1_0.user_id where r1_0.id=?
Hibernate: select au1_0.id,au1_0.email,au1_0.full_name,au1_0.role from app_user au1_0 where au1_0.id=?
Hibernate: select r1_0.id,r1_0.approval_deadline,r1_0.cancelled_at,r1_0.court_id,c1_0.id,c1_0.active,c1_0.closing_time,c1_0.location,c1_0.name,c1_0.opening_time,c1_0.requires_approval,c1_0.type,r1_0.created_at,r1_0.decided_at,db1_0.id,db1_0.email,db1_0.full_name,db1_0.role,r1_0.decision_reason,r1_0.end_time,r1_0.start_time,r1_0.state,r1_0.user_id,u1_0.id,u1_0.email,u1_0.full_name,u1_0.role from reservation r1_0 join court c1_0 on c1_0.id=r1_0.court_id left join app_user db1_0 on db1_0.id=r1_0.decided_by_id join app_user u1_0 on u1_0.id=r1_0.user_id where r1_0.id=?
[INFO] Tests run: 3, Failures: 0, Errors: 0, Skipped: 0, Time elapsed: 0.131 s -- in OP-04 Cancel - amended cancellable states (BR-03.1)
[INFO] Running OP-07 Expire Pending Approvals
2026-09-28T14:05:03.852+02:00  INFO 9452 --- [           main] t.c.s.AnnotationConfigContextLoaderUtils : Could not detect default configuration classes for test class [org.example.reservation.BaselineV02ApprovalVerificationTest$Op07Expire]: Op07Expire does not declare any static, non-private, non-final, nested classes annotated with @Configuration.
2026-09-28T14:05:03.856+02:00  INFO 9452 --- [           main] .b.t.c.SpringBootTestContextBootstrapper : Found @SpringBootConfiguration org.example.reservation.ReservationApplication for test class org.example.reservation.BaselineV02ApprovalVerificationTest$Op07Expire
Hibernate: select r1_0.id,r1_0.approval_deadline,r1_0.cancelled_at,r1_0.court_id,r1_0.created_at,r1_0.decided_at,r1_0.decided_by_id,r1_0.decision_reason,r1_0.end_time,r1_0.start_time,r1_0.state,r1_0.user_id from reservation r1_0
Hibernate: select c1_0.id,c1_0.active,c1_0.closing_time,c1_0.location,c1_0.name,c1_0.opening_time,c1_0.requires_approval,c1_0.type from court c1_0 where c1_0.id=?
Hibernate: select au1_0.id,au1_0.email,au1_0.full_name,au1_0.role from app_user au1_0 where au1_0.id=?
Hibernate: delete from reservation where id=?
Hibernate: insert into court (active,closing_time,location,name,opening_time,requires_approval,type,id) values (?,?,?,?,?,?,?,default)
Hibernate: insert into court (active,closing_time,location,name,opening_time,requires_approval,type,id) values (?,?,?,?,?,?,?,default)
Hibernate: insert into app_user (email,full_name,role,id) values (?,?,?,default)
Hibernate: insert into app_user (email,full_name,role,id) values (?,?,?,default)
Hibernate: insert into app_user (email,full_name,role,id) values (?,?,?,default)
Hibernate: insert into app_user (email,full_name,role,id) values (?,?,?,default)
Hibernate: select au1_0.id,au1_0.email,au1_0.full_name,au1_0.role from app_user au1_0 where au1_0.id=?
Hibernate: select c1_0.id,c1_0.active,c1_0.closing_time,c1_0.location,c1_0.name,c1_0.opening_time,c1_0.requires_approval,c1_0.type from court c1_0 where c1_0.id=?
Hibernate: insert into reservation (approval_deadline,cancelled_at,court_id,created_at,decided_at,decided_by_id,decision_reason,end_time,start_time,state,user_id,id) values (?,?,?,?,?,?,?,?,?,?,?,default)
Hibernate: select au1_0.id,au1_0.email,au1_0.full_name,au1_0.role from app_user au1_0 where au1_0.id=?
Hibernate: select r1_0.id,r1_0.approval_deadline,r1_0.cancelled_at,r1_0.court_id,c1_0.id,c1_0.active,c1_0.closing_time,c1_0.location,c1_0.name,c1_0.opening_time,c1_0.requires_approval,c1_0.type,r1_0.created_at,r1_0.decided_at,db1_0.id,db1_0.email,db1_0.full_name,db1_0.role,r1_0.decision_reason,r1_0.end_time,r1_0.start_time,r1_0.state,r1_0.user_id,u1_0.id,u1_0.email,u1_0.full_name,u1_0.role from reservation r1_0 join court c1_0 on c1_0.id=r1_0.court_id left join app_user db1_0 on db1_0.id=r1_0.decided_by_id join app_user u1_0 on u1_0.id=r1_0.user_id where r1_0.id=?
Hibernate: select c1_0.id,c1_0.active,c1_0.closing_time,c1_0.location,c1_0.name,c1_0.opening_time,c1_0.requires_approval,c1_0.type from court c1_0 where c1_0.id=? for update
Hibernate: select r1_0.id,r1_0.approval_deadline,r1_0.cancelled_at,r1_0.court_id,r1_0.created_at,r1_0.decided_at,r1_0.decided_by_id,r1_0.decision_reason,r1_0.end_time,r1_0.start_time,r1_0.state,r1_0.user_id from reservation r1_0 where r1_0.court_id=? and r1_0.state in (?) and r1_0.start_time<? and ?<r1_0.end_time
2026-09-28T14:05:03.884+02:00  INFO 9452 --- [           main] o.e.r.s.LoggingNotificationService       : NOTIFY approvers: reservation 45 for court 'Centre Court (approval)' awaits approval until 2026-09-20T10:00
Hibernate: update reservation set approval_deadline=?,cancelled_at=?,court_id=?,decided_at=?,decided_by_id=?,decision_reason=?,end_time=?,start_time=?,state=?,user_id=? where id=?
Hibernate: select au1_0.id,au1_0.email,au1_0.full_name,au1_0.role from app_user au1_0 where au1_0.id=?
Hibernate: select r1_0.id,r1_0.approval_deadline,r1_0.cancelled_at,r1_0.court_id,c1_0.id,c1_0.active,c1_0.closing_time,c1_0.location,c1_0.name,c1_0.opening_time,c1_0.requires_approval,c1_0.type,r1_0.created_at,r1_0.decided_at,db1_0.id,db1_0.email,db1_0.full_name,db1_0.role,r1_0.decision_reason,r1_0.end_time,r1_0.start_time,r1_0.state,r1_0.user_id,u1_0.id,u1_0.email,u1_0.full_name,u1_0.role from reservation r1_0 join court c1_0 on c1_0.id=r1_0.court_id left join app_user db1_0 on db1_0.id=r1_0.decided_by_id join app_user u1_0 on u1_0.id=r1_0.user_id where r1_0.id=?
Hibernate: update reservation set approval_deadline=?,cancelled_at=?,court_id=?,decided_at=?,decided_by_id=?,decision_reason=?,end_time=?,start_time=?,state=?,user_id=? where id=?
Hibernate: select r1_0.id,r1_0.approval_deadline,r1_0.cancelled_at,r1_0.court_id,r1_0.created_at,r1_0.decided_at,r1_0.decided_by_id,r1_0.decision_reason,r1_0.end_time,r1_0.start_time,r1_0.state,r1_0.user_id from reservation r1_0 where r1_0.state='PENDING_APPROVAL' and r1_0.approval_deadline<=?
Hibernate: select r1_0.id,r1_0.approval_deadline,r1_0.cancelled_at,r1_0.court_id,c1_0.id,c1_0.active,c1_0.closing_time,c1_0.location,c1_0.name,c1_0.opening_time,c1_0.requires_approval,c1_0.type,r1_0.created_at,r1_0.decided_at,db1_0.id,db1_0.email,db1_0.full_name,db1_0.role,r1_0.decision_reason,r1_0.end_time,r1_0.start_time,r1_0.state,r1_0.user_id,u1_0.id,u1_0.email,u1_0.full_name,u1_0.role from reservation r1_0 join court c1_0 on c1_0.id=r1_0.court_id left join app_user db1_0 on db1_0.id=r1_0.decided_by_id join app_user u1_0 on u1_0.id=r1_0.user_id where r1_0.id=?
Hibernate: select r1_0.id,r1_0.approval_deadline,r1_0.cancelled_at,r1_0.court_id,r1_0.created_at,r1_0.decided_at,r1_0.decided_by_id,r1_0.decision_reason,r1_0.end_time,r1_0.start_time,r1_0.state,r1_0.user_id from reservation r1_0
Hibernate: select c1_0.id,c1_0.active,c1_0.closing_time,c1_0.location,c1_0.name,c1_0.opening_time,c1_0.requires_approval,c1_0.type from court c1_0 where c1_0.id=?
Hibernate: select au1_0.id,au1_0.email,au1_0.full_name,au1_0.role from app_user au1_0 where au1_0.id=?
Hibernate: delete from reservation where id=?
Hibernate: insert into court (active,closing_time,location,name,opening_time,requires_approval,type,id) values (?,?,?,?,?,?,?,default)
Hibernate: insert into court (active,closing_time,location,name,opening_time,requires_approval,type,id) values (?,?,?,?,?,?,?,default)
Hibernate: insert into app_user (email,full_name,role,id) values (?,?,?,default)
Hibernate: insert into app_user (email,full_name,role,id) values (?,?,?,default)
Hibernate: insert into app_user (email,full_name,role,id) values (?,?,?,default)
Hibernate: insert into app_user (email,full_name,role,id) values (?,?,?,default)
Hibernate: select au1_0.id,au1_0.email,au1_0.full_name,au1_0.role from app_user au1_0 where au1_0.id=?
Hibernate: select c1_0.id,c1_0.active,c1_0.closing_time,c1_0.location,c1_0.name,c1_0.opening_time,c1_0.requires_approval,c1_0.type from court c1_0 where c1_0.id=?
Hibernate: insert into reservation (approval_deadline,cancelled_at,court_id,created_at,decided_at,decided_by_id,decision_reason,end_time,start_time,state,user_id,id) values (?,?,?,?,?,?,?,?,?,?,?,default)
Hibernate: select au1_0.id,au1_0.email,au1_0.full_name,au1_0.role from app_user au1_0 where au1_0.id=?
Hibernate: select r1_0.id,r1_0.approval_deadline,r1_0.cancelled_at,r1_0.court_id,c1_0.id,c1_0.active,c1_0.closing_time,c1_0.location,c1_0.name,c1_0.opening_time,c1_0.requires_approval,c1_0.type,r1_0.created_at,r1_0.decided_at,db1_0.id,db1_0.email,db1_0.full_name,db1_0.role,r1_0.decision_reason,r1_0.end_time,r1_0.start_time,r1_0.state,r1_0.user_id,u1_0.id,u1_0.email,u1_0.full_name,u1_0.role from reservation r1_0 join court c1_0 on c1_0.id=r1_0.court_id left join app_user db1_0 on db1_0.id=r1_0.decided_by_id join app_user u1_0 on u1_0.id=r1_0.user_id where r1_0.id=?
Hibernate: select c1_0.id,c1_0.active,c1_0.closing_time,c1_0.location,c1_0.name,c1_0.opening_time,c1_0.requires_approval,c1_0.type from court c1_0 where c1_0.id=? for update
Hibernate: select r1_0.id,r1_0.approval_deadline,r1_0.cancelled_at,r1_0.court_id,r1_0.created_at,r1_0.decided_at,r1_0.decided_by_id,r1_0.decision_reason,r1_0.end_time,r1_0.start_time,r1_0.state,r1_0.user_id from reservation r1_0 where r1_0.court_id=? and r1_0.state in (?) and r1_0.start_time<? and ?<r1_0.end_time
2026-09-28T14:05:03.916+02:00  INFO 9452 --- [           main] o.e.r.s.LoggingNotificationService       : NOTIFY approvers: reservation 46 for court 'Centre Court (approval)' awaits approval until 2026-09-20T10:00
Hibernate: update reservation set approval_deadline=?,cancelled_at=?,court_id=?,decided_at=?,decided_by_id=?,decision_reason=?,end_time=?,start_time=?,state=?,user_id=? where id=?
Hibernate: select r1_0.id,r1_0.approval_deadline,r1_0.cancelled_at,r1_0.court_id,r1_0.created_at,r1_0.decided_at,r1_0.decided_by_id,r1_0.decision_reason,r1_0.end_time,r1_0.start_time,r1_0.state,r1_0.user_id from reservation r1_0 where r1_0.state='PENDING_APPROVAL' and r1_0.approval_deadline<=?
Hibernate: select c1_0.id,c1_0.active,c1_0.closing_time,c1_0.location,c1_0.name,c1_0.opening_time,c1_0.requires_approval,c1_0.type from court c1_0 where c1_0.id=?
Hibernate: select au1_0.id,au1_0.email,au1_0.full_name,au1_0.role from app_user au1_0 where au1_0.id=?
2026-09-28T14:05:03.919+02:00  INFO 9452 --- [           main] o.e.r.s.LoggingNotificationService       : NOTIFY owner alice+610980442308600@example.com: reservation 46 is now EXPIRED
2026-09-28T14:05:03.919+02:00  INFO 9452 --- [           main] o.e.r.service.ReservationService         : OP-07: expired 1 pending approval request(s) at 2026-09-20T10:30
Hibernate: update reservation set approval_deadline=?,cancelled_at=?,court_id=?,decided_at=?,decided_by_id=?,decision_reason=?,end_time=?,start_time=?,state=?,user_id=? where id=?
Hibernate: select r1_0.id,r1_0.approval_deadline,r1_0.cancelled_at,r1_0.court_id,c1_0.id,c1_0.active,c1_0.closing_time,c1_0.location,c1_0.name,c1_0.opening_time,c1_0.requires_approval,c1_0.type,r1_0.created_at,r1_0.decided_at,db1_0.id,db1_0.email,db1_0.full_name,db1_0.role,r1_0.decision_reason,r1_0.end_time,r1_0.start_time,r1_0.state,r1_0.user_id,u1_0.id,u1_0.email,u1_0.full_name,u1_0.role from reservation r1_0 join court c1_0 on c1_0.id=r1_0.court_id left join app_user db1_0 on db1_0.id=r1_0.decided_by_id join app_user u1_0 on u1_0.id=r1_0.user_id where r1_0.id=?
Hibernate: select c1_0.id,c1_0.active,c1_0.closing_time,c1_0.location,c1_0.name,c1_0.opening_time,c1_0.requires_approval,c1_0.type from court c1_0 where c1_0.id=?
Hibernate: select r1_0.id,r1_0.approval_deadline,r1_0.cancelled_at,r1_0.court_id,r1_0.created_at,r1_0.decided_at,r1_0.decided_by_id,r1_0.decision_reason,r1_0.end_time,r1_0.start_time,r1_0.state,r1_0.user_id from reservation r1_0 where r1_0.court_id=? and r1_0.state in (?) and r1_0.start_time<? and ?<r1_0.end_time
Hibernate: select r1_0.id,r1_0.approval_deadline,r1_0.cancelled_at,r1_0.court_id,r1_0.created_at,r1_0.decided_at,r1_0.decided_by_id,r1_0.decision_reason,r1_0.end_time,r1_0.start_time,r1_0.state,r1_0.user_id from reservation r1_0 where r1_0.court_id=? and r1_0.state in (?) and r1_0.start_time<? and ?<r1_0.end_time
Hibernate: select r1_0.id,r1_0.approval_deadline,r1_0.cancelled_at,r1_0.court_id,r1_0.created_at,r1_0.decided_at,r1_0.decided_by_id,r1_0.decision_reason,r1_0.end_time,r1_0.start_time,r1_0.state,r1_0.user_id from reservation r1_0
Hibernate: select c1_0.id,c1_0.active,c1_0.closing_time,c1_0.location,c1_0.name,c1_0.opening_time,c1_0.requires_approval,c1_0.type from court c1_0 where c1_0.id=?
Hibernate: select au1_0.id,au1_0.email,au1_0.full_name,au1_0.role from app_user au1_0 where au1_0.id=?
Hibernate: delete from reservation where id=?
Hibernate: insert into court (active,closing_time,location,name,opening_time,requires_approval,type,id) values (?,?,?,?,?,?,?,default)
Hibernate: insert into court (active,closing_time,location,name,opening_time,requires_approval,type,id) values (?,?,?,?,?,?,?,default)
Hibernate: insert into app_user (email,full_name,role,id) values (?,?,?,default)
Hibernate: insert into app_user (email,full_name,role,id) values (?,?,?,default)
Hibernate: insert into app_user (email,full_name,role,id) values (?,?,?,default)
Hibernate: insert into app_user (email,full_name,role,id) values (?,?,?,default)
Hibernate: select au1_0.id,au1_0.email,au1_0.full_name,au1_0.role from app_user au1_0 where au1_0.id=?
Hibernate: select c1_0.id,c1_0.active,c1_0.closing_time,c1_0.location,c1_0.name,c1_0.opening_time,c1_0.requires_approval,c1_0.type from court c1_0 where c1_0.id=?
Hibernate: insert into reservation (approval_deadline,cancelled_at,court_id,created_at,decided_at,decided_by_id,decision_reason,end_time,start_time,state,user_id,id) values (?,?,?,?,?,?,?,?,?,?,?,default)
Hibernate: select au1_0.id,au1_0.email,au1_0.full_name,au1_0.role from app_user au1_0 where au1_0.id=?
Hibernate: select r1_0.id,r1_0.approval_deadline,r1_0.cancelled_at,r1_0.court_id,c1_0.id,c1_0.active,c1_0.closing_time,c1_0.location,c1_0.name,c1_0.opening_time,c1_0.requires_approval,c1_0.type,r1_0.created_at,r1_0.decided_at,db1_0.id,db1_0.email,db1_0.full_name,db1_0.role,r1_0.decision_reason,r1_0.end_time,r1_0.start_time,r1_0.state,r1_0.user_id,u1_0.id,u1_0.email,u1_0.full_name,u1_0.role from reservation r1_0 join court c1_0 on c1_0.id=r1_0.court_id left join app_user db1_0 on db1_0.id=r1_0.decided_by_id join app_user u1_0 on u1_0.id=r1_0.user_id where r1_0.id=?
Hibernate: select c1_0.id,c1_0.active,c1_0.closing_time,c1_0.location,c1_0.name,c1_0.opening_time,c1_0.requires_approval,c1_0.type from court c1_0 where c1_0.id=? for update
Hibernate: select r1_0.id,r1_0.approval_deadline,r1_0.cancelled_at,r1_0.court_id,r1_0.created_at,r1_0.decided_at,r1_0.decided_by_id,r1_0.decision_reason,r1_0.end_time,r1_0.start_time,r1_0.state,r1_0.user_id from reservation r1_0 where r1_0.court_id=? and r1_0.state in (?) and r1_0.start_time<? and ?<r1_0.end_time
2026-09-28T14:05:03.948+02:00  INFO 9452 --- [           main] o.e.r.s.LoggingNotificationService       : NOTIFY approvers: reservation 47 for court 'Centre Court (approval)' awaits approval until 2026-09-20T10:00
Hibernate: update reservation set approval_deadline=?,cancelled_at=?,court_id=?,decided_at=?,decided_by_id=?,decision_reason=?,end_time=?,start_time=?,state=?,user_id=? where id=?
Hibernate: select r1_0.id,r1_0.approval_deadline,r1_0.cancelled_at,r1_0.court_id,r1_0.created_at,r1_0.decided_at,r1_0.decided_by_id,r1_0.decision_reason,r1_0.end_time,r1_0.start_time,r1_0.state,r1_0.user_id from reservation r1_0 where r1_0.state='PENDING_APPROVAL' and r1_0.approval_deadline<=?
Hibernate: select r1_0.id,r1_0.approval_deadline,r1_0.cancelled_at,r1_0.court_id,c1_0.id,c1_0.active,c1_0.closing_time,c1_0.location,c1_0.name,c1_0.opening_time,c1_0.requires_approval,c1_0.type,r1_0.created_at,r1_0.decided_at,db1_0.id,db1_0.email,db1_0.full_name,db1_0.role,r1_0.decision_reason,r1_0.end_time,r1_0.start_time,r1_0.state,r1_0.user_id,u1_0.id,u1_0.email,u1_0.full_name,u1_0.role from reservation r1_0 join court c1_0 on c1_0.id=r1_0.court_id left join app_user db1_0 on db1_0.id=r1_0.decided_by_id join app_user u1_0 on u1_0.id=r1_0.user_id where r1_0.id=?
Hibernate: select r1_0.id,r1_0.approval_deadline,r1_0.cancelled_at,r1_0.court_id,r1_0.created_at,r1_0.decided_at,r1_0.decided_by_id,r1_0.decision_reason,r1_0.end_time,r1_0.start_time,r1_0.state,r1_0.user_id from reservation r1_0
Hibernate: select c1_0.id,c1_0.active,c1_0.closing_time,c1_0.location,c1_0.name,c1_0.opening_time,c1_0.requires_approval,c1_0.type from court c1_0 where c1_0.id=?
Hibernate: select au1_0.id,au1_0.email,au1_0.full_name,au1_0.role from app_user au1_0 where au1_0.id=?
Hibernate: delete from reservation where id=?
Hibernate: insert into court (active,closing_time,location,name,opening_time,requires_approval,type,id) values (?,?,?,?,?,?,?,default)
Hibernate: insert into court (active,closing_time,location,name,opening_time,requires_approval,type,id) values (?,?,?,?,?,?,?,default)
Hibernate: insert into app_user (email,full_name,role,id) values (?,?,?,default)
Hibernate: insert into app_user (email,full_name,role,id) values (?,?,?,default)
Hibernate: insert into app_user (email,full_name,role,id) values (?,?,?,default)
Hibernate: insert into app_user (email,full_name,role,id) values (?,?,?,default)
Hibernate: select au1_0.id,au1_0.email,au1_0.full_name,au1_0.role from app_user au1_0 where au1_0.id=?
Hibernate: select c1_0.id,c1_0.active,c1_0.closing_time,c1_0.location,c1_0.name,c1_0.opening_time,c1_0.requires_approval,c1_0.type from court c1_0 where c1_0.id=?
Hibernate: insert into reservation (approval_deadline,cancelled_at,court_id,created_at,decided_at,decided_by_id,decision_reason,end_time,start_time,state,user_id,id) values (?,?,?,?,?,?,?,?,?,?,?,default)
Hibernate: select au1_0.id,au1_0.email,au1_0.full_name,au1_0.role from app_user au1_0 where au1_0.id=?
Hibernate: select r1_0.id,r1_0.approval_deadline,r1_0.cancelled_at,r1_0.court_id,c1_0.id,c1_0.active,c1_0.closing_time,c1_0.location,c1_0.name,c1_0.opening_time,c1_0.requires_approval,c1_0.type,r1_0.created_at,r1_0.decided_at,db1_0.id,db1_0.email,db1_0.full_name,db1_0.role,r1_0.decision_reason,r1_0.end_time,r1_0.start_time,r1_0.state,r1_0.user_id,u1_0.id,u1_0.email,u1_0.full_name,u1_0.role from reservation r1_0 join court c1_0 on c1_0.id=r1_0.court_id left join app_user db1_0 on db1_0.id=r1_0.decided_by_id join app_user u1_0 on u1_0.id=r1_0.user_id where r1_0.id=?
Hibernate: select c1_0.id,c1_0.active,c1_0.closing_time,c1_0.location,c1_0.name,c1_0.opening_time,c1_0.requires_approval,c1_0.type from court c1_0 where c1_0.id=? for update
Hibernate: select r1_0.id,r1_0.approval_deadline,r1_0.cancelled_at,r1_0.court_id,r1_0.created_at,r1_0.decided_at,r1_0.decided_by_id,r1_0.decision_reason,r1_0.end_time,r1_0.start_time,r1_0.state,r1_0.user_id from reservation r1_0 where r1_0.court_id=? and r1_0.state in (?) and r1_0.start_time<? and ?<r1_0.end_time
2026-09-28T14:05:03.975+02:00  INFO 9452 --- [           main] o.e.r.s.LoggingNotificationService       : NOTIFY approvers: reservation 48 for court 'Centre Court (approval)' awaits approval until 2026-09-20T10:00
Hibernate: update reservation set approval_deadline=?,cancelled_at=?,court_id=?,decided_at=?,decided_by_id=?,decision_reason=?,end_time=?,start_time=?,state=?,user_id=? where id=?
Hibernate: select r1_0.id,r1_0.approval_deadline,r1_0.cancelled_at,r1_0.court_id,r1_0.created_at,r1_0.decided_at,r1_0.decided_by_id,r1_0.decision_reason,r1_0.end_time,r1_0.start_time,r1_0.state,r1_0.user_id from reservation r1_0 where r1_0.state='PENDING_APPROVAL' and r1_0.approval_deadline<=?
Hibernate: select c1_0.id,c1_0.active,c1_0.closing_time,c1_0.location,c1_0.name,c1_0.opening_time,c1_0.requires_approval,c1_0.type from court c1_0 where c1_0.id=?
Hibernate: select au1_0.id,au1_0.email,au1_0.full_name,au1_0.role from app_user au1_0 where au1_0.id=?
2026-09-28T14:05:03.982+02:00  INFO 9452 --- [           main] o.e.r.s.LoggingNotificationService       : NOTIFY owner alice+610980508257800@example.com: reservation 48 is now EXPIRED
2026-09-28T14:05:03.982+02:00  INFO 9452 --- [           main] o.e.r.service.ReservationService         : OP-07: expired 1 pending approval request(s) at 2026-09-20T10:00
Hibernate: update reservation set approval_deadline=?,cancelled_at=?,court_id=?,decided_at=?,decided_by_id=?,decision_reason=?,end_time=?,start_time=?,state=?,user_id=? where id=?
Hibernate: select r1_0.id,r1_0.approval_deadline,r1_0.cancelled_at,r1_0.court_id,c1_0.id,c1_0.active,c1_0.closing_time,c1_0.location,c1_0.name,c1_0.opening_time,c1_0.requires_approval,c1_0.type,r1_0.created_at,r1_0.decided_at,db1_0.id,db1_0.email,db1_0.full_name,db1_0.role,r1_0.decision_reason,r1_0.end_time,r1_0.start_time,r1_0.state,r1_0.user_id,u1_0.id,u1_0.email,u1_0.full_name,u1_0.role from reservation r1_0 join court c1_0 on c1_0.id=r1_0.court_id left join app_user db1_0 on db1_0.id=r1_0.decided_by_id join app_user u1_0 on u1_0.id=r1_0.user_id where r1_0.id=?
Hibernate: select r1_0.id,r1_0.approval_deadline,r1_0.cancelled_at,r1_0.court_id,r1_0.created_at,r1_0.decided_at,r1_0.decided_by_id,r1_0.decision_reason,r1_0.end_time,r1_0.start_time,r1_0.state,r1_0.user_id from reservation r1_0
Hibernate: select c1_0.id,c1_0.active,c1_0.closing_time,c1_0.location,c1_0.name,c1_0.opening_time,c1_0.requires_approval,c1_0.type from court c1_0 where c1_0.id=?
Hibernate: select au1_0.id,au1_0.email,au1_0.full_name,au1_0.role from app_user au1_0 where au1_0.id=?
Hibernate: delete from reservation where id=?
Hibernate: insert into court (active,closing_time,location,name,opening_time,requires_approval,type,id) values (?,?,?,?,?,?,?,default)
Hibernate: insert into court (active,closing_time,location,name,opening_time,requires_approval,type,id) values (?,?,?,?,?,?,?,default)
Hibernate: insert into app_user (email,full_name,role,id) values (?,?,?,default)
Hibernate: insert into app_user (email,full_name,role,id) values (?,?,?,default)
Hibernate: insert into app_user (email,full_name,role,id) values (?,?,?,default)
Hibernate: insert into app_user (email,full_name,role,id) values (?,?,?,default)
Hibernate: select au1_0.id,au1_0.email,au1_0.full_name,au1_0.role from app_user au1_0 where au1_0.id=?
Hibernate: select c1_0.id,c1_0.active,c1_0.closing_time,c1_0.location,c1_0.name,c1_0.opening_time,c1_0.requires_approval,c1_0.type from court c1_0 where c1_0.id=?
Hibernate: insert into reservation (approval_deadline,cancelled_at,court_id,created_at,decided_at,decided_by_id,decision_reason,end_time,start_time,state,user_id,id) values (?,?,?,?,?,?,?,?,?,?,?,default)
Hibernate: select au1_0.id,au1_0.email,au1_0.full_name,au1_0.role from app_user au1_0 where au1_0.id=?
Hibernate: select r1_0.id,r1_0.approval_deadline,r1_0.cancelled_at,r1_0.court_id,c1_0.id,c1_0.active,c1_0.closing_time,c1_0.location,c1_0.name,c1_0.opening_time,c1_0.requires_approval,c1_0.type,r1_0.created_at,r1_0.decided_at,db1_0.id,db1_0.email,db1_0.full_name,db1_0.role,r1_0.decision_reason,r1_0.end_time,r1_0.start_time,r1_0.state,r1_0.user_id,u1_0.id,u1_0.email,u1_0.full_name,u1_0.role from reservation r1_0 join court c1_0 on c1_0.id=r1_0.court_id left join app_user db1_0 on db1_0.id=r1_0.decided_by_id join app_user u1_0 on u1_0.id=r1_0.user_id where r1_0.id=?
Hibernate: select c1_0.id,c1_0.active,c1_0.closing_time,c1_0.location,c1_0.name,c1_0.opening_time,c1_0.requires_approval,c1_0.type from court c1_0 where c1_0.id=? for update
Hibernate: select r1_0.id,r1_0.approval_deadline,r1_0.cancelled_at,r1_0.court_id,r1_0.created_at,r1_0.decided_at,r1_0.decided_by_id,r1_0.decision_reason,r1_0.end_time,r1_0.start_time,r1_0.state,r1_0.user_id from reservation r1_0 where r1_0.court_id=? and r1_0.state in (?) and r1_0.start_time<? and ?<r1_0.end_time
2026-09-28T14:05:04.007+02:00  INFO 9452 --- [           main] o.e.r.s.LoggingNotificationService       : NOTIFY approvers: reservation 49 for court 'Centre Court (approval)' awaits approval until 2026-09-20T10:00
Hibernate: update reservation set approval_deadline=?,cancelled_at=?,court_id=?,decided_at=?,decided_by_id=?,decision_reason=?,end_time=?,start_time=?,state=?,user_id=? where id=?
Hibernate: select r1_0.id,r1_0.approval_deadline,r1_0.cancelled_at,r1_0.court_id,r1_0.created_at,r1_0.decided_at,r1_0.decided_by_id,r1_0.decision_reason,r1_0.end_time,r1_0.start_time,r1_0.state,r1_0.user_id from reservation r1_0 where r1_0.state='PENDING_APPROVAL' and r1_0.approval_deadline<=?
Hibernate: select r1_0.id,r1_0.approval_deadline,r1_0.cancelled_at,r1_0.court_id,r1_0.created_at,r1_0.decided_at,r1_0.decided_by_id,r1_0.decision_reason,r1_0.end_time,r1_0.start_time,r1_0.state,r1_0.user_id from reservation r1_0 where r1_0.state='PENDING_APPROVAL' and r1_0.approval_deadline<=?
[INFO] Tests run: 5, Failures: 0, Errors: 0, Skipped: 0, Time elapsed: 0.161 s -- in OP-07 Expire Pending Approvals
[INFO] Running OP-06 Reject Reservation
2026-09-28T14:05:04.014+02:00  INFO 9452 --- [           main] t.c.s.AnnotationConfigContextLoaderUtils : Could not detect default configuration classes for test class [org.example.reservation.BaselineV02ApprovalVerificationTest$Op06Reject]: Op06Reject does not declare any static, non-private, non-final, nested classes annotated with @Configuration.
2026-09-28T14:05:04.016+02:00  INFO 9452 --- [           main] .b.t.c.SpringBootTestContextBootstrapper : Found @SpringBootConfiguration org.example.reservation.ReservationApplication for test class org.example.reservation.BaselineV02ApprovalVerificationTest$Op06Reject
Hibernate: select r1_0.id,r1_0.approval_deadline,r1_0.cancelled_at,r1_0.court_id,r1_0.created_at,r1_0.decided_at,r1_0.decided_by_id,r1_0.decision_reason,r1_0.end_time,r1_0.start_time,r1_0.state,r1_0.user_id from reservation r1_0
Hibernate: select c1_0.id,c1_0.active,c1_0.closing_time,c1_0.location,c1_0.name,c1_0.opening_time,c1_0.requires_approval,c1_0.type from court c1_0 where c1_0.id=?
Hibernate: select au1_0.id,au1_0.email,au1_0.full_name,au1_0.role from app_user au1_0 where au1_0.id=?
Hibernate: delete from reservation where id=?
Hibernate: insert into court (active,closing_time,location,name,opening_time,requires_approval,type,id) values (?,?,?,?,?,?,?,default)
Hibernate: insert into court (active,closing_time,location,name,opening_time,requires_approval,type,id) values (?,?,?,?,?,?,?,default)
Hibernate: insert into app_user (email,full_name,role,id) values (?,?,?,default)
Hibernate: insert into app_user (email,full_name,role,id) values (?,?,?,default)
Hibernate: insert into app_user (email,full_name,role,id) values (?,?,?,default)
Hibernate: insert into app_user (email,full_name,role,id) values (?,?,?,default)
Hibernate: select au1_0.id,au1_0.email,au1_0.full_name,au1_0.role from app_user au1_0 where au1_0.id=?
Hibernate: select c1_0.id,c1_0.active,c1_0.closing_time,c1_0.location,c1_0.name,c1_0.opening_time,c1_0.requires_approval,c1_0.type from court c1_0 where c1_0.id=?
Hibernate: insert into reservation (approval_deadline,cancelled_at,court_id,created_at,decided_at,decided_by_id,decision_reason,end_time,start_time,state,user_id,id) values (?,?,?,?,?,?,?,?,?,?,?,default)
Hibernate: select au1_0.id,au1_0.email,au1_0.full_name,au1_0.role from app_user au1_0 where au1_0.id=?
Hibernate: select r1_0.id,r1_0.approval_deadline,r1_0.cancelled_at,r1_0.court_id,c1_0.id,c1_0.active,c1_0.closing_time,c1_0.location,c1_0.name,c1_0.opening_time,c1_0.requires_approval,c1_0.type,r1_0.created_at,r1_0.decided_at,db1_0.id,db1_0.email,db1_0.full_name,db1_0.role,r1_0.decision_reason,r1_0.end_time,r1_0.start_time,r1_0.state,r1_0.user_id,u1_0.id,u1_0.email,u1_0.full_name,u1_0.role from reservation r1_0 join court c1_0 on c1_0.id=r1_0.court_id left join app_user db1_0 on db1_0.id=r1_0.decided_by_id join app_user u1_0 on u1_0.id=r1_0.user_id where r1_0.id=?
Hibernate: select c1_0.id,c1_0.active,c1_0.closing_time,c1_0.location,c1_0.name,c1_0.opening_time,c1_0.requires_approval,c1_0.type from court c1_0 where c1_0.id=? for update
Hibernate: select r1_0.id,r1_0.approval_deadline,r1_0.cancelled_at,r1_0.court_id,r1_0.created_at,r1_0.decided_at,r1_0.decided_by_id,r1_0.decision_reason,r1_0.end_time,r1_0.start_time,r1_0.state,r1_0.user_id from reservation r1_0 where r1_0.court_id=? and r1_0.state in (?) and r1_0.start_time<? and ?<r1_0.end_time
2026-09-28T14:05:04.034+02:00  INFO 9452 --- [           main] o.e.r.s.LoggingNotificationService       : NOTIFY approvers: reservation 50 for court 'Centre Court (approval)' awaits approval until 2026-09-20T10:00
Hibernate: update reservation set approval_deadline=?,cancelled_at=?,court_id=?,decided_at=?,decided_by_id=?,decision_reason=?,end_time=?,start_time=?,state=?,user_id=? where id=?
Hibernate: select au1_0.id,au1_0.email,au1_0.full_name,au1_0.role from app_user au1_0 where au1_0.id=?
Hibernate: select r1_0.id,r1_0.approval_deadline,r1_0.cancelled_at,r1_0.court_id,c1_0.id,c1_0.active,c1_0.closing_time,c1_0.location,c1_0.name,c1_0.opening_time,c1_0.requires_approval,c1_0.type,r1_0.created_at,r1_0.decided_at,db1_0.id,db1_0.email,db1_0.full_name,db1_0.role,r1_0.decision_reason,r1_0.end_time,r1_0.start_time,r1_0.state,r1_0.user_id,u1_0.id,u1_0.email,u1_0.full_name,u1_0.role from reservation r1_0 join court c1_0 on c1_0.id=r1_0.court_id left join app_user db1_0 on db1_0.id=r1_0.decided_by_id join app_user u1_0 on u1_0.id=r1_0.user_id where r1_0.id=?
2026-09-28T14:05:04.036+02:00  INFO 9452 --- [           main] o.e.r.s.LoggingNotificationService       : NOTIFY owner alice+610980567072200@example.com: reservation 50 is now REJECTED (Court booked for a tournament)
Hibernate: update reservation set approval_deadline=?,cancelled_at=?,court_id=?,decided_at=?,decided_by_id=?,decision_reason=?,end_time=?,start_time=?,state=?,user_id=? where id=?
Hibernate: select c1_0.id,c1_0.active,c1_0.closing_time,c1_0.location,c1_0.name,c1_0.opening_time,c1_0.requires_approval,c1_0.type from court c1_0 where c1_0.id=?
Hibernate: select r1_0.id,r1_0.approval_deadline,r1_0.cancelled_at,r1_0.court_id,r1_0.created_at,r1_0.decided_at,r1_0.decided_by_id,r1_0.decision_reason,r1_0.end_time,r1_0.start_time,r1_0.state,r1_0.user_id from reservation r1_0 where r1_0.court_id=? and r1_0.state in (?) and r1_0.start_time<? and ?<r1_0.end_time
Hibernate: select r1_0.id,r1_0.approval_deadline,r1_0.cancelled_at,r1_0.court_id,r1_0.created_at,r1_0.decided_at,r1_0.decided_by_id,r1_0.decision_reason,r1_0.end_time,r1_0.start_time,r1_0.state,r1_0.user_id from reservation r1_0 where r1_0.court_id=? and r1_0.state in (?) and r1_0.start_time<? and ?<r1_0.end_time
Hibernate: select r1_0.id,r1_0.approval_deadline,r1_0.cancelled_at,r1_0.court_id,r1_0.created_at,r1_0.decided_at,r1_0.decided_by_id,r1_0.decision_reason,r1_0.end_time,r1_0.start_time,r1_0.state,r1_0.user_id from reservation r1_0
Hibernate: select c1_0.id,c1_0.active,c1_0.closing_time,c1_0.location,c1_0.name,c1_0.opening_time,c1_0.requires_approval,c1_0.type from court c1_0 where c1_0.id=?
Hibernate: select au1_0.id,au1_0.email,au1_0.full_name,au1_0.role from app_user au1_0 where au1_0.id=?
Hibernate: select au1_0.id,au1_0.email,au1_0.full_name,au1_0.role from app_user au1_0 where au1_0.id=?
Hibernate: delete from reservation where id=?
Hibernate: insert into court (active,closing_time,location,name,opening_time,requires_approval,type,id) values (?,?,?,?,?,?,?,default)
Hibernate: insert into court (active,closing_time,location,name,opening_time,requires_approval,type,id) values (?,?,?,?,?,?,?,default)
Hibernate: insert into app_user (email,full_name,role,id) values (?,?,?,default)
Hibernate: insert into app_user (email,full_name,role,id) values (?,?,?,default)
Hibernate: insert into app_user (email,full_name,role,id) values (?,?,?,default)
Hibernate: insert into app_user (email,full_name,role,id) values (?,?,?,default)
Hibernate: select au1_0.id,au1_0.email,au1_0.full_name,au1_0.role from app_user au1_0 where au1_0.id=?
Hibernate: select c1_0.id,c1_0.active,c1_0.closing_time,c1_0.location,c1_0.name,c1_0.opening_time,c1_0.requires_approval,c1_0.type from court c1_0 where c1_0.id=?
Hibernate: insert into reservation (approval_deadline,cancelled_at,court_id,created_at,decided_at,decided_by_id,decision_reason,end_time,start_time,state,user_id,id) values (?,?,?,?,?,?,?,?,?,?,?,default)
Hibernate: select au1_0.id,au1_0.email,au1_0.full_name,au1_0.role from app_user au1_0 where au1_0.id=?
Hibernate: select r1_0.id,r1_0.approval_deadline,r1_0.cancelled_at,r1_0.court_id,c1_0.id,c1_0.active,c1_0.closing_time,c1_0.location,c1_0.name,c1_0.opening_time,c1_0.requires_approval,c1_0.type,r1_0.created_at,r1_0.decided_at,db1_0.id,db1_0.email,db1_0.full_name,db1_0.role,r1_0.decision_reason,r1_0.end_time,r1_0.start_time,r1_0.state,r1_0.user_id,u1_0.id,u1_0.email,u1_0.full_name,u1_0.role from reservation r1_0 join court c1_0 on c1_0.id=r1_0.court_id left join app_user db1_0 on db1_0.id=r1_0.decided_by_id join app_user u1_0 on u1_0.id=r1_0.user_id where r1_0.id=?
Hibernate: select c1_0.id,c1_0.active,c1_0.closing_time,c1_0.location,c1_0.name,c1_0.opening_time,c1_0.requires_approval,c1_0.type from court c1_0 where c1_0.id=? for update
Hibernate: select r1_0.id,r1_0.approval_deadline,r1_0.cancelled_at,r1_0.court_id,r1_0.created_at,r1_0.decided_at,r1_0.decided_by_id,r1_0.decision_reason,r1_0.end_time,r1_0.start_time,r1_0.state,r1_0.user_id from reservation r1_0 where r1_0.court_id=? and r1_0.state in (?) and r1_0.start_time<? and ?<r1_0.end_time
2026-09-28T14:05:04.066+02:00  INFO 9452 --- [           main] o.e.r.s.LoggingNotificationService       : NOTIFY approvers: reservation 51 for court 'Centre Court (approval)' awaits approval until 2026-09-20T10:00
Hibernate: update reservation set approval_deadline=?,cancelled_at=?,court_id=?,decided_at=?,decided_by_id=?,decision_reason=?,end_time=?,start_time=?,state=?,user_id=? where id=?
Hibernate: select au1_0.id,au1_0.email,au1_0.full_name,au1_0.role from app_user au1_0 where au1_0.id=?
Hibernate: select r1_0.id,r1_0.approval_deadline,r1_0.cancelled_at,r1_0.court_id,c1_0.id,c1_0.active,c1_0.closing_time,c1_0.location,c1_0.name,c1_0.opening_time,c1_0.requires_approval,c1_0.type,r1_0.created_at,r1_0.decided_at,db1_0.id,db1_0.email,db1_0.full_name,db1_0.role,r1_0.decision_reason,r1_0.end_time,r1_0.start_time,r1_0.state,r1_0.user_id,u1_0.id,u1_0.email,u1_0.full_name,u1_0.role from reservation r1_0 join court c1_0 on c1_0.id=r1_0.court_id left join app_user db1_0 on db1_0.id=r1_0.decided_by_id join app_user u1_0 on u1_0.id=r1_0.user_id where r1_0.id=?
2026-09-28T14:05:04.069+02:00  INFO 9452 --- [           main] o.e.r.s.LoggingNotificationService       : NOTIFY owner alice+610980600293200@example.com: reservation 51 is now REJECTED (no)
Hibernate: update reservation set approval_deadline=?,cancelled_at=?,court_id=?,decided_at=?,decided_by_id=?,decision_reason=?,end_time=?,start_time=?,state=?,user_id=? where id=?
Hibernate: select au1_0.id,au1_0.email,au1_0.full_name,au1_0.role from app_user au1_0 where au1_0.id=?
Hibernate: select r1_0.id,r1_0.approval_deadline,r1_0.cancelled_at,r1_0.court_id,c1_0.id,c1_0.active,c1_0.closing_time,c1_0.location,c1_0.name,c1_0.opening_time,c1_0.requires_approval,c1_0.type,r1_0.created_at,r1_0.decided_at,db1_0.id,db1_0.email,db1_0.full_name,db1_0.role,r1_0.decision_reason,r1_0.end_time,r1_0.start_time,r1_0.state,r1_0.user_id,u1_0.id,u1_0.email,u1_0.full_name,u1_0.role from reservation r1_0 join court c1_0 on c1_0.id=r1_0.court_id left join app_user db1_0 on db1_0.id=r1_0.decided_by_id join app_user u1_0 on u1_0.id=r1_0.user_id where r1_0.id=?
Hibernate: select c1_0.id,c1_0.active,c1_0.closing_time,c1_0.location,c1_0.name,c1_0.opening_time,c1_0.requires_approval,c1_0.type from court c1_0 where c1_0.id=? for update
Hibernate: select r1_0.id,r1_0.approval_deadline,r1_0.cancelled_at,r1_0.court_id,c1_0.id,c1_0.active,c1_0.closing_time,c1_0.location,c1_0.name,c1_0.opening_time,c1_0.requires_approval,c1_0.type,r1_0.created_at,r1_0.decided_at,db1_0.id,db1_0.email,db1_0.full_name,db1_0.role,r1_0.decision_reason,r1_0.end_time,r1_0.start_time,r1_0.state,r1_0.user_id,u1_0.id,u1_0.email,u1_0.full_name,u1_0.role from reservation r1_0 join court c1_0 on c1_0.id=r1_0.court_id left join app_user db1_0 on db1_0.id=r1_0.decided_by_id join app_user u1_0 on u1_0.id=r1_0.user_id where r1_0.id=?
Hibernate: select r1_0.id,r1_0.approval_deadline,r1_0.cancelled_at,r1_0.court_id,r1_0.created_at,r1_0.decided_at,r1_0.decided_by_id,r1_0.decision_reason,r1_0.end_time,r1_0.start_time,r1_0.state,r1_0.user_id from reservation r1_0
Hibernate: select c1_0.id,c1_0.active,c1_0.closing_time,c1_0.location,c1_0.name,c1_0.opening_time,c1_0.requires_approval,c1_0.type from court c1_0 where c1_0.id=?
Hibernate: select au1_0.id,au1_0.email,au1_0.full_name,au1_0.role from app_user au1_0 where au1_0.id=?
Hibernate: select au1_0.id,au1_0.email,au1_0.full_name,au1_0.role from app_user au1_0 where au1_0.id=?
Hibernate: delete from reservation where id=?
Hibernate: insert into court (active,closing_time,location,name,opening_time,requires_approval,type,id) values (?,?,?,?,?,?,?,default)
Hibernate: insert into court (active,closing_time,location,name,opening_time,requires_approval,type,id) values (?,?,?,?,?,?,?,default)
Hibernate: insert into app_user (email,full_name,role,id) values (?,?,?,default)
Hibernate: insert into app_user (email,full_name,role,id) values (?,?,?,default)
Hibernate: insert into app_user (email,full_name,role,id) values (?,?,?,default)
Hibernate: insert into app_user (email,full_name,role,id) values (?,?,?,default)
Hibernate: select au1_0.id,au1_0.email,au1_0.full_name,au1_0.role from app_user au1_0 where au1_0.id=?
Hibernate: select c1_0.id,c1_0.active,c1_0.closing_time,c1_0.location,c1_0.name,c1_0.opening_time,c1_0.requires_approval,c1_0.type from court c1_0 where c1_0.id=?
Hibernate: insert into reservation (approval_deadline,cancelled_at,court_id,created_at,decided_at,decided_by_id,decision_reason,end_time,start_time,state,user_id,id) values (?,?,?,?,?,?,?,?,?,?,?,default)
Hibernate: select au1_0.id,au1_0.email,au1_0.full_name,au1_0.role from app_user au1_0 where au1_0.id=?
Hibernate: select r1_0.id,r1_0.approval_deadline,r1_0.cancelled_at,r1_0.court_id,c1_0.id,c1_0.active,c1_0.closing_time,c1_0.location,c1_0.name,c1_0.opening_time,c1_0.requires_approval,c1_0.type,r1_0.created_at,r1_0.decided_at,db1_0.id,db1_0.email,db1_0.full_name,db1_0.role,r1_0.decision_reason,r1_0.end_time,r1_0.start_time,r1_0.state,r1_0.user_id,u1_0.id,u1_0.email,u1_0.full_name,u1_0.role from reservation r1_0 join court c1_0 on c1_0.id=r1_0.court_id left join app_user db1_0 on db1_0.id=r1_0.decided_by_id join app_user u1_0 on u1_0.id=r1_0.user_id where r1_0.id=?
Hibernate: select c1_0.id,c1_0.active,c1_0.closing_time,c1_0.location,c1_0.name,c1_0.opening_time,c1_0.requires_approval,c1_0.type from court c1_0 where c1_0.id=? for update
Hibernate: select r1_0.id,r1_0.approval_deadline,r1_0.cancelled_at,r1_0.court_id,r1_0.created_at,r1_0.decided_at,r1_0.decided_by_id,r1_0.decision_reason,r1_0.end_time,r1_0.start_time,r1_0.state,r1_0.user_id from reservation r1_0 where r1_0.court_id=? and r1_0.state in (?) and r1_0.start_time<? and ?<r1_0.end_time
2026-09-28T14:05:04.090+02:00  INFO 9452 --- [           main] o.e.r.s.LoggingNotificationService       : NOTIFY approvers: reservation 52 for court 'Centre Court (approval)' awaits approval until 2026-09-20T10:00
Hibernate: update reservation set approval_deadline=?,cancelled_at=?,court_id=?,decided_at=?,decided_by_id=?,decision_reason=?,end_time=?,start_time=?,state=?,user_id=? where id=?
Hibernate: select au1_0.id,au1_0.email,au1_0.full_name,au1_0.role from app_user au1_0 where au1_0.id=?
Hibernate: select r1_0.id,r1_0.approval_deadline,r1_0.cancelled_at,r1_0.court_id,c1_0.id,c1_0.active,c1_0.closing_time,c1_0.location,c1_0.name,c1_0.opening_time,c1_0.requires_approval,c1_0.type,r1_0.created_at,r1_0.decided_at,db1_0.id,db1_0.email,db1_0.full_name,db1_0.role,r1_0.decision_reason,r1_0.end_time,r1_0.start_time,r1_0.state,r1_0.user_id,u1_0.id,u1_0.email,u1_0.full_name,u1_0.role from reservation r1_0 join court c1_0 on c1_0.id=r1_0.court_id left join app_user db1_0 on db1_0.id=r1_0.decided_by_id join app_user u1_0 on u1_0.id=r1_0.user_id where r1_0.id=?
Hibernate: select r1_0.id,r1_0.approval_deadline,r1_0.cancelled_at,r1_0.court_id,c1_0.id,c1_0.active,c1_0.closing_time,c1_0.location,c1_0.name,c1_0.opening_time,c1_0.requires_approval,c1_0.type,r1_0.created_at,r1_0.decided_at,db1_0.id,db1_0.email,db1_0.full_name,db1_0.role,r1_0.decision_reason,r1_0.end_time,r1_0.start_time,r1_0.state,r1_0.user_id,u1_0.id,u1_0.email,u1_0.full_name,u1_0.role from reservation r1_0 join court c1_0 on c1_0.id=r1_0.court_id left join app_user db1_0 on db1_0.id=r1_0.decided_by_id join app_user u1_0 on u1_0.id=r1_0.user_id where r1_0.id=?
Hibernate: select r1_0.id,r1_0.approval_deadline,r1_0.cancelled_at,r1_0.court_id,r1_0.created_at,r1_0.decided_at,r1_0.decided_by_id,r1_0.decision_reason,r1_0.end_time,r1_0.start_time,r1_0.state,r1_0.user_id from reservation r1_0
Hibernate: select c1_0.id,c1_0.active,c1_0.closing_time,c1_0.location,c1_0.name,c1_0.opening_time,c1_0.requires_approval,c1_0.type from court c1_0 where c1_0.id=?
Hibernate: select au1_0.id,au1_0.email,au1_0.full_name,au1_0.role from app_user au1_0 where au1_0.id=?
Hibernate: delete from reservation where id=?
Hibernate: insert into court (active,closing_time,location,name,opening_time,requires_approval,type,id) values (?,?,?,?,?,?,?,default)
Hibernate: insert into court (active,closing_time,location,name,opening_time,requires_approval,type,id) values (?,?,?,?,?,?,?,default)
Hibernate: insert into app_user (email,full_name,role,id) values (?,?,?,default)
Hibernate: insert into app_user (email,full_name,role,id) values (?,?,?,default)
Hibernate: insert into app_user (email,full_name,role,id) values (?,?,?,default)
Hibernate: insert into app_user (email,full_name,role,id) values (?,?,?,default)
Hibernate: select au1_0.id,au1_0.email,au1_0.full_name,au1_0.role from app_user au1_0 where au1_0.id=?
Hibernate: select c1_0.id,c1_0.active,c1_0.closing_time,c1_0.location,c1_0.name,c1_0.opening_time,c1_0.requires_approval,c1_0.type from court c1_0 where c1_0.id=?
Hibernate: insert into reservation (approval_deadline,cancelled_at,court_id,created_at,decided_at,decided_by_id,decision_reason,end_time,start_time,state,user_id,id) values (?,?,?,?,?,?,?,?,?,?,?,default)
Hibernate: select au1_0.id,au1_0.email,au1_0.full_name,au1_0.role from app_user au1_0 where au1_0.id=?
Hibernate: select r1_0.id,r1_0.approval_deadline,r1_0.cancelled_at,r1_0.court_id,c1_0.id,c1_0.active,c1_0.closing_time,c1_0.location,c1_0.name,c1_0.opening_time,c1_0.requires_approval,c1_0.type,r1_0.created_at,r1_0.decided_at,db1_0.id,db1_0.email,db1_0.full_name,db1_0.role,r1_0.decision_reason,r1_0.end_time,r1_0.start_time,r1_0.state,r1_0.user_id,u1_0.id,u1_0.email,u1_0.full_name,u1_0.role from reservation r1_0 join court c1_0 on c1_0.id=r1_0.court_id left join app_user db1_0 on db1_0.id=r1_0.decided_by_id join app_user u1_0 on u1_0.id=r1_0.user_id where r1_0.id=?
Hibernate: select c1_0.id,c1_0.active,c1_0.closing_time,c1_0.location,c1_0.name,c1_0.opening_time,c1_0.requires_approval,c1_0.type from court c1_0 where c1_0.id=? for update
Hibernate: select r1_0.id,r1_0.approval_deadline,r1_0.cancelled_at,r1_0.court_id,r1_0.created_at,r1_0.decided_at,r1_0.decided_by_id,r1_0.decision_reason,r1_0.end_time,r1_0.start_time,r1_0.state,r1_0.user_id from reservation r1_0 where r1_0.court_id=? and r1_0.state in (?) and r1_0.start_time<? and ?<r1_0.end_time
2026-09-28T14:05:04.116+02:00  INFO 9452 --- [           main] o.e.r.s.LoggingNotificationService       : NOTIFY owner alice+610980647183000@example.com: reservation 53 for court 'Court 2 (self-service)' is CONFIRMED
Hibernate: update reservation set approval_deadline=?,cancelled_at=?,court_id=?,decided_at=?,decided_by_id=?,decision_reason=?,end_time=?,start_time=?,state=?,user_id=? where id=?
Hibernate: select au1_0.id,au1_0.email,au1_0.full_name,au1_0.role from app_user au1_0 where au1_0.id=?
Hibernate: select r1_0.id,r1_0.approval_deadline,r1_0.cancelled_at,r1_0.court_id,c1_0.id,c1_0.active,c1_0.closing_time,c1_0.location,c1_0.name,c1_0.opening_time,c1_0.requires_approval,c1_0.type,r1_0.created_at,r1_0.decided_at,db1_0.id,db1_0.email,db1_0.full_name,db1_0.role,r1_0.decision_reason,r1_0.end_time,r1_0.start_time,r1_0.state,r1_0.user_id,u1_0.id,u1_0.email,u1_0.full_name,u1_0.role from reservation r1_0 join court c1_0 on c1_0.id=r1_0.court_id left join app_user db1_0 on db1_0.id=r1_0.decided_by_id join app_user u1_0 on u1_0.id=r1_0.user_id where r1_0.id=?
Hibernate: select r1_0.id,r1_0.approval_deadline,r1_0.cancelled_at,r1_0.court_id,c1_0.id,c1_0.active,c1_0.closing_time,c1_0.location,c1_0.name,c1_0.opening_time,c1_0.requires_approval,c1_0.type,r1_0.created_at,r1_0.decided_at,db1_0.id,db1_0.email,db1_0.full_name,db1_0.role,r1_0.decision_reason,r1_0.end_time,r1_0.start_time,r1_0.state,r1_0.user_id,u1_0.id,u1_0.email,u1_0.full_name,u1_0.role from reservation r1_0 join court c1_0 on c1_0.id=r1_0.court_id left join app_user db1_0 on db1_0.id=r1_0.decided_by_id join app_user u1_0 on u1_0.id=r1_0.user_id where r1_0.id=?
Hibernate: select r1_0.id,r1_0.approval_deadline,r1_0.cancelled_at,r1_0.court_id,r1_0.created_at,r1_0.decided_at,r1_0.decided_by_id,r1_0.decision_reason,r1_0.end_time,r1_0.start_time,r1_0.state,r1_0.user_id from reservation r1_0
Hibernate: select c1_0.id,c1_0.active,c1_0.closing_time,c1_0.location,c1_0.name,c1_0.opening_time,c1_0.requires_approval,c1_0.type from court c1_0 where c1_0.id=?
Hibernate: select au1_0.id,au1_0.email,au1_0.full_name,au1_0.role from app_user au1_0 where au1_0.id=?
Hibernate: delete from reservation where id=?
Hibernate: insert into court (active,closing_time,location,name,opening_time,requires_approval,type,id) values (?,?,?,?,?,?,?,default)
Hibernate: insert into court (active,closing_time,location,name,opening_time,requires_approval,type,id) values (?,?,?,?,?,?,?,default)
Hibernate: insert into app_user (email,full_name,role,id) values (?,?,?,default)
Hibernate: insert into app_user (email,full_name,role,id) values (?,?,?,default)
Hibernate: insert into app_user (email,full_name,role,id) values (?,?,?,default)
Hibernate: insert into app_user (email,full_name,role,id) values (?,?,?,default)
Hibernate: select au1_0.id,au1_0.email,au1_0.full_name,au1_0.role from app_user au1_0 where au1_0.id=?
Hibernate: select c1_0.id,c1_0.active,c1_0.closing_time,c1_0.location,c1_0.name,c1_0.opening_time,c1_0.requires_approval,c1_0.type from court c1_0 where c1_0.id=?
Hibernate: insert into reservation (approval_deadline,cancelled_at,court_id,created_at,decided_at,decided_by_id,decision_reason,end_time,start_time,state,user_id,id) values (?,?,?,?,?,?,?,?,?,?,?,default)
Hibernate: select au1_0.id,au1_0.email,au1_0.full_name,au1_0.role from app_user au1_0 where au1_0.id=?
Hibernate: select r1_0.id,r1_0.approval_deadline,r1_0.cancelled_at,r1_0.court_id,c1_0.id,c1_0.active,c1_0.closing_time,c1_0.location,c1_0.name,c1_0.opening_time,c1_0.requires_approval,c1_0.type,r1_0.created_at,r1_0.decided_at,db1_0.id,db1_0.email,db1_0.full_name,db1_0.role,r1_0.decision_reason,r1_0.end_time,r1_0.start_time,r1_0.state,r1_0.user_id,u1_0.id,u1_0.email,u1_0.full_name,u1_0.role from reservation r1_0 join court c1_0 on c1_0.id=r1_0.court_id left join app_user db1_0 on db1_0.id=r1_0.decided_by_id join app_user u1_0 on u1_0.id=r1_0.user_id where r1_0.id=?
Hibernate: select c1_0.id,c1_0.active,c1_0.closing_time,c1_0.location,c1_0.name,c1_0.opening_time,c1_0.requires_approval,c1_0.type from court c1_0 where c1_0.id=? for update
Hibernate: select r1_0.id,r1_0.approval_deadline,r1_0.cancelled_at,r1_0.court_id,r1_0.created_at,r1_0.decided_at,r1_0.decided_by_id,r1_0.decision_reason,r1_0.end_time,r1_0.start_time,r1_0.state,r1_0.user_id from reservation r1_0 where r1_0.court_id=? and r1_0.state in (?) and r1_0.start_time<? and ?<r1_0.end_time
2026-09-28T14:05:04.141+02:00  INFO 9452 --- [           main] o.e.r.s.LoggingNotificationService       : NOTIFY approvers: reservation 54 for court 'Centre Court (approval)' awaits approval until 2026-09-20T10:00
Hibernate: update reservation set approval_deadline=?,cancelled_at=?,court_id=?,decided_at=?,decided_by_id=?,decision_reason=?,end_time=?,start_time=?,state=?,user_id=? where id=?
Hibernate: select au1_0.id,au1_0.email,au1_0.full_name,au1_0.role from app_user au1_0 where au1_0.id=?
Hibernate: select r1_0.id,r1_0.approval_deadline,r1_0.cancelled_at,r1_0.court_id,c1_0.id,c1_0.active,c1_0.closing_time,c1_0.location,c1_0.name,c1_0.opening_time,c1_0.requires_approval,c1_0.type,r1_0.created_at,r1_0.decided_at,db1_0.id,db1_0.email,db1_0.full_name,db1_0.role,r1_0.decision_reason,r1_0.end_time,r1_0.start_time,r1_0.state,r1_0.user_id,u1_0.id,u1_0.email,u1_0.full_name,u1_0.role from reservation r1_0 join court c1_0 on c1_0.id=r1_0.court_id left join app_user db1_0 on db1_0.id=r1_0.decided_by_id join app_user u1_0 on u1_0.id=r1_0.user_id where r1_0.id=?
2026-09-28T14:05:04.143+02:00  INFO 9452 --- [           main] o.e.r.s.LoggingNotificationService       : NOTIFY owner alice+610980674684000@example.com: reservation 54 is now REJECTED (late refusal)
Hibernate: update reservation set approval_deadline=?,cancelled_at=?,court_id=?,decided_at=?,decided_by_id=?,decision_reason=?,end_time=?,start_time=?,state=?,user_id=? where id=?
[INFO] Tests run: 5, Failures: 0, Errors: 0, Skipped: 0, Time elapsed: 0.133 s -- in OP-06 Reject Reservation
[INFO] Running OP-05 Approve Reservation
2026-09-28T14:05:04.167+02:00  INFO 9452 --- [           main] t.c.s.AnnotationConfigContextLoaderUtils : Could not detect default configuration classes for test class [org.example.reservation.BaselineV02ApprovalVerificationTest$Op05Approve]: Op05Approve does not declare any static, non-private, non-final, nested classes annotated with @Configuration.
2026-09-28T14:05:04.172+02:00  INFO 9452 --- [           main] .b.t.c.SpringBootTestContextBootstrapper : Found @SpringBootConfiguration org.example.reservation.ReservationApplication for test class org.example.reservation.BaselineV02ApprovalVerificationTest$Op05Approve
Hibernate: select r1_0.id,r1_0.approval_deadline,r1_0.cancelled_at,r1_0.court_id,r1_0.created_at,r1_0.decided_at,r1_0.decided_by_id,r1_0.decision_reason,r1_0.end_time,r1_0.start_time,r1_0.state,r1_0.user_id from reservation r1_0
Hibernate: select c1_0.id,c1_0.active,c1_0.closing_time,c1_0.location,c1_0.name,c1_0.opening_time,c1_0.requires_approval,c1_0.type from court c1_0 where c1_0.id=?
Hibernate: select au1_0.id,au1_0.email,au1_0.full_name,au1_0.role from app_user au1_0 where au1_0.id=?
Hibernate: select au1_0.id,au1_0.email,au1_0.full_name,au1_0.role from app_user au1_0 where au1_0.id=?
Hibernate: delete from reservation where id=?
Hibernate: insert into court (active,closing_time,location,name,opening_time,requires_approval,type,id) values (?,?,?,?,?,?,?,default)
Hibernate: insert into court (active,closing_time,location,name,opening_time,requires_approval,type,id) values (?,?,?,?,?,?,?,default)
Hibernate: insert into app_user (email,full_name,role,id) values (?,?,?,default)
Hibernate: insert into app_user (email,full_name,role,id) values (?,?,?,default)
Hibernate: insert into app_user (email,full_name,role,id) values (?,?,?,default)
Hibernate: insert into app_user (email,full_name,role,id) values (?,?,?,default)
Hibernate: select au1_0.id,au1_0.email,au1_0.full_name,au1_0.role from app_user au1_0 where au1_0.id=?
Hibernate: select c1_0.id,c1_0.active,c1_0.closing_time,c1_0.location,c1_0.name,c1_0.opening_time,c1_0.requires_approval,c1_0.type from court c1_0 where c1_0.id=?
Hibernate: insert into reservation (approval_deadline,cancelled_at,court_id,created_at,decided_at,decided_by_id,decision_reason,end_time,start_time,state,user_id,id) values (?,?,?,?,?,?,?,?,?,?,?,default)
Hibernate: select au1_0.id,au1_0.email,au1_0.full_name,au1_0.role from app_user au1_0 where au1_0.id=?
Hibernate: select r1_0.id,r1_0.approval_deadline,r1_0.cancelled_at,r1_0.court_id,c1_0.id,c1_0.active,c1_0.closing_time,c1_0.location,c1_0.name,c1_0.opening_time,c1_0.requires_approval,c1_0.type,r1_0.created_at,r1_0.decided_at,db1_0.id,db1_0.email,db1_0.full_name,db1_0.role,r1_0.decision_reason,r1_0.end_time,r1_0.start_time,r1_0.state,r1_0.user_id,u1_0.id,u1_0.email,u1_0.full_name,u1_0.role from reservation r1_0 join court c1_0 on c1_0.id=r1_0.court_id left join app_user db1_0 on db1_0.id=r1_0.decided_by_id join app_user u1_0 on u1_0.id=r1_0.user_id where r1_0.id=?
Hibernate: select c1_0.id,c1_0.active,c1_0.closing_time,c1_0.location,c1_0.name,c1_0.opening_time,c1_0.requires_approval,c1_0.type from court c1_0 where c1_0.id=? for update
Hibernate: select r1_0.id,r1_0.approval_deadline,r1_0.cancelled_at,r1_0.court_id,r1_0.created_at,r1_0.decided_at,r1_0.decided_by_id,r1_0.decision_reason,r1_0.end_time,r1_0.start_time,r1_0.state,r1_0.user_id from reservation r1_0 where r1_0.court_id=? and r1_0.state in (?) and r1_0.start_time<? and ?<r1_0.end_time
2026-09-28T14:05:04.194+02:00  INFO 9452 --- [           main] o.e.r.s.LoggingNotificationService       : NOTIFY approvers: reservation 55 for court 'Centre Court (approval)' awaits approval until 2026-09-20T10:00
Hibernate: update reservation set approval_deadline=?,cancelled_at=?,court_id=?,decided_at=?,decided_by_id=?,decision_reason=?,end_time=?,start_time=?,state=?,user_id=? where id=?
Hibernate: select au1_0.id,au1_0.email,au1_0.full_name,au1_0.role from app_user au1_0 where au1_0.id=?
Hibernate: select r1_0.id,r1_0.approval_deadline,r1_0.cancelled_at,r1_0.court_id,c1_0.id,c1_0.active,c1_0.closing_time,c1_0.location,c1_0.name,c1_0.opening_time,c1_0.requires_approval,c1_0.type,r1_0.created_at,r1_0.decided_at,db1_0.id,db1_0.email,db1_0.full_name,db1_0.role,r1_0.decision_reason,r1_0.end_time,r1_0.start_time,r1_0.state,r1_0.user_id,u1_0.id,u1_0.email,u1_0.full_name,u1_0.role from reservation r1_0 join court c1_0 on c1_0.id=r1_0.court_id left join app_user db1_0 on db1_0.id=r1_0.decided_by_id join app_user u1_0 on u1_0.id=r1_0.user_id where r1_0.id=?
Hibernate: select c1_0.id,c1_0.active,c1_0.closing_time,c1_0.location,c1_0.name,c1_0.opening_time,c1_0.requires_approval,c1_0.type from court c1_0 where c1_0.id=? for update
Hibernate: select r1_0.id,r1_0.approval_deadline,r1_0.cancelled_at,r1_0.court_id,r1_0.created_at,r1_0.decided_at,r1_0.decided_by_id,r1_0.decision_reason,r1_0.end_time,r1_0.start_time,r1_0.state,r1_0.user_id from reservation r1_0 where r1_0.court_id=? and r1_0.state in (?) and r1_0.start_time<? and ?<r1_0.end_time
2026-09-28T14:05:04.198+02:00  INFO 9452 --- [           main] o.e.r.s.LoggingNotificationService       : NOTIFY owner alice+610980728144800@example.com: reservation 55 for court 'Centre Court (approval)' is CONFIRMED
Hibernate: update reservation set approval_deadline=?,cancelled_at=?,court_id=?,decided_at=?,decided_by_id=?,decision_reason=?,end_time=?,start_time=?,state=?,user_id=? where id=?
Hibernate: select c1_0.id,c1_0.active,c1_0.closing_time,c1_0.location,c1_0.name,c1_0.opening_time,c1_0.requires_approval,c1_0.type from court c1_0 where c1_0.id=?
Hibernate: select r1_0.id,r1_0.approval_deadline,r1_0.cancelled_at,r1_0.court_id,r1_0.created_at,r1_0.decided_at,r1_0.decided_by_id,r1_0.decision_reason,r1_0.end_time,r1_0.start_time,r1_0.state,r1_0.user_id from reservation r1_0 where r1_0.court_id=? and r1_0.state in (?) and r1_0.start_time<? and ?<r1_0.end_time
Hibernate: select r1_0.id,r1_0.approval_deadline,r1_0.cancelled_at,r1_0.court_id,r1_0.created_at,r1_0.decided_at,r1_0.decided_by_id,r1_0.decision_reason,r1_0.end_time,r1_0.start_time,r1_0.state,r1_0.user_id from reservation r1_0 where r1_0.court_id=? and r1_0.state in (?) and r1_0.start_time<? and ?<r1_0.end_time
Hibernate: select au1_0.id,au1_0.email,au1_0.full_name,au1_0.role from app_user au1_0 where au1_0.id=?
Hibernate: select au1_0.id,au1_0.email,au1_0.full_name,au1_0.role from app_user au1_0 where au1_0.id=?
Hibernate: select r1_0.id,r1_0.approval_deadline,r1_0.cancelled_at,r1_0.court_id,r1_0.created_at,r1_0.decided_at,r1_0.decided_by_id,r1_0.decision_reason,r1_0.end_time,r1_0.start_time,r1_0.state,r1_0.user_id from reservation r1_0
Hibernate: select c1_0.id,c1_0.active,c1_0.closing_time,c1_0.location,c1_0.name,c1_0.opening_time,c1_0.requires_approval,c1_0.type from court c1_0 where c1_0.id=?
Hibernate: select au1_0.id,au1_0.email,au1_0.full_name,au1_0.role from app_user au1_0 where au1_0.id=?
Hibernate: select au1_0.id,au1_0.email,au1_0.full_name,au1_0.role from app_user au1_0 where au1_0.id=?
Hibernate: delete from reservation where id=?
Hibernate: insert into court (active,closing_time,location,name,opening_time,requires_approval,type,id) values (?,?,?,?,?,?,?,default)
Hibernate: insert into court (active,closing_time,location,name,opening_time,requires_approval,type,id) values (?,?,?,?,?,?,?,default)
Hibernate: insert into app_user (email,full_name,role,id) values (?,?,?,default)
Hibernate: insert into app_user (email,full_name,role,id) values (?,?,?,default)
Hibernate: insert into app_user (email,full_name,role,id) values (?,?,?,default)
Hibernate: insert into app_user (email,full_name,role,id) values (?,?,?,default)
Hibernate: select au1_0.id,au1_0.email,au1_0.full_name,au1_0.role from app_user au1_0 where au1_0.id=?
Hibernate: select c1_0.id,c1_0.active,c1_0.closing_time,c1_0.location,c1_0.name,c1_0.opening_time,c1_0.requires_approval,c1_0.type from court c1_0 where c1_0.id=?
Hibernate: insert into reservation (approval_deadline,cancelled_at,court_id,created_at,decided_at,decided_by_id,decision_reason,end_time,start_time,state,user_id,id) values (?,?,?,?,?,?,?,?,?,?,?,default)
Hibernate: select au1_0.id,au1_0.email,au1_0.full_name,au1_0.role from app_user au1_0 where au1_0.id=?
Hibernate: select r1_0.id,r1_0.approval_deadline,r1_0.cancelled_at,r1_0.court_id,c1_0.id,c1_0.active,c1_0.closing_time,c1_0.location,c1_0.name,c1_0.opening_time,c1_0.requires_approval,c1_0.type,r1_0.created_at,r1_0.decided_at,db1_0.id,db1_0.email,db1_0.full_name,db1_0.role,r1_0.decision_reason,r1_0.end_time,r1_0.start_time,r1_0.state,r1_0.user_id,u1_0.id,u1_0.email,u1_0.full_name,u1_0.role from reservation r1_0 join court c1_0 on c1_0.id=r1_0.court_id left join app_user db1_0 on db1_0.id=r1_0.decided_by_id join app_user u1_0 on u1_0.id=r1_0.user_id where r1_0.id=?
Hibernate: select c1_0.id,c1_0.active,c1_0.closing_time,c1_0.location,c1_0.name,c1_0.opening_time,c1_0.requires_approval,c1_0.type from court c1_0 where c1_0.id=? for update
Hibernate: select r1_0.id,r1_0.approval_deadline,r1_0.cancelled_at,r1_0.court_id,r1_0.created_at,r1_0.decided_at,r1_0.decided_by_id,r1_0.decision_reason,r1_0.end_time,r1_0.start_time,r1_0.state,r1_0.user_id from reservation r1_0 where r1_0.court_id=? and r1_0.state in (?) and r1_0.start_time<? and ?<r1_0.end_time
2026-09-28T14:05:04.220+02:00  INFO 9452 --- [           main] o.e.r.s.LoggingNotificationService       : NOTIFY approvers: reservation 56 for court 'Centre Court (approval)' awaits approval until 2026-09-20T10:00
Hibernate: update reservation set approval_deadline=?,cancelled_at=?,court_id=?,decided_at=?,decided_by_id=?,decision_reason=?,end_time=?,start_time=?,state=?,user_id=? where id=?
Hibernate: select au1_0.id,au1_0.email,au1_0.full_name,au1_0.role from app_user au1_0 where au1_0.id=?
Hibernate: select r1_0.id,r1_0.approval_deadline,r1_0.cancelled_at,r1_0.court_id,c1_0.id,c1_0.active,c1_0.closing_time,c1_0.location,c1_0.name,c1_0.opening_time,c1_0.requires_approval,c1_0.type,r1_0.created_at,r1_0.decided_at,db1_0.id,db1_0.email,db1_0.full_name,db1_0.role,r1_0.decision_reason,r1_0.end_time,r1_0.start_time,r1_0.state,r1_0.user_id,u1_0.id,u1_0.email,u1_0.full_name,u1_0.role from reservation r1_0 join court c1_0 on c1_0.id=r1_0.court_id left join app_user db1_0 on db1_0.id=r1_0.decided_by_id join app_user u1_0 on u1_0.id=r1_0.user_id where r1_0.id=?
Hibernate: select r1_0.id,r1_0.approval_deadline,r1_0.cancelled_at,r1_0.court_id,c1_0.id,c1_0.active,c1_0.closing_time,c1_0.location,c1_0.name,c1_0.opening_time,c1_0.requires_approval,c1_0.type,r1_0.created_at,r1_0.decided_at,db1_0.id,db1_0.email,db1_0.full_name,db1_0.role,r1_0.decision_reason,r1_0.end_time,r1_0.start_time,r1_0.state,r1_0.user_id,u1_0.id,u1_0.email,u1_0.full_name,u1_0.role from reservation r1_0 join court c1_0 on c1_0.id=r1_0.court_id left join app_user db1_0 on db1_0.id=r1_0.decided_by_id join app_user u1_0 on u1_0.id=r1_0.user_id where r1_0.id=?
Hibernate: select r1_0.id,r1_0.approval_deadline,r1_0.cancelled_at,r1_0.court_id,r1_0.created_at,r1_0.decided_at,r1_0.decided_by_id,r1_0.decision_reason,r1_0.end_time,r1_0.start_time,r1_0.state,r1_0.user_id from reservation r1_0
Hibernate: select c1_0.id,c1_0.active,c1_0.closing_time,c1_0.location,c1_0.name,c1_0.opening_time,c1_0.requires_approval,c1_0.type from court c1_0 where c1_0.id=?
Hibernate: select au1_0.id,au1_0.email,au1_0.full_name,au1_0.role from app_user au1_0 where au1_0.id=?
Hibernate: delete from reservation where id=?
Hibernate: insert into court (active,closing_time,location,name,opening_time,requires_approval,type,id) values (?,?,?,?,?,?,?,default)
Hibernate: insert into court (active,closing_time,location,name,opening_time,requires_approval,type,id) values (?,?,?,?,?,?,?,default)
Hibernate: insert into app_user (email,full_name,role,id) values (?,?,?,default)
Hibernate: insert into app_user (email,full_name,role,id) values (?,?,?,default)
Hibernate: insert into app_user (email,full_name,role,id) values (?,?,?,default)
Hibernate: insert into app_user (email,full_name,role,id) values (?,?,?,default)
Hibernate: select au1_0.id,au1_0.email,au1_0.full_name,au1_0.role from app_user au1_0 where au1_0.id=?
Hibernate: select c1_0.id,c1_0.active,c1_0.closing_time,c1_0.location,c1_0.name,c1_0.opening_time,c1_0.requires_approval,c1_0.type from court c1_0 where c1_0.id=?
Hibernate: insert into reservation (approval_deadline,cancelled_at,court_id,created_at,decided_at,decided_by_id,decision_reason,end_time,start_time,state,user_id,id) values (?,?,?,?,?,?,?,?,?,?,?,default)
Hibernate: select au1_0.id,au1_0.email,au1_0.full_name,au1_0.role from app_user au1_0 where au1_0.id=?
Hibernate: select r1_0.id,r1_0.approval_deadline,r1_0.cancelled_at,r1_0.court_id,c1_0.id,c1_0.active,c1_0.closing_time,c1_0.location,c1_0.name,c1_0.opening_time,c1_0.requires_approval,c1_0.type,r1_0.created_at,r1_0.decided_at,db1_0.id,db1_0.email,db1_0.full_name,db1_0.role,r1_0.decision_reason,r1_0.end_time,r1_0.start_time,r1_0.state,r1_0.user_id,u1_0.id,u1_0.email,u1_0.full_name,u1_0.role from reservation r1_0 join court c1_0 on c1_0.id=r1_0.court_id left join app_user db1_0 on db1_0.id=r1_0.decided_by_id join app_user u1_0 on u1_0.id=r1_0.user_id where r1_0.id=?
Hibernate: select c1_0.id,c1_0.active,c1_0.closing_time,c1_0.location,c1_0.name,c1_0.opening_time,c1_0.requires_approval,c1_0.type from court c1_0 where c1_0.id=? for update
Hibernate: select r1_0.id,r1_0.approval_deadline,r1_0.cancelled_at,r1_0.court_id,r1_0.created_at,r1_0.decided_at,r1_0.decided_by_id,r1_0.decision_reason,r1_0.end_time,r1_0.start_time,r1_0.state,r1_0.user_id from reservation r1_0 where r1_0.court_id=? and r1_0.state in (?) and r1_0.start_time<? and ?<r1_0.end_time
2026-09-28T14:05:04.251+02:00  INFO 9452 --- [           main] o.e.r.s.LoggingNotificationService       : NOTIFY approvers: reservation 57 for court 'Centre Court (approval)' awaits approval until 2026-09-20T10:00
Hibernate: update reservation set approval_deadline=?,cancelled_at=?,court_id=?,decided_at=?,decided_by_id=?,decision_reason=?,end_time=?,start_time=?,state=?,user_id=? where id=?
Hibernate: select au1_0.id,au1_0.email,au1_0.full_name,au1_0.role from app_user au1_0 where au1_0.id=?
Hibernate: select r1_0.id,r1_0.approval_deadline,r1_0.cancelled_at,r1_0.court_id,c1_0.id,c1_0.active,c1_0.closing_time,c1_0.location,c1_0.name,c1_0.opening_time,c1_0.requires_approval,c1_0.type,r1_0.created_at,r1_0.decided_at,db1_0.id,db1_0.email,db1_0.full_name,db1_0.role,r1_0.decision_reason,r1_0.end_time,r1_0.start_time,r1_0.state,r1_0.user_id,u1_0.id,u1_0.email,u1_0.full_name,u1_0.role from reservation r1_0 join court c1_0 on c1_0.id=r1_0.court_id left join app_user db1_0 on db1_0.id=r1_0.decided_by_id join app_user u1_0 on u1_0.id=r1_0.user_id where r1_0.id=?
Hibernate: select r1_0.id,r1_0.approval_deadline,r1_0.cancelled_at,r1_0.court_id,c1_0.id,c1_0.active,c1_0.closing_time,c1_0.location,c1_0.name,c1_0.opening_time,c1_0.requires_approval,c1_0.type,r1_0.created_at,r1_0.decided_at,db1_0.id,db1_0.email,db1_0.full_name,db1_0.role,r1_0.decision_reason,r1_0.end_time,r1_0.start_time,r1_0.state,r1_0.user_id,u1_0.id,u1_0.email,u1_0.full_name,u1_0.role from reservation r1_0 join court c1_0 on c1_0.id=r1_0.court_id left join app_user db1_0 on db1_0.id=r1_0.decided_by_id join app_user u1_0 on u1_0.id=r1_0.user_id where r1_0.id=?
Hibernate: select au1_0.id,au1_0.email,au1_0.full_name,au1_0.role from app_user au1_0 where au1_0.id=?
Hibernate: select r1_0.id,r1_0.approval_deadline,r1_0.cancelled_at,r1_0.court_id,c1_0.id,c1_0.active,c1_0.closing_time,c1_0.location,c1_0.name,c1_0.opening_time,c1_0.requires_approval,c1_0.type,r1_0.created_at,r1_0.decided_at,db1_0.id,db1_0.email,db1_0.full_name,db1_0.role,r1_0.decision_reason,r1_0.end_time,r1_0.start_time,r1_0.state,r1_0.user_id,u1_0.id,u1_0.email,u1_0.full_name,u1_0.role from reservation r1_0 join court c1_0 on c1_0.id=r1_0.court_id left join app_user db1_0 on db1_0.id=r1_0.decided_by_id join app_user u1_0 on u1_0.id=r1_0.user_id where r1_0.id=?
Hibernate: select c1_0.id,c1_0.active,c1_0.closing_time,c1_0.location,c1_0.name,c1_0.opening_time,c1_0.requires_approval,c1_0.type from court c1_0 where c1_0.id=? for update
Hibernate: select r1_0.id,r1_0.approval_deadline,r1_0.cancelled_at,r1_0.court_id,r1_0.created_at,r1_0.decided_at,r1_0.decided_by_id,r1_0.decision_reason,r1_0.end_time,r1_0.start_time,r1_0.state,r1_0.user_id from reservation r1_0 where r1_0.court_id=? and r1_0.state in (?) and r1_0.start_time<? and ?<r1_0.end_time
2026-09-28T14:05:04.263+02:00  INFO 9452 --- [           main] o.e.r.s.LoggingNotificationService       : NOTIFY owner erik+610980785069600@example.com: reservation 57 for court 'Centre Court (approval)' is CONFIRMED
Hibernate: update reservation set approval_deadline=?,cancelled_at=?,court_id=?,decided_at=?,decided_by_id=?,decision_reason=?,end_time=?,start_time=?,state=?,user_id=? where id=?
Hibernate: select r1_0.id,r1_0.approval_deadline,r1_0.cancelled_at,r1_0.court_id,r1_0.created_at,r1_0.decided_at,r1_0.decided_by_id,r1_0.decision_reason,r1_0.end_time,r1_0.start_time,r1_0.state,r1_0.user_id from reservation r1_0
Hibernate: select c1_0.id,c1_0.active,c1_0.closing_time,c1_0.location,c1_0.name,c1_0.opening_time,c1_0.requires_approval,c1_0.type from court c1_0 where c1_0.id=?
Hibernate: select au1_0.id,au1_0.email,au1_0.full_name,au1_0.role from app_user au1_0 where au1_0.id=?
Hibernate: select au1_0.id,au1_0.email,au1_0.full_name,au1_0.role from app_user au1_0 where au1_0.id=?
Hibernate: delete from reservation where id=?
Hibernate: insert into court (active,closing_time,location,name,opening_time,requires_approval,type,id) values (?,?,?,?,?,?,?,default)
Hibernate: insert into court (active,closing_time,location,name,opening_time,requires_approval,type,id) values (?,?,?,?,?,?,?,default)
Hibernate: insert into app_user (email,full_name,role,id) values (?,?,?,default)
Hibernate: insert into app_user (email,full_name,role,id) values (?,?,?,default)
Hibernate: insert into app_user (email,full_name,role,id) values (?,?,?,default)
Hibernate: insert into app_user (email,full_name,role,id) values (?,?,?,default)
Hibernate: select au1_0.id,au1_0.email,au1_0.full_name,au1_0.role from app_user au1_0 where au1_0.id=?
Hibernate: select c1_0.id,c1_0.active,c1_0.closing_time,c1_0.location,c1_0.name,c1_0.opening_time,c1_0.requires_approval,c1_0.type from court c1_0 where c1_0.id=?
Hibernate: insert into reservation (approval_deadline,cancelled_at,court_id,created_at,decided_at,decided_by_id,decision_reason,end_time,start_time,state,user_id,id) values (?,?,?,?,?,?,?,?,?,?,?,default)
Hibernate: select au1_0.id,au1_0.email,au1_0.full_name,au1_0.role from app_user au1_0 where au1_0.id=?
Hibernate: select r1_0.id,r1_0.approval_deadline,r1_0.cancelled_at,r1_0.court_id,c1_0.id,c1_0.active,c1_0.closing_time,c1_0.location,c1_0.name,c1_0.opening_time,c1_0.requires_approval,c1_0.type,r1_0.created_at,r1_0.decided_at,db1_0.id,db1_0.email,db1_0.full_name,db1_0.role,r1_0.decision_reason,r1_0.end_time,r1_0.start_time,r1_0.state,r1_0.user_id,u1_0.id,u1_0.email,u1_0.full_name,u1_0.role from reservation r1_0 join court c1_0 on c1_0.id=r1_0.court_id left join app_user db1_0 on db1_0.id=r1_0.decided_by_id join app_user u1_0 on u1_0.id=r1_0.user_id where r1_0.id=?
Hibernate: select c1_0.id,c1_0.active,c1_0.closing_time,c1_0.location,c1_0.name,c1_0.opening_time,c1_0.requires_approval,c1_0.type from court c1_0 where c1_0.id=? for update
Hibernate: select r1_0.id,r1_0.approval_deadline,r1_0.cancelled_at,r1_0.court_id,r1_0.created_at,r1_0.decided_at,r1_0.decided_by_id,r1_0.decision_reason,r1_0.end_time,r1_0.start_time,r1_0.state,r1_0.user_id from reservation r1_0 where r1_0.court_id=? and r1_0.state in (?) and r1_0.start_time<? and ?<r1_0.end_time
2026-09-28T14:05:04.283+02:00  INFO 9452 --- [           main] o.e.r.s.LoggingNotificationService       : NOTIFY approvers: reservation 58 for court 'Centre Court (approval)' awaits approval until 2026-09-20T10:00
Hibernate: update reservation set approval_deadline=?,cancelled_at=?,court_id=?,decided_at=?,decided_by_id=?,decision_reason=?,end_time=?,start_time=?,state=?,user_id=? where id=?
Hibernate: select au1_0.id,au1_0.email,au1_0.full_name,au1_0.role from app_user au1_0 where au1_0.id=?
Hibernate: select r1_0.id,r1_0.approval_deadline,r1_0.cancelled_at,r1_0.court_id,c1_0.id,c1_0.active,c1_0.closing_time,c1_0.location,c1_0.name,c1_0.opening_time,c1_0.requires_approval,c1_0.type,r1_0.created_at,r1_0.decided_at,db1_0.id,db1_0.email,db1_0.full_name,db1_0.role,r1_0.decision_reason,r1_0.end_time,r1_0.start_time,r1_0.state,r1_0.user_id,u1_0.id,u1_0.email,u1_0.full_name,u1_0.role from reservation r1_0 join court c1_0 on c1_0.id=r1_0.court_id left join app_user db1_0 on db1_0.id=r1_0.decided_by_id join app_user u1_0 on u1_0.id=r1_0.user_id where r1_0.id=?
Hibernate: select c1_0.id,c1_0.active,c1_0.closing_time,c1_0.location,c1_0.name,c1_0.opening_time,c1_0.requires_approval,c1_0.type from court c1_0 where c1_0.id=? for update
Hibernate: select r1_0.id,r1_0.approval_deadline,r1_0.cancelled_at,r1_0.court_id,c1_0.id,c1_0.active,c1_0.closing_time,c1_0.location,c1_0.name,c1_0.opening_time,c1_0.requires_approval,c1_0.type,r1_0.created_at,r1_0.decided_at,db1_0.id,db1_0.email,db1_0.full_name,db1_0.role,r1_0.decision_reason,r1_0.end_time,r1_0.start_time,r1_0.state,r1_0.user_id,u1_0.id,u1_0.email,u1_0.full_name,u1_0.role from reservation r1_0 join court c1_0 on c1_0.id=r1_0.court_id left join app_user db1_0 on db1_0.id=r1_0.decided_by_id join app_user u1_0 on u1_0.id=r1_0.user_id where r1_0.id=?
2026-09-28T14:05:04.306+02:00  INFO 9452 --- [           main] o.e.r.s.LoggingNotificationService       : NOTIFY owner alice+610980815877300@example.com: reservation 58 is now EXPIRED
Hibernate: update reservation set approval_deadline=?,cancelled_at=?,court_id=?,decided_at=?,decided_by_id=?,decision_reason=?,end_time=?,start_time=?,state=?,user_id=? where id=?
Hibernate: select r1_0.id,r1_0.approval_deadline,r1_0.cancelled_at,r1_0.court_id,c1_0.id,c1_0.active,c1_0.closing_time,c1_0.location,c1_0.name,c1_0.opening_time,c1_0.requires_approval,c1_0.type,r1_0.created_at,r1_0.decided_at,db1_0.id,db1_0.email,db1_0.full_name,db1_0.role,r1_0.decision_reason,r1_0.end_time,r1_0.start_time,r1_0.state,r1_0.user_id,u1_0.id,u1_0.email,u1_0.full_name,u1_0.role from reservation r1_0 join court c1_0 on c1_0.id=r1_0.court_id left join app_user db1_0 on db1_0.id=r1_0.decided_by_id join app_user u1_0 on u1_0.id=r1_0.user_id where r1_0.id=?
Hibernate: select r1_0.id,r1_0.approval_deadline,r1_0.cancelled_at,r1_0.court_id,r1_0.created_at,r1_0.decided_at,r1_0.decided_by_id,r1_0.decision_reason,r1_0.end_time,r1_0.start_time,r1_0.state,r1_0.user_id from reservation r1_0
Hibernate: select c1_0.id,c1_0.active,c1_0.closing_time,c1_0.location,c1_0.name,c1_0.opening_time,c1_0.requires_approval,c1_0.type from court c1_0 where c1_0.id=?
Hibernate: select au1_0.id,au1_0.email,au1_0.full_name,au1_0.role from app_user au1_0 where au1_0.id=?
Hibernate: delete from reservation where id=?
Hibernate: insert into court (active,closing_time,location,name,opening_time,requires_approval,type,id) values (?,?,?,?,?,?,?,default)
Hibernate: insert into court (active,closing_time,location,name,opening_time,requires_approval,type,id) values (?,?,?,?,?,?,?,default)
Hibernate: insert into app_user (email,full_name,role,id) values (?,?,?,default)
Hibernate: insert into app_user (email,full_name,role,id) values (?,?,?,default)
Hibernate: insert into app_user (email,full_name,role,id) values (?,?,?,default)
Hibernate: insert into app_user (email,full_name,role,id) values (?,?,?,default)
Hibernate: select au1_0.id,au1_0.email,au1_0.full_name,au1_0.role from app_user au1_0 where au1_0.id=?
Hibernate: select c1_0.id,c1_0.active,c1_0.closing_time,c1_0.location,c1_0.name,c1_0.opening_time,c1_0.requires_approval,c1_0.type from court c1_0 where c1_0.id=?
Hibernate: insert into reservation (approval_deadline,cancelled_at,court_id,created_at,decided_at,decided_by_id,decision_reason,end_time,start_time,state,user_id,id) values (?,?,?,?,?,?,?,?,?,?,?,default)
Hibernate: select au1_0.id,au1_0.email,au1_0.full_name,au1_0.role from app_user au1_0 where au1_0.id=?
Hibernate: select r1_0.id,r1_0.approval_deadline,r1_0.cancelled_at,r1_0.court_id,c1_0.id,c1_0.active,c1_0.closing_time,c1_0.location,c1_0.name,c1_0.opening_time,c1_0.requires_approval,c1_0.type,r1_0.created_at,r1_0.decided_at,db1_0.id,db1_0.email,db1_0.full_name,db1_0.role,r1_0.decision_reason,r1_0.end_time,r1_0.start_time,r1_0.state,r1_0.user_id,u1_0.id,u1_0.email,u1_0.full_name,u1_0.role from reservation r1_0 join court c1_0 on c1_0.id=r1_0.court_id left join app_user db1_0 on db1_0.id=r1_0.decided_by_id join app_user u1_0 on u1_0.id=r1_0.user_id where r1_0.id=?
Hibernate: select c1_0.id,c1_0.active,c1_0.closing_time,c1_0.location,c1_0.name,c1_0.opening_time,c1_0.requires_approval,c1_0.type from court c1_0 where c1_0.id=? for update
Hibernate: select r1_0.id,r1_0.approval_deadline,r1_0.cancelled_at,r1_0.court_id,r1_0.created_at,r1_0.decided_at,r1_0.decided_by_id,r1_0.decision_reason,r1_0.end_time,r1_0.start_time,r1_0.state,r1_0.user_id from reservation r1_0 where r1_0.court_id=? and r1_0.state in (?) and r1_0.start_time<? and ?<r1_0.end_time
2026-09-28T14:05:04.331+02:00  INFO 9452 --- [           main] o.e.r.s.LoggingNotificationService       : NOTIFY approvers: reservation 59 for court 'Centre Court (approval)' awaits approval until 2026-09-20T10:00
Hibernate: update reservation set approval_deadline=?,cancelled_at=?,court_id=?,decided_at=?,decided_by_id=?,decision_reason=?,end_time=?,start_time=?,state=?,user_id=? where id=?
Hibernate: select au1_0.id,au1_0.email,au1_0.full_name,au1_0.role from app_user au1_0 where au1_0.id=?
Hibernate: select c1_0.id,c1_0.active,c1_0.closing_time,c1_0.location,c1_0.name,c1_0.opening_time,c1_0.requires_approval,c1_0.type from court c1_0 where c1_0.id=?
Hibernate: insert into reservation (approval_deadline,cancelled_at,court_id,created_at,decided_at,decided_by_id,decision_reason,end_time,start_time,state,user_id,id) values (?,?,?,?,?,?,?,?,?,?,?,default)
Hibernate: select au1_0.id,au1_0.email,au1_0.full_name,au1_0.role from app_user au1_0 where au1_0.id=?
Hibernate: select r1_0.id,r1_0.approval_deadline,r1_0.cancelled_at,r1_0.court_id,c1_0.id,c1_0.active,c1_0.closing_time,c1_0.location,c1_0.name,c1_0.opening_time,c1_0.requires_approval,c1_0.type,r1_0.created_at,r1_0.decided_at,db1_0.id,db1_0.email,db1_0.full_name,db1_0.role,r1_0.decision_reason,r1_0.end_time,r1_0.start_time,r1_0.state,r1_0.user_id,u1_0.id,u1_0.email,u1_0.full_name,u1_0.role from reservation r1_0 join court c1_0 on c1_0.id=r1_0.court_id left join app_user db1_0 on db1_0.id=r1_0.decided_by_id join app_user u1_0 on u1_0.id=r1_0.user_id where r1_0.id=?
Hibernate: select c1_0.id,c1_0.active,c1_0.closing_time,c1_0.location,c1_0.name,c1_0.opening_time,c1_0.requires_approval,c1_0.type from court c1_0 where c1_0.id=? for update
Hibernate: select r1_0.id,r1_0.approval_deadline,r1_0.cancelled_at,r1_0.court_id,r1_0.created_at,r1_0.decided_at,r1_0.decided_by_id,r1_0.decision_reason,r1_0.end_time,r1_0.start_time,r1_0.state,r1_0.user_id from reservation r1_0 where r1_0.court_id=? and r1_0.state in (?) and r1_0.start_time<? and ?<r1_0.end_time
2026-09-28T14:05:04.338+02:00  INFO 9452 --- [           main] o.e.r.s.LoggingNotificationService       : NOTIFY approvers: reservation 60 for court 'Centre Court (approval)' awaits approval until 2026-09-20T10:30
Hibernate: update reservation set approval_deadline=?,cancelled_at=?,court_id=?,decided_at=?,decided_by_id=?,decision_reason=?,end_time=?,start_time=?,state=?,user_id=? where id=?
Hibernate: select au1_0.id,au1_0.email,au1_0.full_name,au1_0.role from app_user au1_0 where au1_0.id=?
Hibernate: select r1_0.id,r1_0.approval_deadline,r1_0.cancelled_at,r1_0.court_id,c1_0.id,c1_0.active,c1_0.closing_time,c1_0.location,c1_0.name,c1_0.opening_time,c1_0.requires_approval,c1_0.type,r1_0.created_at,r1_0.decided_at,db1_0.id,db1_0.email,db1_0.full_name,db1_0.role,r1_0.decision_reason,r1_0.end_time,r1_0.start_time,r1_0.state,r1_0.user_id,u1_0.id,u1_0.email,u1_0.full_name,u1_0.role from reservation r1_0 join court c1_0 on c1_0.id=r1_0.court_id left join app_user db1_0 on db1_0.id=r1_0.decided_by_id join app_user u1_0 on u1_0.id=r1_0.user_id where r1_0.id=?
Hibernate: select c1_0.id,c1_0.active,c1_0.closing_time,c1_0.location,c1_0.name,c1_0.opening_time,c1_0.requires_approval,c1_0.type from court c1_0 where c1_0.id=? for update
Hibernate: select r1_0.id,r1_0.approval_deadline,r1_0.cancelled_at,r1_0.court_id,r1_0.created_at,r1_0.decided_at,r1_0.decided_by_id,r1_0.decision_reason,r1_0.end_time,r1_0.start_time,r1_0.state,r1_0.user_id from reservation r1_0 where r1_0.court_id=? and r1_0.state in (?) and r1_0.start_time<? and ?<r1_0.end_time
2026-09-28T14:05:04.344+02:00  INFO 9452 --- [           main] o.e.r.s.LoggingNotificationService       : NOTIFY owner bob+610980866139700@example.com: reservation 60 for court 'Centre Court (approval)' is CONFIRMED
Hibernate: update reservation set approval_deadline=?,cancelled_at=?,court_id=?,decided_at=?,decided_by_id=?,decision_reason=?,end_time=?,start_time=?,state=?,user_id=? where id=?
Hibernate: select au1_0.id,au1_0.email,au1_0.full_name,au1_0.role from app_user au1_0 where au1_0.id=?
Hibernate: select r1_0.id,r1_0.approval_deadline,r1_0.cancelled_at,r1_0.court_id,c1_0.id,c1_0.active,c1_0.closing_time,c1_0.location,c1_0.name,c1_0.opening_time,c1_0.requires_approval,c1_0.type,r1_0.created_at,r1_0.decided_at,db1_0.id,db1_0.email,db1_0.full_name,db1_0.role,r1_0.decision_reason,r1_0.end_time,r1_0.start_time,r1_0.state,r1_0.user_id,u1_0.id,u1_0.email,u1_0.full_name,u1_0.role from reservation r1_0 join court c1_0 on c1_0.id=r1_0.court_id left join app_user db1_0 on db1_0.id=r1_0.decided_by_id join app_user u1_0 on u1_0.id=r1_0.user_id where r1_0.id=?
Hibernate: select c1_0.id,c1_0.active,c1_0.closing_time,c1_0.location,c1_0.name,c1_0.opening_time,c1_0.requires_approval,c1_0.type from court c1_0 where c1_0.id=? for update
Hibernate: select r1_0.id,r1_0.approval_deadline,r1_0.cancelled_at,r1_0.court_id,r1_0.created_at,r1_0.decided_at,r1_0.decided_by_id,r1_0.decision_reason,r1_0.end_time,r1_0.start_time,r1_0.state,r1_0.user_id from reservation r1_0 where r1_0.court_id=? and r1_0.state in (?) and r1_0.start_time<? and ?<r1_0.end_time
Hibernate: select au1_0.id,au1_0.email,au1_0.full_name,au1_0.role from app_user au1_0 where au1_0.id=?
Hibernate: select r1_0.id,r1_0.approval_deadline,r1_0.cancelled_at,r1_0.court_id,c1_0.id,c1_0.active,c1_0.closing_time,c1_0.location,c1_0.name,c1_0.opening_time,c1_0.requires_approval,c1_0.type,r1_0.created_at,r1_0.decided_at,db1_0.id,db1_0.email,db1_0.full_name,db1_0.role,r1_0.decision_reason,r1_0.end_time,r1_0.start_time,r1_0.state,r1_0.user_id,u1_0.id,u1_0.email,u1_0.full_name,u1_0.role from reservation r1_0 join court c1_0 on c1_0.id=r1_0.court_id left join app_user db1_0 on db1_0.id=r1_0.decided_by_id join app_user u1_0 on u1_0.id=r1_0.user_id where r1_0.id=?
Hibernate: select r1_0.id,r1_0.approval_deadline,r1_0.cancelled_at,r1_0.court_id,r1_0.created_at,r1_0.decided_at,r1_0.decided_by_id,r1_0.decision_reason,r1_0.end_time,r1_0.start_time,r1_0.state,r1_0.user_id from reservation r1_0
Hibernate: select c1_0.id,c1_0.active,c1_0.closing_time,c1_0.location,c1_0.name,c1_0.opening_time,c1_0.requires_approval,c1_0.type from court c1_0 where c1_0.id=?
Hibernate: select au1_0.id,au1_0.email,au1_0.full_name,au1_0.role from app_user au1_0 where au1_0.id=?
Hibernate: select au1_0.id,au1_0.email,au1_0.full_name,au1_0.role from app_user au1_0 where au1_0.id=?
Hibernate: select au1_0.id,au1_0.email,au1_0.full_name,au1_0.role from app_user au1_0 where au1_0.id=?
Hibernate: delete from reservation where id=?
Hibernate: delete from reservation where id=?
Hibernate: insert into court (active,closing_time,location,name,opening_time,requires_approval,type,id) values (?,?,?,?,?,?,?,default)
Hibernate: insert into court (active,closing_time,location,name,opening_time,requires_approval,type,id) values (?,?,?,?,?,?,?,default)
Hibernate: insert into app_user (email,full_name,role,id) values (?,?,?,default)
Hibernate: insert into app_user (email,full_name,role,id) values (?,?,?,default)
Hibernate: insert into app_user (email,full_name,role,id) values (?,?,?,default)
Hibernate: insert into app_user (email,full_name,role,id) values (?,?,?,default)
Hibernate: select au1_0.id,au1_0.email,au1_0.full_name,au1_0.role from app_user au1_0 where au1_0.id=?
Hibernate: select c1_0.id,c1_0.active,c1_0.closing_time,c1_0.location,c1_0.name,c1_0.opening_time,c1_0.requires_approval,c1_0.type from court c1_0 where c1_0.id=?
Hibernate: insert into reservation (approval_deadline,cancelled_at,court_id,created_at,decided_at,decided_by_id,decision_reason,end_time,start_time,state,user_id,id) values (?,?,?,?,?,?,?,?,?,?,?,default)
Hibernate: select au1_0.id,au1_0.email,au1_0.full_name,au1_0.role from app_user au1_0 where au1_0.id=?
Hibernate: select r1_0.id,r1_0.approval_deadline,r1_0.cancelled_at,r1_0.court_id,c1_0.id,c1_0.active,c1_0.closing_time,c1_0.location,c1_0.name,c1_0.opening_time,c1_0.requires_approval,c1_0.type,r1_0.created_at,r1_0.decided_at,db1_0.id,db1_0.email,db1_0.full_name,db1_0.role,r1_0.decision_reason,r1_0.end_time,r1_0.start_time,r1_0.state,r1_0.user_id,u1_0.id,u1_0.email,u1_0.full_name,u1_0.role from reservation r1_0 join court c1_0 on c1_0.id=r1_0.court_id left join app_user db1_0 on db1_0.id=r1_0.decided_by_id join app_user u1_0 on u1_0.id=r1_0.user_id where r1_0.id=?
Hibernate: select c1_0.id,c1_0.active,c1_0.closing_time,c1_0.location,c1_0.name,c1_0.opening_time,c1_0.requires_approval,c1_0.type from court c1_0 where c1_0.id=? for update
Hibernate: select r1_0.id,r1_0.approval_deadline,r1_0.cancelled_at,r1_0.court_id,r1_0.created_at,r1_0.decided_at,r1_0.decided_by_id,r1_0.decision_reason,r1_0.end_time,r1_0.start_time,r1_0.state,r1_0.user_id from reservation r1_0 where r1_0.court_id=? and r1_0.state in (?) and r1_0.start_time<? and ?<r1_0.end_time
2026-09-28T14:05:04.374+02:00  INFO 9452 --- [           main] o.e.r.s.LoggingNotificationService       : NOTIFY approvers: reservation 61 for court 'Centre Court (approval)' awaits approval until 2026-09-20T10:00
Hibernate: update reservation set approval_deadline=?,cancelled_at=?,court_id=?,decided_at=?,decided_by_id=?,decision_reason=?,end_time=?,start_time=?,state=?,user_id=? where id=?
Hibernate: select c1_0.id,c1_0.active,c1_0.closing_time,c1_0.location,c1_0.name,c1_0.opening_time,c1_0.requires_approval,c1_0.type from court c1_0 where c1_0.id=?
Hibernate: select c1_0.id,c1_0.active,c1_0.closing_time,c1_0.location,c1_0.name,c1_0.opening_time,c1_0.requires_approval,c1_0.type from court c1_0 where c1_0.id=?
Hibernate: update court set active=?,closing_time=?,location=?,name=?,opening_time=?,requires_approval=?,type=? where id=?
Hibernate: select au1_0.id,au1_0.email,au1_0.full_name,au1_0.role from app_user au1_0 where au1_0.id=?
Hibernate: select r1_0.id,r1_0.approval_deadline,r1_0.cancelled_at,r1_0.court_id,c1_0.id,c1_0.active,c1_0.closing_time,c1_0.location,c1_0.name,c1_0.opening_time,c1_0.requires_approval,c1_0.type,r1_0.created_at,r1_0.decided_at,db1_0.id,db1_0.email,db1_0.full_name,db1_0.role,r1_0.decision_reason,r1_0.end_time,r1_0.start_time,r1_0.state,r1_0.user_id,u1_0.id,u1_0.email,u1_0.full_name,u1_0.role from reservation r1_0 join court c1_0 on c1_0.id=r1_0.court_id left join app_user db1_0 on db1_0.id=r1_0.decided_by_id join app_user u1_0 on u1_0.id=r1_0.user_id where r1_0.id=?
Hibernate: select c1_0.id,c1_0.active,c1_0.closing_time,c1_0.location,c1_0.name,c1_0.opening_time,c1_0.requires_approval,c1_0.type from court c1_0 where c1_0.id=? for update
Hibernate: select r1_0.id,r1_0.approval_deadline,r1_0.cancelled_at,r1_0.court_id,c1_0.id,c1_0.active,c1_0.closing_time,c1_0.location,c1_0.name,c1_0.opening_time,c1_0.requires_approval,c1_0.type,r1_0.created_at,r1_0.decided_at,db1_0.id,db1_0.email,db1_0.full_name,db1_0.role,r1_0.decision_reason,r1_0.end_time,r1_0.start_time,r1_0.state,r1_0.user_id,u1_0.id,u1_0.email,u1_0.full_name,u1_0.role from reservation r1_0 join court c1_0 on c1_0.id=r1_0.court_id left join app_user db1_0 on db1_0.id=r1_0.decided_by_id join app_user u1_0 on u1_0.id=r1_0.user_id where r1_0.id=?
Hibernate: select r1_0.id,r1_0.approval_deadline,r1_0.cancelled_at,r1_0.court_id,r1_0.created_at,r1_0.decided_at,r1_0.decided_by_id,r1_0.decision_reason,r1_0.end_time,r1_0.start_time,r1_0.state,r1_0.user_id from reservation r1_0
Hibernate: select c1_0.id,c1_0.active,c1_0.closing_time,c1_0.location,c1_0.name,c1_0.opening_time,c1_0.requires_approval,c1_0.type from court c1_0 where c1_0.id=?
Hibernate: select au1_0.id,au1_0.email,au1_0.full_name,au1_0.role from app_user au1_0 where au1_0.id=?
Hibernate: delete from reservation where id=?
Hibernate: insert into court (active,closing_time,location,name,opening_time,requires_approval,type,id) values (?,?,?,?,?,?,?,default)
Hibernate: insert into court (active,closing_time,location,name,opening_time,requires_approval,type,id) values (?,?,?,?,?,?,?,default)
Hibernate: insert into app_user (email,full_name,role,id) values (?,?,?,default)
Hibernate: insert into app_user (email,full_name,role,id) values (?,?,?,default)
Hibernate: insert into app_user (email,full_name,role,id) values (?,?,?,default)
Hibernate: insert into app_user (email,full_name,role,id) values (?,?,?,default)
Hibernate: select au1_0.id,au1_0.email,au1_0.full_name,au1_0.role from app_user au1_0 where au1_0.id=?
Hibernate: select c1_0.id,c1_0.active,c1_0.closing_time,c1_0.location,c1_0.name,c1_0.opening_time,c1_0.requires_approval,c1_0.type from court c1_0 where c1_0.id=?
Hibernate: insert into reservation (approval_deadline,cancelled_at,court_id,created_at,decided_at,decided_by_id,decision_reason,end_time,start_time,state,user_id,id) values (?,?,?,?,?,?,?,?,?,?,?,default)
Hibernate: select au1_0.id,au1_0.email,au1_0.full_name,au1_0.role from app_user au1_0 where au1_0.id=?
Hibernate: select r1_0.id,r1_0.approval_deadline,r1_0.cancelled_at,r1_0.court_id,c1_0.id,c1_0.active,c1_0.closing_time,c1_0.location,c1_0.name,c1_0.opening_time,c1_0.requires_approval,c1_0.type,r1_0.created_at,r1_0.decided_at,db1_0.id,db1_0.email,db1_0.full_name,db1_0.role,r1_0.decision_reason,r1_0.end_time,r1_0.start_time,r1_0.state,r1_0.user_id,u1_0.id,u1_0.email,u1_0.full_name,u1_0.role from reservation r1_0 join court c1_0 on c1_0.id=r1_0.court_id left join app_user db1_0 on db1_0.id=r1_0.decided_by_id join app_user u1_0 on u1_0.id=r1_0.user_id where r1_0.id=?
Hibernate: select c1_0.id,c1_0.active,c1_0.closing_time,c1_0.location,c1_0.name,c1_0.opening_time,c1_0.requires_approval,c1_0.type from court c1_0 where c1_0.id=? for update
Hibernate: select r1_0.id,r1_0.approval_deadline,r1_0.cancelled_at,r1_0.court_id,c1_0.id,c1_0.active,c1_0.closing_time,c1_0.location,c1_0.name,c1_0.opening_time,c1_0.requires_approval,c1_0.type,r1_0.created_at,r1_0.decided_at,db1_0.id,db1_0.email,db1_0.full_name,db1_0.role,r1_0.decision_reason,r1_0.end_time,r1_0.start_time,r1_0.state,r1_0.user_id,u1_0.id,u1_0.email,u1_0.full_name,u1_0.role from reservation r1_0 join court c1_0 on c1_0.id=r1_0.court_id left join app_user db1_0 on db1_0.id=r1_0.decided_by_id join app_user u1_0 on u1_0.id=r1_0.user_id where r1_0.id=?
Hibernate: select r1_0.id,r1_0.approval_deadline,r1_0.cancelled_at,r1_0.court_id,r1_0.created_at,r1_0.decided_at,r1_0.decided_by_id,r1_0.decision_reason,r1_0.end_time,r1_0.start_time,r1_0.state,r1_0.user_id from reservation r1_0
Hibernate: select c1_0.id,c1_0.active,c1_0.closing_time,c1_0.location,c1_0.name,c1_0.opening_time,c1_0.requires_approval,c1_0.type from court c1_0 where c1_0.id=?
Hibernate: select au1_0.id,au1_0.email,au1_0.full_name,au1_0.role from app_user au1_0 where au1_0.id=?
Hibernate: delete from reservation where id=?
Hibernate: insert into court (active,closing_time,location,name,opening_time,requires_approval,type,id) values (?,?,?,?,?,?,?,default)
Hibernate: insert into court (active,closing_time,location,name,opening_time,requires_approval,type,id) values (?,?,?,?,?,?,?,default)
Hibernate: insert into app_user (email,full_name,role,id) values (?,?,?,default)
Hibernate: insert into app_user (email,full_name,role,id) values (?,?,?,default)
Hibernate: insert into app_user (email,full_name,role,id) values (?,?,?,default)
Hibernate: insert into app_user (email,full_name,role,id) values (?,?,?,default)
Hibernate: select au1_0.id,au1_0.email,au1_0.full_name,au1_0.role from app_user au1_0 where au1_0.id=?
Hibernate: select c1_0.id,c1_0.active,c1_0.closing_time,c1_0.location,c1_0.name,c1_0.opening_time,c1_0.requires_approval,c1_0.type from court c1_0 where c1_0.id=?
Hibernate: insert into reservation (approval_deadline,cancelled_at,court_id,created_at,decided_at,decided_by_id,decision_reason,end_time,start_time,state,user_id,id) values (?,?,?,?,?,?,?,?,?,?,?,default)
Hibernate: select au1_0.id,au1_0.email,au1_0.full_name,au1_0.role from app_user au1_0 where au1_0.id=?
Hibernate: select r1_0.id,r1_0.approval_deadline,r1_0.cancelled_at,r1_0.court_id,c1_0.id,c1_0.active,c1_0.closing_time,c1_0.location,c1_0.name,c1_0.opening_time,c1_0.requires_approval,c1_0.type,r1_0.created_at,r1_0.decided_at,db1_0.id,db1_0.email,db1_0.full_name,db1_0.role,r1_0.decision_reason,r1_0.end_time,r1_0.start_time,r1_0.state,r1_0.user_id,u1_0.id,u1_0.email,u1_0.full_name,u1_0.role from reservation r1_0 join court c1_0 on c1_0.id=r1_0.court_id left join app_user db1_0 on db1_0.id=r1_0.decided_by_id join app_user u1_0 on u1_0.id=r1_0.user_id where r1_0.id=?
Hibernate: select c1_0.id,c1_0.active,c1_0.closing_time,c1_0.location,c1_0.name,c1_0.opening_time,c1_0.requires_approval,c1_0.type from court c1_0 where c1_0.id=? for update
Hibernate: select r1_0.id,r1_0.approval_deadline,r1_0.cancelled_at,r1_0.court_id,r1_0.created_at,r1_0.decided_at,r1_0.decided_by_id,r1_0.decision_reason,r1_0.end_time,r1_0.start_time,r1_0.state,r1_0.user_id from reservation r1_0 where r1_0.court_id=? and r1_0.state in (?) and r1_0.start_time<? and ?<r1_0.end_time
2026-09-28T14:05:04.493+02:00  INFO 9452 --- [           main] o.e.r.s.LoggingNotificationService       : NOTIFY approvers: reservation 63 for court 'Centre Court (approval)' awaits approval until 2026-09-20T10:00
Hibernate: update reservation set approval_deadline=?,cancelled_at=?,court_id=?,decided_at=?,decided_by_id=?,decision_reason=?,end_time=?,start_time=?,state=?,user_id=? where id=?
Hibernate: select au1_0.id,au1_0.email,au1_0.full_name,au1_0.role from app_user au1_0 where au1_0.id=?
Hibernate: select r1_0.id,r1_0.approval_deadline,r1_0.cancelled_at,r1_0.court_id,c1_0.id,c1_0.active,c1_0.closing_time,c1_0.location,c1_0.name,c1_0.opening_time,c1_0.requires_approval,c1_0.type,r1_0.created_at,r1_0.decided_at,db1_0.id,db1_0.email,db1_0.full_name,db1_0.role,r1_0.decision_reason,r1_0.end_time,r1_0.start_time,r1_0.state,r1_0.user_id,u1_0.id,u1_0.email,u1_0.full_name,u1_0.role from reservation r1_0 join court c1_0 on c1_0.id=r1_0.court_id left join app_user db1_0 on db1_0.id=r1_0.decided_by_id join app_user u1_0 on u1_0.id=r1_0.user_id where r1_0.id=?
Hibernate: select c1_0.id,c1_0.active,c1_0.closing_time,c1_0.location,c1_0.name,c1_0.opening_time,c1_0.requires_approval,c1_0.type from court c1_0 where c1_0.id=? for update
Hibernate: select r1_0.id,r1_0.approval_deadline,r1_0.cancelled_at,r1_0.court_id,r1_0.created_at,r1_0.decided_at,r1_0.decided_by_id,r1_0.decision_reason,r1_0.end_time,r1_0.start_time,r1_0.state,r1_0.user_id from reservation r1_0 where r1_0.court_id=? and r1_0.state in (?) and r1_0.start_time<? and ?<r1_0.end_time
2026-09-28T14:05:04.506+02:00  INFO 9452 --- [           main] o.e.r.s.LoggingNotificationService       : NOTIFY owner alice+610980995314000@example.com: reservation 63 for court 'Centre Court (approval)' is CONFIRMED
Hibernate: update reservation set approval_deadline=?,cancelled_at=?,court_id=?,decided_at=?,decided_by_id=?,decision_reason=?,end_time=?,start_time=?,state=?,user_id=? where id=?
Hibernate: select au1_0.id,au1_0.email,au1_0.full_name,au1_0.role from app_user au1_0 where au1_0.id=?
Hibernate: select r1_0.id,r1_0.approval_deadline,r1_0.cancelled_at,r1_0.court_id,c1_0.id,c1_0.active,c1_0.closing_time,c1_0.location,c1_0.name,c1_0.opening_time,c1_0.requires_approval,c1_0.type,r1_0.created_at,r1_0.decided_at,db1_0.id,db1_0.email,db1_0.full_name,db1_0.role,r1_0.decision_reason,r1_0.end_time,r1_0.start_time,r1_0.state,r1_0.user_id,u1_0.id,u1_0.email,u1_0.full_name,u1_0.role from reservation r1_0 join court c1_0 on c1_0.id=r1_0.court_id left join app_user db1_0 on db1_0.id=r1_0.decided_by_id join app_user u1_0 on u1_0.id=r1_0.user_id where r1_0.id=?
Hibernate: select c1_0.id,c1_0.active,c1_0.closing_time,c1_0.location,c1_0.name,c1_0.opening_time,c1_0.requires_approval,c1_0.type from court c1_0 where c1_0.id=? for update
Hibernate: select r1_0.id,r1_0.approval_deadline,r1_0.cancelled_at,r1_0.court_id,r1_0.created_at,r1_0.decided_at,r1_0.decided_by_id,r1_0.decision_reason,r1_0.end_time,r1_0.start_time,r1_0.state,r1_0.user_id from reservation r1_0
Hibernate: select c1_0.id,c1_0.active,c1_0.closing_time,c1_0.location,c1_0.name,c1_0.opening_time,c1_0.requires_approval,c1_0.type from court c1_0 where c1_0.id=?
Hibernate: select au1_0.id,au1_0.email,au1_0.full_name,au1_0.role from app_user au1_0 where au1_0.id=?
Hibernate: select au1_0.id,au1_0.email,au1_0.full_name,au1_0.role from app_user au1_0 where au1_0.id=?
Hibernate: delete from reservation where id=?
Hibernate: insert into court (active,closing_time,location,name,opening_time,requires_approval,type,id) values (?,?,?,?,?,?,?,default)
Hibernate: insert into court (active,closing_time,location,name,opening_time,requires_approval,type,id) values (?,?,?,?,?,?,?,default)
Hibernate: insert into app_user (email,full_name,role,id) values (?,?,?,default)
Hibernate: insert into app_user (email,full_name,role,id) values (?,?,?,default)
Hibernate: insert into app_user (email,full_name,role,id) values (?,?,?,default)
Hibernate: insert into app_user (email,full_name,role,id) values (?,?,?,default)
Hibernate: select au1_0.id,au1_0.email,au1_0.full_name,au1_0.role from app_user au1_0 where au1_0.id=?
Hibernate: select c1_0.id,c1_0.active,c1_0.closing_time,c1_0.location,c1_0.name,c1_0.opening_time,c1_0.requires_approval,c1_0.type from court c1_0 where c1_0.id=?
Hibernate: insert into reservation (approval_deadline,cancelled_at,court_id,created_at,decided_at,decided_by_id,decision_reason,end_time,start_time,state,user_id,id) values (?,?,?,?,?,?,?,?,?,?,?,default)
Hibernate: select au1_0.id,au1_0.email,au1_0.full_name,au1_0.role from app_user au1_0 where au1_0.id=?
Hibernate: select r1_0.id,r1_0.approval_deadline,r1_0.cancelled_at,r1_0.court_id,c1_0.id,c1_0.active,c1_0.closing_time,c1_0.location,c1_0.name,c1_0.opening_time,c1_0.requires_approval,c1_0.type,r1_0.created_at,r1_0.decided_at,db1_0.id,db1_0.email,db1_0.full_name,db1_0.role,r1_0.decision_reason,r1_0.end_time,r1_0.start_time,r1_0.state,r1_0.user_id,u1_0.id,u1_0.email,u1_0.full_name,u1_0.role from reservation r1_0 join court c1_0 on c1_0.id=r1_0.court_id left join app_user db1_0 on db1_0.id=r1_0.decided_by_id join app_user u1_0 on u1_0.id=r1_0.user_id where r1_0.id=?
Hibernate: select c1_0.id,c1_0.active,c1_0.closing_time,c1_0.location,c1_0.name,c1_0.opening_time,c1_0.requires_approval,c1_0.type from court c1_0 where c1_0.id=? for update
Hibernate: select r1_0.id,r1_0.approval_deadline,r1_0.cancelled_at,r1_0.court_id,r1_0.created_at,r1_0.decided_at,r1_0.decided_by_id,r1_0.decision_reason,r1_0.end_time,r1_0.start_time,r1_0.state,r1_0.user_id from reservation r1_0 where r1_0.court_id=? and r1_0.state in (?) and r1_0.start_time<? and ?<r1_0.end_time
2026-09-28T14:05:04.549+02:00  INFO 9452 --- [           main] o.e.r.s.LoggingNotificationService       : NOTIFY approvers: reservation 64 for court 'Centre Court (approval)' awaits approval until 2026-09-20T10:00
Hibernate: update reservation set approval_deadline=?,cancelled_at=?,court_id=?,decided_at=?,decided_by_id=?,decision_reason=?,end_time=?,start_time=?,state=?,user_id=? where id=?
Hibernate: select au1_0.id,au1_0.email,au1_0.full_name,au1_0.role from app_user au1_0 where au1_0.id=?
Hibernate: select c1_0.id,c1_0.active,c1_0.closing_time,c1_0.location,c1_0.name,c1_0.opening_time,c1_0.requires_approval,c1_0.type from court c1_0 where c1_0.id=?
Hibernate: insert into reservation (approval_deadline,cancelled_at,court_id,created_at,decided_at,decided_by_id,decision_reason,end_time,start_time,state,user_id,id) values (?,?,?,?,?,?,?,?,?,?,?,default)
Hibernate: select au1_0.id,au1_0.email,au1_0.full_name,au1_0.role from app_user au1_0 where au1_0.id=?
Hibernate: select r1_0.id,r1_0.approval_deadline,r1_0.cancelled_at,r1_0.court_id,c1_0.id,c1_0.active,c1_0.closing_time,c1_0.location,c1_0.name,c1_0.opening_time,c1_0.requires_approval,c1_0.type,r1_0.created_at,r1_0.decided_at,db1_0.id,db1_0.email,db1_0.full_name,db1_0.role,r1_0.decision_reason,r1_0.end_time,r1_0.start_time,r1_0.state,r1_0.user_id,u1_0.id,u1_0.email,u1_0.full_name,u1_0.role from reservation r1_0 join court c1_0 on c1_0.id=r1_0.court_id left join app_user db1_0 on db1_0.id=r1_0.decided_by_id join app_user u1_0 on u1_0.id=r1_0.user_id where r1_0.id=?
Hibernate: select c1_0.id,c1_0.active,c1_0.closing_time,c1_0.location,c1_0.name,c1_0.opening_time,c1_0.requires_approval,c1_0.type from court c1_0 where c1_0.id=? for update
Hibernate: select r1_0.id,r1_0.approval_deadline,r1_0.cancelled_at,r1_0.court_id,r1_0.created_at,r1_0.decided_at,r1_0.decided_by_id,r1_0.decision_reason,r1_0.end_time,r1_0.start_time,r1_0.state,r1_0.user_id from reservation r1_0 where r1_0.court_id=? and r1_0.state in (?) and r1_0.start_time<? and ?<r1_0.end_time
2026-09-28T14:05:04.556+02:00  INFO 9452 --- [           main] o.e.r.s.LoggingNotificationService       : NOTIFY approvers: reservation 65 for court 'Centre Court (approval)' awaits approval until 2026-09-20T10:30
Hibernate: update reservation set approval_deadline=?,cancelled_at=?,court_id=?,decided_at=?,decided_by_id=?,decision_reason=?,end_time=?,start_time=?,state=?,user_id=? where id=?
Hibernate: select au1_0.id,au1_0.email,au1_0.full_name,au1_0.role from app_user au1_0 where au1_0.id=?
Hibernate: select au1_0.id,au1_0.email,au1_0.full_name,au1_0.role from app_user au1_0 where au1_0.id=?
Hibernate: select r1_0.id,r1_0.approval_deadline,r1_0.cancelled_at,r1_0.court_id,c1_0.id,c1_0.active,c1_0.closing_time,c1_0.location,c1_0.name,c1_0.opening_time,c1_0.requires_approval,c1_0.type,r1_0.created_at,r1_0.decided_at,db1_0.id,db1_0.email,db1_0.full_name,db1_0.role,r1_0.decision_reason,r1_0.end_time,r1_0.start_time,r1_0.state,r1_0.user_id,u1_0.id,u1_0.email,u1_0.full_name,u1_0.role from reservation r1_0 join court c1_0 on c1_0.id=r1_0.court_id left join app_user db1_0 on db1_0.id=r1_0.decided_by_id join app_user u1_0 on u1_0.id=r1_0.user_id where r1_0.id=?
Hibernate: select r1_0.id,r1_0.approval_deadline,r1_0.cancelled_at,r1_0.court_id,c1_0.id,c1_0.active,c1_0.closing_time,c1_0.location,c1_0.name,c1_0.opening_time,c1_0.requires_approval,c1_0.type,r1_0.created_at,r1_0.decided_at,db1_0.id,db1_0.email,db1_0.full_name,db1_0.role,r1_0.decision_reason,r1_0.end_time,r1_0.start_time,r1_0.state,r1_0.user_id,u1_0.id,u1_0.email,u1_0.full_name,u1_0.role from reservation r1_0 join court c1_0 on c1_0.id=r1_0.court_id left join app_user db1_0 on db1_0.id=r1_0.decided_by_id join app_user u1_0 on u1_0.id=r1_0.user_id where r1_0.id=?
Hibernate: select c1_0.id,c1_0.active,c1_0.closing_time,c1_0.location,c1_0.name,c1_0.opening_time,c1_0.requires_approval,c1_0.type from court c1_0 where c1_0.id=? for update
Hibernate: select c1_0.id,c1_0.active,c1_0.closing_time,c1_0.location,c1_0.name,c1_0.opening_time,c1_0.requires_approval,c1_0.type from court c1_0 where c1_0.id=? for update
Hibernate: select r1_0.id,r1_0.approval_deadline,r1_0.cancelled_at,r1_0.court_id,r1_0.created_at,r1_0.decided_at,r1_0.decided_by_id,r1_0.decision_reason,r1_0.end_time,r1_0.start_time,r1_0.state,r1_0.user_id from reservation r1_0 where r1_0.court_id=? and r1_0.state in (?) and r1_0.start_time<? and ?<r1_0.end_time
2026-09-28T14:05:04.562+02:00  INFO 9452 --- [pool-4-thread-2] o.e.r.s.LoggingNotificationService       : NOTIFY owner bob+610981079841300@example.com: reservation 65 for court 'Centre Court (approval)' is CONFIRMED
Hibernate: update reservation set approval_deadline=?,cancelled_at=?,court_id=?,decided_at=?,decided_by_id=?,decision_reason=?,end_time=?,start_time=?,state=?,user_id=? where id=?
Hibernate: select r1_0.id,r1_0.approval_deadline,r1_0.cancelled_at,r1_0.court_id,r1_0.created_at,r1_0.decided_at,r1_0.decided_by_id,r1_0.decision_reason,r1_0.end_time,r1_0.start_time,r1_0.state,r1_0.user_id from reservation r1_0 where r1_0.court_id=? and r1_0.state in (?) and r1_0.start_time<? and ?<r1_0.end_time
Hibernate: select au1_0.id,au1_0.email,au1_0.full_name,au1_0.role from app_user au1_0 where au1_0.id=?
Hibernate: select r1_0.id,r1_0.approval_deadline,r1_0.cancelled_at,r1_0.court_id,c1_0.id,c1_0.active,c1_0.closing_time,c1_0.location,c1_0.name,c1_0.opening_time,c1_0.requires_approval,c1_0.type,r1_0.created_at,r1_0.decided_at,db1_0.id,db1_0.email,db1_0.full_name,db1_0.role,r1_0.decision_reason,r1_0.end_time,r1_0.start_time,r1_0.state,r1_0.user_id,u1_0.id,u1_0.email,u1_0.full_name,u1_0.role from reservation r1_0 join court c1_0 on c1_0.id=r1_0.court_id left join app_user db1_0 on db1_0.id=r1_0.decided_by_id join app_user u1_0 on u1_0.id=r1_0.user_id where r1_0.id=?
Hibernate: select r1_0.id,r1_0.approval_deadline,r1_0.cancelled_at,r1_0.court_id,c1_0.id,c1_0.active,c1_0.closing_time,c1_0.location,c1_0.name,c1_0.opening_time,c1_0.requires_approval,c1_0.type,r1_0.created_at,r1_0.decided_at,db1_0.id,db1_0.email,db1_0.full_name,db1_0.role,r1_0.decision_reason,r1_0.end_time,r1_0.start_time,r1_0.state,r1_0.user_id,u1_0.id,u1_0.email,u1_0.full_name,u1_0.role from reservation r1_0 join court c1_0 on c1_0.id=r1_0.court_id left join app_user db1_0 on db1_0.id=r1_0.decided_by_id join app_user u1_0 on u1_0.id=r1_0.user_id where r1_0.id=?
Hibernate: select r1_0.id,r1_0.approval_deadline,r1_0.cancelled_at,r1_0.court_id,c1_0.id,c1_0.active,c1_0.closing_time,c1_0.location,c1_0.name,c1_0.opening_time,c1_0.requires_approval,c1_0.type,r1_0.created_at,r1_0.decided_at,db1_0.id,db1_0.email,db1_0.full_name,db1_0.role,r1_0.decision_reason,r1_0.end_time,r1_0.start_time,r1_0.state,r1_0.user_id,u1_0.id,u1_0.email,u1_0.full_name,u1_0.role from reservation r1_0 join court c1_0 on c1_0.id=r1_0.court_id left join app_user db1_0 on db1_0.id=r1_0.decided_by_id join app_user u1_0 on u1_0.id=r1_0.user_id where r1_0.id=?
Hibernate: select r1_0.id,r1_0.approval_deadline,r1_0.cancelled_at,r1_0.court_id,c1_0.id,c1_0.active,c1_0.closing_time,c1_0.location,c1_0.name,c1_0.opening_time,c1_0.requires_approval,c1_0.type,r1_0.created_at,r1_0.decided_at,db1_0.id,db1_0.email,db1_0.full_name,db1_0.role,r1_0.decision_reason,r1_0.end_time,r1_0.start_time,r1_0.state,r1_0.user_id,u1_0.id,u1_0.email,u1_0.full_name,u1_0.role from reservation r1_0 join court c1_0 on c1_0.id=r1_0.court_id left join app_user db1_0 on db1_0.id=r1_0.decided_by_id join app_user u1_0 on u1_0.id=r1_0.user_id where r1_0.id=?
[INFO] Tests run: 9, Failures: 0, Errors: 0, Skipped: 0, Time elapsed: 0.410 s -- in OP-05 Approve Reservation
[INFO] Running OP-02 Check Availability - approval disclosure (REQ-13)
2026-09-28T14:05:04.575+02:00  INFO 9452 --- [           main] t.c.s.AnnotationConfigContextLoaderUtils : Could not detect default configuration classes for test class [org.example.reservation.BaselineV02ApprovalVerificationTest$Op02Extended]: Op02Extended does not declare any static, non-private, non-final, nested classes annotated with @Configuration.
2026-09-28T14:05:04.577+02:00  INFO 9452 --- [           main] .b.t.c.SpringBootTestContextBootstrapper : Found @SpringBootConfiguration org.example.reservation.ReservationApplication for test class org.example.reservation.BaselineV02ApprovalVerificationTest$Op02Extended
Hibernate: select r1_0.id,r1_0.approval_deadline,r1_0.cancelled_at,r1_0.court_id,r1_0.created_at,r1_0.decided_at,r1_0.decided_by_id,r1_0.decision_reason,r1_0.end_time,r1_0.start_time,r1_0.state,r1_0.user_id from reservation r1_0
Hibernate: select c1_0.id,c1_0.active,c1_0.closing_time,c1_0.location,c1_0.name,c1_0.opening_time,c1_0.requires_approval,c1_0.type from court c1_0 where c1_0.id=?
Hibernate: select au1_0.id,au1_0.email,au1_0.full_name,au1_0.role from app_user au1_0 where au1_0.id=?
Hibernate: select au1_0.id,au1_0.email,au1_0.full_name,au1_0.role from app_user au1_0 where au1_0.id=?
Hibernate: select au1_0.id,au1_0.email,au1_0.full_name,au1_0.role from app_user au1_0 where au1_0.id=?
Hibernate: delete from reservation where id=?
Hibernate: delete from reservation where id=?
Hibernate: insert into court (active,closing_time,location,name,opening_time,requires_approval,type,id) values (?,?,?,?,?,?,?,default)
Hibernate: insert into court (active,closing_time,location,name,opening_time,requires_approval,type,id) values (?,?,?,?,?,?,?,default)
Hibernate: insert into app_user (email,full_name,role,id) values (?,?,?,default)
Hibernate: insert into app_user (email,full_name,role,id) values (?,?,?,default)
Hibernate: insert into app_user (email,full_name,role,id) values (?,?,?,default)
Hibernate: insert into app_user (email,full_name,role,id) values (?,?,?,default)
Hibernate: select c1_0.id,c1_0.active,c1_0.closing_time,c1_0.location,c1_0.name,c1_0.opening_time,c1_0.requires_approval,c1_0.type from court c1_0 where c1_0.id=?
Hibernate: select r1_0.id,r1_0.approval_deadline,r1_0.cancelled_at,r1_0.court_id,r1_0.created_at,r1_0.decided_at,r1_0.decided_by_id,r1_0.decision_reason,r1_0.end_time,r1_0.start_time,r1_0.state,r1_0.user_id from reservation r1_0 where r1_0.court_id=? and r1_0.state in (?) and r1_0.start_time<? and ?<r1_0.end_time
Hibernate: select r1_0.id,r1_0.approval_deadline,r1_0.cancelled_at,r1_0.court_id,r1_0.created_at,r1_0.decided_at,r1_0.decided_by_id,r1_0.decision_reason,r1_0.end_time,r1_0.start_time,r1_0.state,r1_0.user_id from reservation r1_0 where r1_0.court_id=? and r1_0.state in (?) and r1_0.start_time<? and ?<r1_0.end_time
Hibernate: select r1_0.id,r1_0.approval_deadline,r1_0.cancelled_at,r1_0.court_id,r1_0.created_at,r1_0.decided_at,r1_0.decided_by_id,r1_0.decision_reason,r1_0.end_time,r1_0.start_time,r1_0.state,r1_0.user_id from reservation r1_0
Hibernate: insert into court (active,closing_time,location,name,opening_time,requires_approval,type,id) values (?,?,?,?,?,?,?,default)
Hibernate: insert into court (active,closing_time,location,name,opening_time,requires_approval,type,id) values (?,?,?,?,?,?,?,default)
Hibernate: insert into app_user (email,full_name,role,id) values (?,?,?,default)
Hibernate: insert into app_user (email,full_name,role,id) values (?,?,?,default)
Hibernate: insert into app_user (email,full_name,role,id) values (?,?,?,default)
Hibernate: insert into app_user (email,full_name,role,id) values (?,?,?,default)
Hibernate: select au1_0.id,au1_0.email,au1_0.full_name,au1_0.role from app_user au1_0 where au1_0.id=?
Hibernate: select c1_0.id,c1_0.active,c1_0.closing_time,c1_0.location,c1_0.name,c1_0.opening_time,c1_0.requires_approval,c1_0.type from court c1_0 where c1_0.id=?
Hibernate: insert into reservation (approval_deadline,cancelled_at,court_id,created_at,decided_at,decided_by_id,decision_reason,end_time,start_time,state,user_id,id) values (?,?,?,?,?,?,?,?,?,?,?,default)
Hibernate: select au1_0.id,au1_0.email,au1_0.full_name,au1_0.role from app_user au1_0 where au1_0.id=?
Hibernate: select r1_0.id,r1_0.approval_deadline,r1_0.cancelled_at,r1_0.court_id,c1_0.id,c1_0.active,c1_0.closing_time,c1_0.location,c1_0.name,c1_0.opening_time,c1_0.requires_approval,c1_0.type,r1_0.created_at,r1_0.decided_at,db1_0.id,db1_0.email,db1_0.full_name,db1_0.role,r1_0.decision_reason,r1_0.end_time,r1_0.start_time,r1_0.state,r1_0.user_id,u1_0.id,u1_0.email,u1_0.full_name,u1_0.role from reservation r1_0 join court c1_0 on c1_0.id=r1_0.court_id left join app_user db1_0 on db1_0.id=r1_0.decided_by_id join app_user u1_0 on u1_0.id=r1_0.user_id where r1_0.id=?
Hibernate: select c1_0.id,c1_0.active,c1_0.closing_time,c1_0.location,c1_0.name,c1_0.opening_time,c1_0.requires_approval,c1_0.type from court c1_0 where c1_0.id=? for update
Hibernate: select r1_0.id,r1_0.approval_deadline,r1_0.cancelled_at,r1_0.court_id,r1_0.created_at,r1_0.decided_at,r1_0.decided_by_id,r1_0.decision_reason,r1_0.end_time,r1_0.start_time,r1_0.state,r1_0.user_id from reservation r1_0 where r1_0.court_id=? and r1_0.state in (?) and r1_0.start_time<? and ?<r1_0.end_time
2026-09-28T14:05:04.642+02:00  INFO 9452 --- [           main] o.e.r.s.LoggingNotificationService       : NOTIFY approvers: reservation 66 for court 'Centre Court (approval)' awaits approval until 2026-09-20T10:00
Hibernate: update reservation set approval_deadline=?,cancelled_at=?,court_id=?,decided_at=?,decided_by_id=?,decision_reason=?,end_time=?,start_time=?,state=?,user_id=? where id=?
Hibernate: select au1_0.id,au1_0.email,au1_0.full_name,au1_0.role from app_user au1_0 where au1_0.id=?
Hibernate: select c1_0.id,c1_0.active,c1_0.closing_time,c1_0.location,c1_0.name,c1_0.opening_time,c1_0.requires_approval,c1_0.type from court c1_0 where c1_0.id=?
Hibernate: insert into reservation (approval_deadline,cancelled_at,court_id,created_at,decided_at,decided_by_id,decision_reason,end_time,start_time,state,user_id,id) values (?,?,?,?,?,?,?,?,?,?,?,default)
Hibernate: select au1_0.id,au1_0.email,au1_0.full_name,au1_0.role from app_user au1_0 where au1_0.id=?
Hibernate: select r1_0.id,r1_0.approval_deadline,r1_0.cancelled_at,r1_0.court_id,c1_0.id,c1_0.active,c1_0.closing_time,c1_0.location,c1_0.name,c1_0.opening_time,c1_0.requires_approval,c1_0.type,r1_0.created_at,r1_0.decided_at,db1_0.id,db1_0.email,db1_0.full_name,db1_0.role,r1_0.decision_reason,r1_0.end_time,r1_0.start_time,r1_0.state,r1_0.user_id,u1_0.id,u1_0.email,u1_0.full_name,u1_0.role from reservation r1_0 join court c1_0 on c1_0.id=r1_0.court_id left join app_user db1_0 on db1_0.id=r1_0.decided_by_id join app_user u1_0 on u1_0.id=r1_0.user_id where r1_0.id=?
Hibernate: select c1_0.id,c1_0.active,c1_0.closing_time,c1_0.location,c1_0.name,c1_0.opening_time,c1_0.requires_approval,c1_0.type from court c1_0 where c1_0.id=? for update
Hibernate: select r1_0.id,r1_0.approval_deadline,r1_0.cancelled_at,r1_0.court_id,r1_0.created_at,r1_0.decided_at,r1_0.decided_by_id,r1_0.decision_reason,r1_0.end_time,r1_0.start_time,r1_0.state,r1_0.user_id from reservation r1_0 where r1_0.court_id=? and r1_0.state in (?) and r1_0.start_time<? and ?<r1_0.end_time
2026-09-28T14:05:04.647+02:00  INFO 9452 --- [           main] o.e.r.s.LoggingNotificationService       : NOTIFY approvers: reservation 67 for court 'Centre Court (approval)' awaits approval until 2026-09-20T10:00
Hibernate: update reservation set approval_deadline=?,cancelled_at=?,court_id=?,decided_at=?,decided_by_id=?,decision_reason=?,end_time=?,start_time=?,state=?,user_id=? where id=?
Hibernate: select c1_0.id,c1_0.active,c1_0.closing_time,c1_0.location,c1_0.name,c1_0.opening_time,c1_0.requires_approval,c1_0.type from court c1_0 where c1_0.id=?
Hibernate: select r1_0.id,r1_0.approval_deadline,r1_0.cancelled_at,r1_0.court_id,r1_0.created_at,r1_0.decided_at,r1_0.decided_by_id,r1_0.decision_reason,r1_0.end_time,r1_0.start_time,r1_0.state,r1_0.user_id from reservation r1_0 where r1_0.court_id=? and r1_0.state in (?) and r1_0.start_time<? and ?<r1_0.end_time
Hibernate: select au1_0.id,au1_0.email,au1_0.full_name,au1_0.role from app_user au1_0 where au1_0.id=?
Hibernate: select au1_0.id,au1_0.email,au1_0.full_name,au1_0.role from app_user au1_0 where au1_0.id=?
Hibernate: select r1_0.id,r1_0.approval_deadline,r1_0.cancelled_at,r1_0.court_id,r1_0.created_at,r1_0.decided_at,r1_0.decided_by_id,r1_0.decision_reason,r1_0.end_time,r1_0.start_time,r1_0.state,r1_0.user_id from reservation r1_0 where r1_0.court_id=? and r1_0.state in (?) and r1_0.start_time<? and ?<r1_0.end_time
[INFO] Tests run: 2, Failures: 0, Errors: 0, Skipped: 0, Time elapsed: 0.080 s -- in OP-02 Check Availability - approval disclosure (REQ-13)
[INFO] Running OP-03 Confirm - the approval branch (REQ-09)
2026-09-28T14:05:04.659+02:00  INFO 9452 --- [           main] t.c.s.AnnotationConfigContextLoaderUtils : Could not detect default configuration classes for test class [org.example.reservation.BaselineV02ApprovalVerificationTest$Op03Changed]: Op03Changed does not declare any static, non-private, non-final, nested classes annotated with @Configuration.
2026-09-28T14:05:04.662+02:00  INFO 9452 --- [           main] .b.t.c.SpringBootTestContextBootstrapper : Found @SpringBootConfiguration org.example.reservation.ReservationApplication for test class org.example.reservation.BaselineV02ApprovalVerificationTest$Op03Changed
Hibernate: select r1_0.id,r1_0.approval_deadline,r1_0.cancelled_at,r1_0.court_id,r1_0.created_at,r1_0.decided_at,r1_0.decided_by_id,r1_0.decision_reason,r1_0.end_time,r1_0.start_time,r1_0.state,r1_0.user_id from reservation r1_0
Hibernate: select c1_0.id,c1_0.active,c1_0.closing_time,c1_0.location,c1_0.name,c1_0.opening_time,c1_0.requires_approval,c1_0.type from court c1_0 where c1_0.id=?
Hibernate: select au1_0.id,au1_0.email,au1_0.full_name,au1_0.role from app_user au1_0 where au1_0.id=?
Hibernate: select au1_0.id,au1_0.email,au1_0.full_name,au1_0.role from app_user au1_0 where au1_0.id=?
Hibernate: delete from reservation where id=?
Hibernate: delete from reservation where id=?
Hibernate: insert into court (active,closing_time,location,name,opening_time,requires_approval,type,id) values (?,?,?,?,?,?,?,default)
Hibernate: insert into court (active,closing_time,location,name,opening_time,requires_approval,type,id) values (?,?,?,?,?,?,?,default)
Hibernate: insert into app_user (email,full_name,role,id) values (?,?,?,default)
Hibernate: insert into app_user (email,full_name,role,id) values (?,?,?,default)
Hibernate: insert into app_user (email,full_name,role,id) values (?,?,?,default)
Hibernate: insert into app_user (email,full_name,role,id) values (?,?,?,default)
Hibernate: select au1_0.id,au1_0.email,au1_0.full_name,au1_0.role from app_user au1_0 where au1_0.id=?
Hibernate: select c1_0.id,c1_0.active,c1_0.closing_time,c1_0.location,c1_0.name,c1_0.opening_time,c1_0.requires_approval,c1_0.type from court c1_0 where c1_0.id=?
Hibernate: insert into reservation (approval_deadline,cancelled_at,court_id,created_at,decided_at,decided_by_id,decision_reason,end_time,start_time,state,user_id,id) values (?,?,?,?,?,?,?,?,?,?,?,default)
Hibernate: select au1_0.id,au1_0.email,au1_0.full_name,au1_0.role from app_user au1_0 where au1_0.id=?
Hibernate: select r1_0.id,r1_0.approval_deadline,r1_0.cancelled_at,r1_0.court_id,c1_0.id,c1_0.active,c1_0.closing_time,c1_0.location,c1_0.name,c1_0.opening_time,c1_0.requires_approval,c1_0.type,r1_0.created_at,r1_0.decided_at,db1_0.id,db1_0.email,db1_0.full_name,db1_0.role,r1_0.decision_reason,r1_0.end_time,r1_0.start_time,r1_0.state,r1_0.user_id,u1_0.id,u1_0.email,u1_0.full_name,u1_0.role from reservation r1_0 join court c1_0 on c1_0.id=r1_0.court_id left join app_user db1_0 on db1_0.id=r1_0.decided_by_id join app_user u1_0 on u1_0.id=r1_0.user_id where r1_0.id=?
Hibernate: select c1_0.id,c1_0.active,c1_0.closing_time,c1_0.location,c1_0.name,c1_0.opening_time,c1_0.requires_approval,c1_0.type from court c1_0 where c1_0.id=? for update
Hibernate: select r1_0.id,r1_0.approval_deadline,r1_0.cancelled_at,r1_0.court_id,r1_0.created_at,r1_0.decided_at,r1_0.decided_by_id,r1_0.decision_reason,r1_0.end_time,r1_0.start_time,r1_0.state,r1_0.user_id from reservation r1_0 where r1_0.court_id=? and r1_0.state in (?) and r1_0.start_time<? and ?<r1_0.end_time
2026-09-28T14:05:04.694+02:00  INFO 9452 --- [           main] o.e.r.s.LoggingNotificationService       : NOTIFY approvers: reservation 68 for court 'Centre Court (approval)' awaits approval until 2026-09-20T10:00
Hibernate: update reservation set approval_deadline=?,cancelled_at=?,court_id=?,decided_at=?,decided_by_id=?,decision_reason=?,end_time=?,start_time=?,state=?,user_id=? where id=?
Hibernate: select c1_0.id,c1_0.active,c1_0.closing_time,c1_0.location,c1_0.name,c1_0.opening_time,c1_0.requires_approval,c1_0.type from court c1_0 where c1_0.id=?
Hibernate: select r1_0.id,r1_0.approval_deadline,r1_0.cancelled_at,r1_0.court_id,r1_0.created_at,r1_0.decided_at,r1_0.decided_by_id,r1_0.decision_reason,r1_0.end_time,r1_0.start_time,r1_0.state,r1_0.user_id from reservation r1_0 where r1_0.court_id=? and r1_0.state in (?) and r1_0.start_time<? and ?<r1_0.end_time
Hibernate: select au1_0.id,au1_0.email,au1_0.full_name,au1_0.role from app_user au1_0 where au1_0.id=?
Hibernate: select r1_0.id,r1_0.approval_deadline,r1_0.cancelled_at,r1_0.court_id,r1_0.created_at,r1_0.decided_at,r1_0.decided_by_id,r1_0.decision_reason,r1_0.end_time,r1_0.start_time,r1_0.state,r1_0.user_id from reservation r1_0 where r1_0.court_id=? and r1_0.state in (?) and r1_0.start_time<? and ?<r1_0.end_time
Hibernate: select r1_0.id,r1_0.approval_deadline,r1_0.cancelled_at,r1_0.court_id,r1_0.created_at,r1_0.decided_at,r1_0.decided_by_id,r1_0.decision_reason,r1_0.end_time,r1_0.start_time,r1_0.state,r1_0.user_id from reservation r1_0
Hibernate: select c1_0.id,c1_0.active,c1_0.closing_time,c1_0.location,c1_0.name,c1_0.opening_time,c1_0.requires_approval,c1_0.type from court c1_0 where c1_0.id=?
Hibernate: select au1_0.id,au1_0.email,au1_0.full_name,au1_0.role from app_user au1_0 where au1_0.id=?
Hibernate: delete from reservation where id=?
Hibernate: insert into court (active,closing_time,location,name,opening_time,requires_approval,type,id) values (?,?,?,?,?,?,?,default)
Hibernate: insert into court (active,closing_time,location,name,opening_time,requires_approval,type,id) values (?,?,?,?,?,?,?,default)
Hibernate: insert into app_user (email,full_name,role,id) values (?,?,?,default)
Hibernate: insert into app_user (email,full_name,role,id) values (?,?,?,default)
Hibernate: insert into app_user (email,full_name,role,id) values (?,?,?,default)
Hibernate: insert into app_user (email,full_name,role,id) values (?,?,?,default)
Hibernate: select au1_0.id,au1_0.email,au1_0.full_name,au1_0.role from app_user au1_0 where au1_0.id=?
Hibernate: select c1_0.id,c1_0.active,c1_0.closing_time,c1_0.location,c1_0.name,c1_0.opening_time,c1_0.requires_approval,c1_0.type from court c1_0 where c1_0.id=?
Hibernate: insert into reservation (approval_deadline,cancelled_at,court_id,created_at,decided_at,decided_by_id,decision_reason,end_time,start_time,state,user_id,id) values (?,?,?,?,?,?,?,?,?,?,?,default)
Hibernate: select au1_0.id,au1_0.email,au1_0.full_name,au1_0.role from app_user au1_0 where au1_0.id=?
Hibernate: select r1_0.id,r1_0.approval_deadline,r1_0.cancelled_at,r1_0.court_id,c1_0.id,c1_0.active,c1_0.closing_time,c1_0.location,c1_0.name,c1_0.opening_time,c1_0.requires_approval,c1_0.type,r1_0.created_at,r1_0.decided_at,db1_0.id,db1_0.email,db1_0.full_name,db1_0.role,r1_0.decision_reason,r1_0.end_time,r1_0.start_time,r1_0.state,r1_0.user_id,u1_0.id,u1_0.email,u1_0.full_name,u1_0.role from reservation r1_0 join court c1_0 on c1_0.id=r1_0.court_id left join app_user db1_0 on db1_0.id=r1_0.decided_by_id join app_user u1_0 on u1_0.id=r1_0.user_id where r1_0.id=?
Hibernate: select c1_0.id,c1_0.active,c1_0.closing_time,c1_0.location,c1_0.name,c1_0.opening_time,c1_0.requires_approval,c1_0.type from court c1_0 where c1_0.id=? for update
Hibernate: select r1_0.id,r1_0.approval_deadline,r1_0.cancelled_at,r1_0.court_id,r1_0.created_at,r1_0.decided_at,r1_0.decided_by_id,r1_0.decision_reason,r1_0.end_time,r1_0.start_time,r1_0.state,r1_0.user_id from reservation r1_0 where r1_0.court_id=? and r1_0.state in (?) and r1_0.start_time<? and ?<r1_0.end_time
2026-09-28T14:05:04.714+02:00  INFO 9452 --- [           main] o.e.r.s.LoggingNotificationService       : NOTIFY owner alice+610981249539900@example.com: reservation 69 for court 'Court 2 (self-service)' is CONFIRMED
Hibernate: update reservation set approval_deadline=?,cancelled_at=?,court_id=?,decided_at=?,decided_by_id=?,decision_reason=?,end_time=?,start_time=?,state=?,user_id=? where id=?
Hibernate: select r1_0.id,r1_0.approval_deadline,r1_0.cancelled_at,r1_0.court_id,r1_0.created_at,r1_0.decided_at,r1_0.decided_by_id,r1_0.decision_reason,r1_0.end_time,r1_0.start_time,r1_0.state,r1_0.user_id from reservation r1_0
Hibernate: select c1_0.id,c1_0.active,c1_0.closing_time,c1_0.location,c1_0.name,c1_0.opening_time,c1_0.requires_approval,c1_0.type from court c1_0 where c1_0.id=?
Hibernate: select au1_0.id,au1_0.email,au1_0.full_name,au1_0.role from app_user au1_0 where au1_0.id=?
Hibernate: delete from reservation where id=?
Hibernate: insert into court (active,closing_time,location,name,opening_time,requires_approval,type,id) values (?,?,?,?,?,?,?,default)
Hibernate: insert into court (active,closing_time,location,name,opening_time,requires_approval,type,id) values (?,?,?,?,?,?,?,default)
Hibernate: insert into app_user (email,full_name,role,id) values (?,?,?,default)
Hibernate: insert into app_user (email,full_name,role,id) values (?,?,?,default)
Hibernate: insert into app_user (email,full_name,role,id) values (?,?,?,default)
Hibernate: insert into app_user (email,full_name,role,id) values (?,?,?,default)
Hibernate: select au1_0.id,au1_0.email,au1_0.full_name,au1_0.role from app_user au1_0 where au1_0.id=?
Hibernate: select c1_0.id,c1_0.active,c1_0.closing_time,c1_0.location,c1_0.name,c1_0.opening_time,c1_0.requires_approval,c1_0.type from court c1_0 where c1_0.id=?
Hibernate: insert into reservation (approval_deadline,cancelled_at,court_id,created_at,decided_at,decided_by_id,decision_reason,end_time,start_time,state,user_id,id) values (?,?,?,?,?,?,?,?,?,?,?,default)
Hibernate: select au1_0.id,au1_0.email,au1_0.full_name,au1_0.role from app_user au1_0 where au1_0.id=?
Hibernate: select r1_0.id,r1_0.approval_deadline,r1_0.cancelled_at,r1_0.court_id,c1_0.id,c1_0.active,c1_0.closing_time,c1_0.location,c1_0.name,c1_0.opening_time,c1_0.requires_approval,c1_0.type,r1_0.created_at,r1_0.decided_at,db1_0.id,db1_0.email,db1_0.full_name,db1_0.role,r1_0.decision_reason,r1_0.end_time,r1_0.start_time,r1_0.state,r1_0.user_id,u1_0.id,u1_0.email,u1_0.full_name,u1_0.role from reservation r1_0 join court c1_0 on c1_0.id=r1_0.court_id left join app_user db1_0 on db1_0.id=r1_0.decided_by_id join app_user u1_0 on u1_0.id=r1_0.user_id where r1_0.id=?
Hibernate: select c1_0.id,c1_0.active,c1_0.closing_time,c1_0.location,c1_0.name,c1_0.opening_time,c1_0.requires_approval,c1_0.type from court c1_0 where c1_0.id=? for update
Hibernate: select r1_0.id,r1_0.approval_deadline,r1_0.cancelled_at,r1_0.court_id,r1_0.created_at,r1_0.decided_at,r1_0.decided_by_id,r1_0.decision_reason,r1_0.end_time,r1_0.start_time,r1_0.state,r1_0.user_id from reservation r1_0 where r1_0.court_id=? and r1_0.state in (?) and r1_0.start_time<? and ?<r1_0.end_time
2026-09-28T14:05:04.747+02:00  INFO 9452 --- [           main] o.e.r.s.LoggingNotificationService       : NOTIFY approvers: reservation 70 for court 'Centre Court (approval)' awaits approval until 2026-09-20T10:00
Hibernate: update reservation set approval_deadline=?,cancelled_at=?,court_id=?,decided_at=?,decided_by_id=?,decision_reason=?,end_time=?,start_time=?,state=?,user_id=? where id=?
Hibernate: select au1_0.id,au1_0.email,au1_0.full_name,au1_0.role from app_user au1_0 where au1_0.id=?
Hibernate: select r1_0.id,r1_0.approval_deadline,r1_0.cancelled_at,r1_0.court_id,c1_0.id,c1_0.active,c1_0.closing_time,c1_0.location,c1_0.name,c1_0.opening_time,c1_0.requires_approval,c1_0.type,r1_0.created_at,r1_0.decided_at,db1_0.id,db1_0.email,db1_0.full_name,db1_0.role,r1_0.decision_reason,r1_0.end_time,r1_0.start_time,r1_0.state,r1_0.user_id,u1_0.id,u1_0.email,u1_0.full_name,u1_0.role from reservation r1_0 join court c1_0 on c1_0.id=r1_0.court_id left join app_user db1_0 on db1_0.id=r1_0.decided_by_id join app_user u1_0 on u1_0.id=r1_0.user_id where r1_0.id=?
Hibernate: select c1_0.id,c1_0.active,c1_0.closing_time,c1_0.location,c1_0.name,c1_0.opening_time,c1_0.requires_approval,c1_0.type from court c1_0 where c1_0.id=? for update
Hibernate: select r1_0.id,r1_0.approval_deadline,r1_0.cancelled_at,r1_0.court_id,r1_0.created_at,r1_0.decided_at,r1_0.decided_by_id,r1_0.decision_reason,r1_0.end_time,r1_0.start_time,r1_0.state,r1_0.user_id from reservation r1_0 where r1_0.court_id=? and r1_0.state in (?) and r1_0.start_time<? and ?<r1_0.end_time
2026-09-28T14:05:04.751+02:00  INFO 9452 --- [           main] o.e.r.s.LoggingNotificationService       : NOTIFY owner alice+610981278403400@example.com: reservation 70 for court 'Centre Court (approval)' is CONFIRMED
Hibernate: update reservation set approval_deadline=?,cancelled_at=?,court_id=?,decided_at=?,decided_by_id=?,decision_reason=?,end_time=?,start_time=?,state=?,user_id=? where id=?
Hibernate: select au1_0.id,au1_0.email,au1_0.full_name,au1_0.role from app_user au1_0 where au1_0.id=?
Hibernate: select c1_0.id,c1_0.active,c1_0.closing_time,c1_0.location,c1_0.name,c1_0.opening_time,c1_0.requires_approval,c1_0.type from court c1_0 where c1_0.id=?
Hibernate: insert into reservation (approval_deadline,cancelled_at,court_id,created_at,decided_at,decided_by_id,decision_reason,end_time,start_time,state,user_id,id) values (?,?,?,?,?,?,?,?,?,?,?,default)
Hibernate: select au1_0.id,au1_0.email,au1_0.full_name,au1_0.role from app_user au1_0 where au1_0.id=?
Hibernate: select r1_0.id,r1_0.approval_deadline,r1_0.cancelled_at,r1_0.court_id,c1_0.id,c1_0.active,c1_0.closing_time,c1_0.location,c1_0.name,c1_0.opening_time,c1_0.requires_approval,c1_0.type,r1_0.created_at,r1_0.decided_at,db1_0.id,db1_0.email,db1_0.full_name,db1_0.role,r1_0.decision_reason,r1_0.end_time,r1_0.start_time,r1_0.state,r1_0.user_id,u1_0.id,u1_0.email,u1_0.full_name,u1_0.role from reservation r1_0 join court c1_0 on c1_0.id=r1_0.court_id left join app_user db1_0 on db1_0.id=r1_0.decided_by_id join app_user u1_0 on u1_0.id=r1_0.user_id where r1_0.id=?
Hibernate: select c1_0.id,c1_0.active,c1_0.closing_time,c1_0.location,c1_0.name,c1_0.opening_time,c1_0.requires_approval,c1_0.type from court c1_0 where c1_0.id=? for update
Hibernate: select r1_0.id,r1_0.approval_deadline,r1_0.cancelled_at,r1_0.court_id,r1_0.created_at,r1_0.decided_at,r1_0.decided_by_id,r1_0.decision_reason,r1_0.end_time,r1_0.start_time,r1_0.state,r1_0.user_id from reservation r1_0 where r1_0.court_id=? and r1_0.state in (?) and r1_0.start_time<? and ?<r1_0.end_time
Hibernate: select au1_0.id,au1_0.email,au1_0.full_name,au1_0.role from app_user au1_0 where au1_0.id=?
Hibernate: select au1_0.id,au1_0.email,au1_0.full_name,au1_0.role from app_user au1_0 where au1_0.id=?
Hibernate: select r1_0.id,r1_0.approval_deadline,r1_0.cancelled_at,r1_0.court_id,c1_0.id,c1_0.active,c1_0.closing_time,c1_0.location,c1_0.name,c1_0.opening_time,c1_0.requires_approval,c1_0.type,r1_0.created_at,r1_0.decided_at,db1_0.id,db1_0.email,db1_0.full_name,db1_0.role,r1_0.decision_reason,r1_0.end_time,r1_0.start_time,r1_0.state,r1_0.user_id,u1_0.id,u1_0.email,u1_0.full_name,u1_0.role from reservation r1_0 join court c1_0 on c1_0.id=r1_0.court_id left join app_user db1_0 on db1_0.id=r1_0.decided_by_id join app_user u1_0 on u1_0.id=r1_0.user_id where r1_0.id=?
Hibernate: select r1_0.id,r1_0.approval_deadline,r1_0.cancelled_at,r1_0.court_id,r1_0.created_at,r1_0.decided_at,r1_0.decided_by_id,r1_0.decision_reason,r1_0.end_time,r1_0.start_time,r1_0.state,r1_0.user_id from reservation r1_0
Hibernate: select c1_0.id,c1_0.active,c1_0.closing_time,c1_0.location,c1_0.name,c1_0.opening_time,c1_0.requires_approval,c1_0.type from court c1_0 where c1_0.id=?
Hibernate: select au1_0.id,au1_0.email,au1_0.full_name,au1_0.role from app_user au1_0 where au1_0.id=?
Hibernate: select au1_0.id,au1_0.email,au1_0.full_name,au1_0.role from app_user au1_0 where au1_0.id=?
Hibernate: select au1_0.id,au1_0.email,au1_0.full_name,au1_0.role from app_user au1_0 where au1_0.id=?
Hibernate: delete from reservation where id=?
Hibernate: delete from reservation where id=?
Hibernate: insert into court (active,closing_time,location,name,opening_time,requires_approval,type,id) values (?,?,?,?,?,?,?,default)
Hibernate: insert into court (active,closing_time,location,name,opening_time,requires_approval,type,id) values (?,?,?,?,?,?,?,default)
Hibernate: insert into app_user (email,full_name,role,id) values (?,?,?,default)
Hibernate: insert into app_user (email,full_name,role,id) values (?,?,?,default)
Hibernate: insert into app_user (email,full_name,role,id) values (?,?,?,default)
Hibernate: insert into app_user (email,full_name,role,id) values (?,?,?,default)
Hibernate: select au1_0.id,au1_0.email,au1_0.full_name,au1_0.role from app_user au1_0 where au1_0.id=?
Hibernate: select c1_0.id,c1_0.active,c1_0.closing_time,c1_0.location,c1_0.name,c1_0.opening_time,c1_0.requires_approval,c1_0.type from court c1_0 where c1_0.id=?
Hibernate: insert into reservation (approval_deadline,cancelled_at,court_id,created_at,decided_at,decided_by_id,decision_reason,end_time,start_time,state,user_id,id) values (?,?,?,?,?,?,?,?,?,?,?,default)
Hibernate: select au1_0.id,au1_0.email,au1_0.full_name,au1_0.role from app_user au1_0 where au1_0.id=?
Hibernate: select r1_0.id,r1_0.approval_deadline,r1_0.cancelled_at,r1_0.court_id,c1_0.id,c1_0.active,c1_0.closing_time,c1_0.location,c1_0.name,c1_0.opening_time,c1_0.requires_approval,c1_0.type,r1_0.created_at,r1_0.decided_at,db1_0.id,db1_0.email,db1_0.full_name,db1_0.role,r1_0.decision_reason,r1_0.end_time,r1_0.start_time,r1_0.state,r1_0.user_id,u1_0.id,u1_0.email,u1_0.full_name,u1_0.role from reservation r1_0 join court c1_0 on c1_0.id=r1_0.court_id left join app_user db1_0 on db1_0.id=r1_0.decided_by_id join app_user u1_0 on u1_0.id=r1_0.user_id where r1_0.id=?
Hibernate: select c1_0.id,c1_0.active,c1_0.closing_time,c1_0.location,c1_0.name,c1_0.opening_time,c1_0.requires_approval,c1_0.type from court c1_0 where c1_0.id=? for update
Hibernate: select r1_0.id,r1_0.approval_deadline,r1_0.cancelled_at,r1_0.court_id,r1_0.created_at,r1_0.decided_at,r1_0.decided_by_id,r1_0.decision_reason,r1_0.end_time,r1_0.start_time,r1_0.state,r1_0.user_id from reservation r1_0 where r1_0.court_id=? and r1_0.state in (?) and r1_0.start_time<? and ?<r1_0.end_time
2026-09-28T14:05:04.775+02:00  INFO 9452 --- [           main] o.e.r.s.LoggingNotificationService       : NOTIFY approvers: reservation 72 for court 'Centre Court (approval)' awaits approval until 2026-09-20T10:00
Hibernate: update reservation set approval_deadline=?,cancelled_at=?,court_id=?,decided_at=?,decided_by_id=?,decision_reason=?,end_time=?,start_time=?,state=?,user_id=? where id=?
[INFO] Tests run: 4, Failures: 0, Errors: 0, Skipped: 0, Time elapsed: 0.122 s -- in OP-03 Confirm - the approval branch (REQ-09)
[INFO] Tests run: 0, Failures: 0, Errors: 0, Skipped: 0, Time elapsed: 1.071 s -- in org.example.reservation.BaselineV02ApprovalVerificationTest
[INFO] Running org.example.reservation.ReservationPersistenceSpikeTest
2026-09-28T14:05:04.785+02:00  INFO 9452 --- [           main] t.c.s.AnnotationConfigContextLoaderUtils : Could not detect default configuration classes for test class [org.example.reservation.ReservationPersistenceSpikeTest]: ReservationPersistenceSpikeTest does not declare any static, non-private, non-final, nested classes annotated with @Configuration.
2026-09-28T14:05:04.804+02:00  INFO 9452 --- [           main] .b.t.c.SpringBootTestContextBootstrapper : Found @SpringBootConfiguration org.example.reservation.ReservationApplication for test class org.example.reservation.ReservationPersistenceSpikeTest

  .   ____          _            __ _ _
 /\\ / ___'_ __ _ _(_)_ __  __ _ \ \ \ \
( ( )\___ | '_ | '_| | '_ \/ _` | \ \ \ \
 \\/  ___)| |_)| | | | | || (_| |  ) ) ) )
  '  |____| .__|_| |_|_| |_\__, | / / / /
 =========|_|==============|___/=/_/_/_/

 :: Spring Boot ::                (v3.5.8)

2026-09-28T14:05:04.859+02:00  INFO 9452 --- [           main] o.e.r.ReservationPersistenceSpikeTest    : Starting ReservationPersistenceSpikeTest using Java 21.0.4 with PID 9452 (started by rosti in C:\Users\rosti\IdeaProjects\SWIReservationSystem)
2026-09-28T14:05:04.860+02:00  INFO 9452 --- [           main] o.e.r.ReservationPersistenceSpikeTest    : No active profile set, falling back to 1 default profile: "default"
2026-09-28T14:05:05.004+02:00  INFO 9452 --- [           main] .s.d.r.c.RepositoryConfigurationDelegate : Bootstrapping Spring Data JPA repositories in DEFAULT mode.
2026-09-28T14:05:05.024+02:00  INFO 9452 --- [           main] .s.d.r.c.RepositoryConfigurationDelegate : Finished Spring Data repository scanning in 17 ms. Found 3 JPA repository interfaces.
2026-09-28T14:05:05.045+02:00  INFO 9452 --- [           main] beddedDataSourceBeanFactoryPostProcessor : Replacing 'dataSource' DataSource bean with embedded version
2026-09-28T14:05:05.064+02:00  INFO 9452 --- [           main] o.s.j.d.e.EmbeddedDatabaseFactory        : Starting embedded database: url='jdbc:h2:mem:a75d61d0-768b-4e7d-a94e-a9d8e3276a38;DB_CLOSE_DELAY=-1;DB_CLOSE_ON_EXIT=false', username='sa'
2026-09-28T14:05:05.095+02:00  INFO 9452 --- [           main] o.hibernate.jpa.internal.util.LogHelper  : HHH000204: Processing PersistenceUnitInfo [name: default]
2026-09-28T14:05:05.099+02:00  INFO 9452 --- [           main] o.h.c.internal.RegionFactoryInitiator    : HHH000026: Second-level cache disabled
2026-09-28T14:05:05.110+02:00  INFO 9452 --- [           main] o.s.o.j.p.SpringPersistenceUnitInfo      : No LoadTimeWeaver setup: ignoring JPA class transformer
2026-09-28T14:05:05.114+02:00  INFO 9452 --- [           main] org.hibernate.orm.connections.pooling    : HHH10001005: Database info:
	Database JDBC URL [Connecting through datasource 'org.springframework.jdbc.datasource.embedded.EmbeddedDatabaseFactory$EmbeddedDataSourceProxy@f4e4cb2']
	Database driver: undefined/unknown
	Database version: 2.3.232
	Autocommit mode: undefined/unknown
	Isolation level: undefined/unknown
	Minimum pool size: undefined/unknown
	Maximum pool size: undefined/unknown
2026-09-28T14:05:05.164+02:00  INFO 9452 --- [           main] o.h.e.t.j.p.i.JtaPlatformInitiator       : HHH000489: No JTA platform available (set 'hibernate.transaction.jta.platform' to enable JTA platform integration)
Hibernate: drop table if exists app_user cascade 
Hibernate: drop table if exists court cascade 
Hibernate: drop table if exists reservation cascade 
Hibernate: create table app_user (id bigint generated by default as identity, email varchar(255) not null unique, full_name varchar(255) not null, role enum ('MEMBER','STAFF') not null, primary key (id))
Hibernate: create table court (active boolean not null, closing_time time(6) not null, opening_time time(6) not null, requires_approval boolean not null, id bigint generated by default as identity, location varchar(255) not null, name varchar(255) not null, type enum ('BADMINTON','BASKETBALL','FOOTBALL','SQUASH','TENNIS') not null, primary key (id))
Hibernate: create table reservation (approval_deadline timestamp(6), cancelled_at timestamp(6) with time zone, court_id bigint not null, created_at timestamp(6) with time zone not null, decided_at timestamp(6) with time zone, decided_by_id bigint, end_time timestamp(6) not null, id bigint generated by default as identity, start_time timestamp(6) not null, user_id bigint not null, decision_reason varchar(500), state enum ('CANCELLED','CONFIRMED','DRAFT','EXPIRED','PENDING_APPROVAL','REJECTED') not null, primary key (id))
Hibernate: alter table if exists reservation add constraint FKpxnu37u6x3lp9jvebvujghn4e foreign key (court_id) references court
Hibernate: alter table if exists reservation add constraint FKjfh4sk669q9okl27ir86ldr3o foreign key (decided_by_id) references app_user
Hibernate: alter table if exists reservation add constraint FKm25r28103jb9lske61acewdlf foreign key (user_id) references app_user
2026-09-28T14:05:05.172+02:00  INFO 9452 --- [           main] j.LocalContainerEntityManagerFactoryBean : Initialized JPA EntityManagerFactory for persistence unit 'default'
2026-09-28T14:05:05.224+02:00  INFO 9452 --- [           main] o.e.r.ReservationPersistenceSpikeTest    : Started ReservationPersistenceSpikeTest in 0.416 seconds (process running for 11.712)
Hibernate: insert into court (active,closing_time,location,name,opening_time,requires_approval,type,id) values (?,?,?,?,?,?,?,default)
Hibernate: insert into app_user (email,full_name,role,id) values (?,?,?,default)
Hibernate: insert into reservation (approval_deadline,cancelled_at,court_id,created_at,decided_at,decided_by_id,decision_reason,end_time,start_time,state,user_id,id) values (?,?,?,?,?,?,?,?,?,?,?,default)
Hibernate: select r1_0.id,r1_0.approval_deadline,r1_0.cancelled_at,r1_0.court_id,c1_0.id,c1_0.active,c1_0.closing_time,c1_0.location,c1_0.name,c1_0.opening_time,c1_0.requires_approval,c1_0.type,r1_0.created_at,r1_0.decided_at,db1_0.id,db1_0.email,db1_0.full_name,db1_0.role,r1_0.decision_reason,r1_0.end_time,r1_0.start_time,r1_0.state,r1_0.user_id,u1_0.id,u1_0.email,u1_0.full_name,u1_0.role from reservation r1_0 join court c1_0 on c1_0.id=r1_0.court_id left join app_user db1_0 on db1_0.id=r1_0.decided_by_id join app_user u1_0 on u1_0.id=r1_0.user_id where r1_0.id=?
[INFO] Tests run: 1, Failures: 0, Errors: 0, Skipped: 0, Time elapsed: 0.459 s -- in org.example.reservation.ReservationPersistenceSpikeTest
[INFO] 
[INFO] Results:
[INFO] 
[INFO] Tests run: 62, Failures: 0, Errors: 0, Skipped: 0
[INFO] 
[INFO] ------------------------------------------------------------------------
[INFO] BUILD SUCCESS
[INFO] ------------------------------------------------------------------------
[INFO] Total time:  17.987 s
[INFO] Finished at: 2026-09-28T14:05:05+02:00
[INFO] ------------------------------------------------------------------------
