[INFO] Scanning for projects...
[INFO] 
[INFO] ------------------< org.example:SWIReservationSystem >------------------
[INFO] Building SWIReservationSystem 1.0-SNAPSHOT
[INFO]   from pom.xml
[INFO] --------------------------------[ jar ]---------------------------------
[INFO] 
[INFO] --- clean:3.4.1:clean (default-clean) @ SWIReservationSystem ---
[INFO] Deleting C:\Users\rosti\IdeaProjects\SWIReservationSystem\target
[INFO] 
[INFO] --- resources:3.3.1:resources (default-resources) @ SWIReservationSystem ---
[INFO] Copying 3 resources from src\main\resources to target\classes
[INFO] Copying 0 resource from src\main\resources to target\classes
[INFO] 
[INFO] --- compiler:3.14.1:compile (default-compile) @ SWIReservationSystem ---
[INFO] Recompiling the module because of changed source code.
[INFO] Compiling 26 source files with javac [debug parameters release 21] to target\classes
[INFO] 
[INFO] --- resources:3.3.1:testResources (default-testResources) @ SWIReservationSystem ---
[INFO] Copying 1 resource from src\test\resources to target\test-classes
[INFO] 
[INFO] --- compiler:3.14.1:testCompile (default-testCompile) @ SWIReservationSystem ---
[INFO] Recompiling the module because of changed dependency.
[INFO] Compiling 8 source files with javac [debug parameters release 21] to target\test-classes
[INFO] 
[INFO] --- surefire:3.5.4:test (default-test) @ SWIReservationSystem ---
[INFO] Using auto detected provider org.apache.maven.surefire.junitplatform.JUnitPlatformProvider
[INFO] 
[INFO] -------------------------------------------------------
[INFO]  T E S T S
[INFO] -------------------------------------------------------
[INFO] Running org.example.reservation.BaselineV01VerificationTest
20:44:27.537 [main] INFO org.springframework.test.context.support.AnnotationConfigContextLoaderUtils -- Could not detect default configuration classes for test class [org.example.reservation.BaselineV01VerificationTest]: BaselineV01VerificationTest does not declare any static, non-private, non-final, nested classes annotated with @Configuration.
20:44:27.714 [main] INFO org.springframework.boot.test.context.SpringBootTestContextBootstrapper -- Found @SpringBootConfiguration org.example.reservation.ReservationApplication for test class org.example.reservation.BaselineV01VerificationTest
[INFO] Running OP-04 Cancel Reservation
20:44:27.888 [main] INFO org.springframework.test.context.support.AnnotationConfigContextLoaderUtils -- Could not detect default configuration classes for test class [org.example.reservation.BaselineV01VerificationTest$Op04Cancel]: Op04Cancel does not declare any static, non-private, non-final, nested classes annotated with @Configuration.
20:44:27.892 [main] INFO org.springframework.boot.test.context.SpringBootTestContextBootstrapper -- Found @SpringBootConfiguration org.example.reservation.ReservationApplication for test class org.example.reservation.BaselineV01VerificationTest$Op04Cancel

  .   ____          _            __ _ _
 /\\ / ___'_ __ _ _(_)_ __  __ _ \ \ \ \
( ( )\___ | '_ | '_| | '_ \/ _` | \ \ \ \
 \\/  ___)| |_)| | | | | || (_| |  ) ) ) )
  '  |____| .__|_| |_|_| |_\__, | / / / /
 =========|_|==============|___/=/_/_/_/

 :: Spring Boot ::                (v3.5.8)

2026-10-05T20:44:28.314+02:00  INFO 18696 --- [           main] o.e.r.BaselineV01VerificationTest        : Starting BaselineV01VerificationTest using Java 21.0.4 with PID 18696 (started by rosti in C:\Users\rosti\IdeaProjects\SWIReservationSystem)
2026-10-05T20:44:28.315+02:00  INFO 18696 --- [           main] o.e.r.BaselineV01VerificationTest        : No active profile set, falling back to 1 default profile: "default"
2026-10-05T20:44:29.412+02:00  INFO 18696 --- [           main] .s.d.r.c.RepositoryConfigurationDelegate : Bootstrapping Spring Data JPA repositories in DEFAULT mode.
2026-10-05T20:44:29.498+02:00  INFO 18696 --- [           main] .s.d.r.c.RepositoryConfigurationDelegate : Finished Spring Data repository scanning in 67 ms. Found 3 JPA repository interfaces.
2026-10-05T20:44:30.285+02:00  INFO 18696 --- [           main] o.hibernate.jpa.internal.util.LogHelper  : HHH000204: Processing PersistenceUnitInfo [name: default]
2026-10-05T20:44:30.391+02:00  INFO 18696 --- [           main] org.hibernate.Version                    : HHH000412: Hibernate ORM core version 6.6.36.Final
2026-10-05T20:44:30.454+02:00  INFO 18696 --- [           main] o.h.c.internal.RegionFactoryInitiator    : HHH000026: Second-level cache disabled
2026-10-05T20:44:31.013+02:00  INFO 18696 --- [           main] o.s.o.j.p.SpringPersistenceUnitInfo      : No LoadTimeWeaver setup: ignoring JPA class transformer
2026-10-05T20:44:31.060+02:00  INFO 18696 --- [           main] com.zaxxer.hikari.HikariDataSource       : HikariPool-1 - Starting...
2026-10-05T20:44:31.312+02:00  INFO 18696 --- [           main] com.zaxxer.hikari.pool.HikariPool        : HikariPool-1 - Added connection conn0: url=jdbc:h2:mem:swi_test user=SA
2026-10-05T20:44:31.314+02:00  INFO 18696 --- [           main] com.zaxxer.hikari.HikariDataSource       : HikariPool-1 - Start completed.
2026-10-05T20:44:31.390+02:00  INFO 18696 --- [           main] org.hibernate.orm.connections.pooling    : HHH10001005: Database info:
	Database JDBC URL [Connecting through datasource 'HikariDataSource (HikariPool-1)']
	Database driver: undefined/unknown
	Database version: 2.3.232
	Autocommit mode: undefined/unknown
	Isolation level: undefined/unknown
	Minimum pool size: undefined/unknown
	Maximum pool size: undefined/unknown
2026-10-05T20:44:32.522+02:00  INFO 18696 --- [           main] o.h.e.t.j.p.i.JtaPlatformInitiator       : HHH000489: No JTA platform available (set 'hibernate.transaction.jta.platform' to enable JTA platform integration)
Hibernate: drop table if exists app_user cascade 
Hibernate: drop table if exists court cascade 
Hibernate: drop table if exists reservation cascade 
Hibernate: create table app_user (id bigint generated by default as identity, email varchar(255) not null unique, full_name varchar(255) not null, role enum ('MEMBER','STAFF') not null, primary key (id))
Hibernate: create table court (active boolean not null, closing_time time(6) not null, opening_time time(6) not null, requires_approval boolean not null, id bigint generated by default as identity, location varchar(255) not null, name varchar(255) not null, type enum ('BADMINTON','BASKETBALL','FOOTBALL','SQUASH','TENNIS') not null, primary key (id))
Hibernate: create table reservation (approval_deadline timestamp(6), cancelled_at timestamp(6) with time zone, court_id bigint not null, created_at timestamp(6) with time zone not null, decided_at timestamp(6) with time zone, decided_by_id bigint, end_time timestamp(6) not null, id bigint generated by default as identity, start_time timestamp(6) not null, user_id bigint not null, version bigint not null, decision_reason varchar(500), state enum ('CANCELLED','CONFIRMED','DRAFT','EXPIRED','PENDING_APPROVAL','REJECTED') not null, primary key (id))
Hibernate: alter table if exists reservation add constraint FKpxnu37u6x3lp9jvebvujghn4e foreign key (court_id) references court
Hibernate: alter table if exists reservation add constraint FKjfh4sk669q9okl27ir86ldr3o foreign key (decided_by_id) references app_user
Hibernate: alter table if exists reservation add constraint FKm25r28103jb9lske61acewdlf foreign key (user_id) references app_user
2026-10-05T20:44:32.601+02:00  INFO 18696 --- [           main] j.LocalContainerEntityManagerFactoryBean : Initialized JPA EntityManagerFactory for persistence unit 'default'
2026-10-05T20:44:33.015+02:00  INFO 18696 --- [           main] o.s.d.j.r.query.QueryEnhancerFactory     : Hibernate is in classpath; If applicable, HQL parser will be used.
2026-10-05T20:44:33.963+02:00  WARN 18696 --- [           main] JpaBaseConfiguration$JpaWebConfiguration : spring.jpa.open-in-view is enabled by default. Therefore, database queries may be performed during view rendering. Explicitly configure spring.jpa.open-in-view to disable this warning
2026-10-05T20:44:34.623+02:00  INFO 18696 --- [           main] o.e.r.BaselineV01VerificationTest        : Started BaselineV01VerificationTest in 6.672 seconds (process running for 8.264)
Mockito is currently self-attaching to enable the inline-mock-maker. This will no longer work in future releases of the JDK. Please add Mockito as an agent to your build as described in Mockito's documentation: https://javadoc.io/doc/org.mockito/mockito-core/latest/org.mockito/org/mockito/Mockito.html#0.3
WARNING: A Java agent has been loaded dynamically (C:\Users\rosti\.m2\repository\net\bytebuddy\byte-buddy-agent\1.17.8\byte-buddy-agent-1.17.8.jar)
WARNING: If a serviceability tool is in use, please run with -XX:+EnableDynamicAgentLoading to hide this warning
WARNING: If a serviceability tool is not in use, please run with -Djdk.instrument.traceUsage for more information
WARNING: Dynamic loading of agents will be disallowed by default in a future release
Java HotSpot(TM) 64-Bit Server VM warning: Sharing is only supported for boot loader classes because bootstrap classpath has been appended
Hibernate: select r1_0.id,r1_0.approval_deadline,r1_0.cancelled_at,r1_0.court_id,r1_0.created_at,r1_0.decided_at,r1_0.decided_by_id,r1_0.decision_reason,r1_0.end_time,r1_0.start_time,r1_0.state,r1_0.user_id,r1_0.version from reservation r1_0
Hibernate: insert into court (active,closing_time,location,name,opening_time,requires_approval,type,id) values (?,?,?,?,?,?,?,default)
Hibernate: insert into court (active,closing_time,location,name,opening_time,requires_approval,type,id) values (?,?,?,?,?,?,?,default)
Hibernate: insert into app_user (email,full_name,role,id) values (?,?,?,default)
Hibernate: insert into app_user (email,full_name,role,id) values (?,?,?,default)
Hibernate: insert into app_user (email,full_name,role,id) values (?,?,?,default)
Hibernate: select au1_0.id,au1_0.email,au1_0.full_name,au1_0.role from app_user au1_0 where au1_0.id=?
Hibernate: select c1_0.id,c1_0.active,c1_0.closing_time,c1_0.location,c1_0.name,c1_0.opening_time,c1_0.requires_approval,c1_0.type from court c1_0 where c1_0.id=?
Hibernate: insert into reservation (approval_deadline,cancelled_at,court_id,created_at,decided_at,decided_by_id,decision_reason,end_time,start_time,state,user_id,version,id) values (?,?,?,?,?,?,?,?,?,?,?,?,default)
Hibernate: select au1_0.id,au1_0.email,au1_0.full_name,au1_0.role from app_user au1_0 where au1_0.id=?
Hibernate: select r1_0.id,r1_0.approval_deadline,r1_0.cancelled_at,r1_0.court_id,c1_0.id,c1_0.active,c1_0.closing_time,c1_0.location,c1_0.name,c1_0.opening_time,c1_0.requires_approval,c1_0.type,r1_0.created_at,r1_0.decided_at,db1_0.id,db1_0.email,db1_0.full_name,db1_0.role,r1_0.decision_reason,r1_0.end_time,r1_0.start_time,r1_0.state,r1_0.user_id,u1_0.id,u1_0.email,u1_0.full_name,u1_0.role,r1_0.version from reservation r1_0 join court c1_0 on c1_0.id=r1_0.court_id left join app_user db1_0 on db1_0.id=r1_0.decided_by_id join app_user u1_0 on u1_0.id=r1_0.user_id where r1_0.id=?
Hibernate: update reservation set approval_deadline=?,cancelled_at=?,court_id=?,decided_at=?,decided_by_id=?,decision_reason=?,end_time=?,start_time=?,state=?,user_id=?,version=? where id=? and version=?
Hibernate: select r1_0.id,r1_0.approval_deadline,r1_0.cancelled_at,r1_0.court_id,r1_0.created_at,r1_0.decided_at,r1_0.decided_by_id,r1_0.decision_reason,r1_0.end_time,r1_0.start_time,r1_0.state,r1_0.user_id,r1_0.version from reservation r1_0
Hibernate: select c1_0.id,c1_0.active,c1_0.closing_time,c1_0.location,c1_0.name,c1_0.opening_time,c1_0.requires_approval,c1_0.type from court c1_0 where c1_0.id=?
Hibernate: select au1_0.id,au1_0.email,au1_0.full_name,au1_0.role from app_user au1_0 where au1_0.id=?
Hibernate: delete from reservation where id=? and version=?
Hibernate: insert into court (active,closing_time,location,name,opening_time,requires_approval,type,id) values (?,?,?,?,?,?,?,default)
Hibernate: insert into court (active,closing_time,location,name,opening_time,requires_approval,type,id) values (?,?,?,?,?,?,?,default)
Hibernate: insert into app_user (email,full_name,role,id) values (?,?,?,default)
Hibernate: insert into app_user (email,full_name,role,id) values (?,?,?,default)
Hibernate: insert into app_user (email,full_name,role,id) values (?,?,?,default)
Hibernate: select au1_0.id,au1_0.email,au1_0.full_name,au1_0.role from app_user au1_0 where au1_0.id=?
Hibernate: select c1_0.id,c1_0.active,c1_0.closing_time,c1_0.location,c1_0.name,c1_0.opening_time,c1_0.requires_approval,c1_0.type from court c1_0 where c1_0.id=?
Hibernate: insert into reservation (approval_deadline,cancelled_at,court_id,created_at,decided_at,decided_by_id,decision_reason,end_time,start_time,state,user_id,version,id) values (?,?,?,?,?,?,?,?,?,?,?,?,default)
Hibernate: select au1_0.id,au1_0.email,au1_0.full_name,au1_0.role from app_user au1_0 where au1_0.id=?
Hibernate: select r1_0.id,r1_0.approval_deadline,r1_0.cancelled_at,r1_0.court_id,c1_0.id,c1_0.active,c1_0.closing_time,c1_0.location,c1_0.name,c1_0.opening_time,c1_0.requires_approval,c1_0.type,r1_0.created_at,r1_0.decided_at,db1_0.id,db1_0.email,db1_0.full_name,db1_0.role,r1_0.decision_reason,r1_0.end_time,r1_0.start_time,r1_0.state,r1_0.user_id,u1_0.id,u1_0.email,u1_0.full_name,u1_0.role,r1_0.version from reservation r1_0 join court c1_0 on c1_0.id=r1_0.court_id left join app_user db1_0 on db1_0.id=r1_0.decided_by_id join app_user u1_0 on u1_0.id=r1_0.user_id where r1_0.id=?
Hibernate: select c1_0.id,c1_0.active,c1_0.closing_time,c1_0.location,c1_0.name,c1_0.opening_time,c1_0.requires_approval,c1_0.type from court c1_0 where c1_0.id=? for update
Hibernate: select r1_0.id,r1_0.approval_deadline,r1_0.cancelled_at,r1_0.court_id,r1_0.created_at,r1_0.decided_at,r1_0.decided_by_id,r1_0.decision_reason,r1_0.end_time,r1_0.start_time,r1_0.state,r1_0.user_id,r1_0.version from reservation r1_0 where r1_0.court_id=? and r1_0.state in (?) and r1_0.start_time<? and ?<r1_0.end_time
Hibernate: update reservation set approval_deadline=?,cancelled_at=?,court_id=?,decided_at=?,decided_by_id=?,decision_reason=?,end_time=?,start_time=?,state=?,user_id=?,version=? where id=? and version=?
2026-10-05T20:44:35.536+02:00  INFO 18696 --- [           main] o.e.r.s.LoggingNotificationService       : NOTIFY owner alice+1239748681815800@example.com: reservation 2 for court 'Court 1' is CONFIRMED
Hibernate: select c1_0.id,c1_0.active,c1_0.closing_time,c1_0.location,c1_0.name,c1_0.opening_time,c1_0.requires_approval,c1_0.type from court c1_0 where c1_0.id=?
Hibernate: select r1_0.id,r1_0.approval_deadline,r1_0.cancelled_at,r1_0.court_id,r1_0.created_at,r1_0.decided_at,r1_0.decided_by_id,r1_0.decision_reason,r1_0.end_time,r1_0.start_time,r1_0.state,r1_0.user_id,r1_0.version from reservation r1_0 where r1_0.court_id=? and r1_0.state in (?) and r1_0.start_time<? and ?<r1_0.end_time
Hibernate: select r1_0.id,r1_0.approval_deadline,r1_0.cancelled_at,r1_0.court_id,r1_0.created_at,r1_0.decided_at,r1_0.decided_by_id,r1_0.decision_reason,r1_0.end_time,r1_0.start_time,r1_0.state,r1_0.user_id,r1_0.version from reservation r1_0 where r1_0.court_id=? and r1_0.state in (?) and r1_0.start_time<? and ?<r1_0.end_time
Hibernate: select au1_0.id,au1_0.email,au1_0.full_name,au1_0.role from app_user au1_0 where au1_0.id=?
Hibernate: select au1_0.id,au1_0.email,au1_0.full_name,au1_0.role from app_user au1_0 where au1_0.id=?
Hibernate: select r1_0.id,r1_0.approval_deadline,r1_0.cancelled_at,r1_0.court_id,c1_0.id,c1_0.active,c1_0.closing_time,c1_0.location,c1_0.name,c1_0.opening_time,c1_0.requires_approval,c1_0.type,r1_0.created_at,r1_0.decided_at,db1_0.id,db1_0.email,db1_0.full_name,db1_0.role,r1_0.decision_reason,r1_0.end_time,r1_0.start_time,r1_0.state,r1_0.user_id,u1_0.id,u1_0.email,u1_0.full_name,u1_0.role,r1_0.version from reservation r1_0 join court c1_0 on c1_0.id=r1_0.court_id left join app_user db1_0 on db1_0.id=r1_0.decided_by_id join app_user u1_0 on u1_0.id=r1_0.user_id where r1_0.id=?
Hibernate: update reservation set approval_deadline=?,cancelled_at=?,court_id=?,decided_at=?,decided_by_id=?,decision_reason=?,end_time=?,start_time=?,state=?,user_id=?,version=? where id=? and version=?
Hibernate: select r1_0.id,r1_0.approval_deadline,r1_0.cancelled_at,r1_0.court_id,c1_0.id,c1_0.active,c1_0.closing_time,c1_0.location,c1_0.name,c1_0.opening_time,c1_0.requires_approval,c1_0.type,r1_0.created_at,r1_0.decided_at,db1_0.id,db1_0.email,db1_0.full_name,db1_0.role,r1_0.decision_reason,r1_0.end_time,r1_0.start_time,r1_0.state,r1_0.user_id,u1_0.id,u1_0.email,u1_0.full_name,u1_0.role,r1_0.version from reservation r1_0 join court c1_0 on c1_0.id=r1_0.court_id left join app_user db1_0 on db1_0.id=r1_0.decided_by_id join app_user u1_0 on u1_0.id=r1_0.user_id where r1_0.id=?
Hibernate: select c1_0.id,c1_0.active,c1_0.closing_time,c1_0.location,c1_0.name,c1_0.opening_time,c1_0.requires_approval,c1_0.type from court c1_0 where c1_0.id=?
Hibernate: select r1_0.id,r1_0.approval_deadline,r1_0.cancelled_at,r1_0.court_id,r1_0.created_at,r1_0.decided_at,r1_0.decided_by_id,r1_0.decision_reason,r1_0.end_time,r1_0.start_time,r1_0.state,r1_0.user_id,r1_0.version from reservation r1_0 where r1_0.court_id=? and r1_0.state in (?) and r1_0.start_time<? and ?<r1_0.end_time
Hibernate: select r1_0.id,r1_0.approval_deadline,r1_0.cancelled_at,r1_0.court_id,r1_0.created_at,r1_0.decided_at,r1_0.decided_by_id,r1_0.decision_reason,r1_0.end_time,r1_0.start_time,r1_0.state,r1_0.user_id,r1_0.version from reservation r1_0 where r1_0.court_id=? and r1_0.state in (?) and r1_0.start_time<? and ?<r1_0.end_time
Hibernate: select r1_0.id,r1_0.approval_deadline,r1_0.cancelled_at,r1_0.court_id,r1_0.created_at,r1_0.decided_at,r1_0.decided_by_id,r1_0.decision_reason,r1_0.end_time,r1_0.start_time,r1_0.state,r1_0.user_id,r1_0.version from reservation r1_0
Hibernate: select c1_0.id,c1_0.active,c1_0.closing_time,c1_0.location,c1_0.name,c1_0.opening_time,c1_0.requires_approval,c1_0.type from court c1_0 where c1_0.id=?
Hibernate: select au1_0.id,au1_0.email,au1_0.full_name,au1_0.role from app_user au1_0 where au1_0.id=?
Hibernate: delete from reservation where id=? and version=?
Hibernate: insert into court (active,closing_time,location,name,opening_time,requires_approval,type,id) values (?,?,?,?,?,?,?,default)
Hibernate: insert into court (active,closing_time,location,name,opening_time,requires_approval,type,id) values (?,?,?,?,?,?,?,default)
Hibernate: insert into app_user (email,full_name,role,id) values (?,?,?,default)
Hibernate: insert into app_user (email,full_name,role,id) values (?,?,?,default)
Hibernate: insert into app_user (email,full_name,role,id) values (?,?,?,default)
Hibernate: select au1_0.id,au1_0.email,au1_0.full_name,au1_0.role from app_user au1_0 where au1_0.id=?
Hibernate: select c1_0.id,c1_0.active,c1_0.closing_time,c1_0.location,c1_0.name,c1_0.opening_time,c1_0.requires_approval,c1_0.type from court c1_0 where c1_0.id=?
Hibernate: insert into reservation (approval_deadline,cancelled_at,court_id,created_at,decided_at,decided_by_id,decision_reason,end_time,start_time,state,user_id,version,id) values (?,?,?,?,?,?,?,?,?,?,?,?,default)
Hibernate: select au1_0.id,au1_0.email,au1_0.full_name,au1_0.role from app_user au1_0 where au1_0.id=?
Hibernate: select r1_0.id,r1_0.approval_deadline,r1_0.cancelled_at,r1_0.court_id,c1_0.id,c1_0.active,c1_0.closing_time,c1_0.location,c1_0.name,c1_0.opening_time,c1_0.requires_approval,c1_0.type,r1_0.created_at,r1_0.decided_at,db1_0.id,db1_0.email,db1_0.full_name,db1_0.role,r1_0.decision_reason,r1_0.end_time,r1_0.start_time,r1_0.state,r1_0.user_id,u1_0.id,u1_0.email,u1_0.full_name,u1_0.role,r1_0.version from reservation r1_0 join court c1_0 on c1_0.id=r1_0.court_id left join app_user db1_0 on db1_0.id=r1_0.decided_by_id join app_user u1_0 on u1_0.id=r1_0.user_id where r1_0.id=?
Hibernate: update reservation set approval_deadline=?,cancelled_at=?,court_id=?,decided_at=?,decided_by_id=?,decision_reason=?,end_time=?,start_time=?,state=?,user_id=?,version=? where id=? and version=?
Hibernate: select r1_0.id,r1_0.approval_deadline,r1_0.cancelled_at,r1_0.court_id,c1_0.id,c1_0.active,c1_0.closing_time,c1_0.location,c1_0.name,c1_0.opening_time,c1_0.requires_approval,c1_0.type,r1_0.created_at,r1_0.decided_at,db1_0.id,db1_0.email,db1_0.full_name,db1_0.role,r1_0.decision_reason,r1_0.end_time,r1_0.start_time,r1_0.state,r1_0.user_id,u1_0.id,u1_0.email,u1_0.full_name,u1_0.role,r1_0.version from reservation r1_0 join court c1_0 on c1_0.id=r1_0.court_id left join app_user db1_0 on db1_0.id=r1_0.decided_by_id join app_user u1_0 on u1_0.id=r1_0.user_id where r1_0.id=?
Hibernate: select au1_0.id,au1_0.email,au1_0.full_name,au1_0.role from app_user au1_0 where au1_0.id=?
Hibernate: select r1_0.id,r1_0.approval_deadline,r1_0.cancelled_at,r1_0.court_id,c1_0.id,c1_0.active,c1_0.closing_time,c1_0.location,c1_0.name,c1_0.opening_time,c1_0.requires_approval,c1_0.type,r1_0.created_at,r1_0.decided_at,db1_0.id,db1_0.email,db1_0.full_name,db1_0.role,r1_0.decision_reason,r1_0.end_time,r1_0.start_time,r1_0.state,r1_0.user_id,u1_0.id,u1_0.email,u1_0.full_name,u1_0.role,r1_0.version from reservation r1_0 join court c1_0 on c1_0.id=r1_0.court_id left join app_user db1_0 on db1_0.id=r1_0.decided_by_id join app_user u1_0 on u1_0.id=r1_0.user_id where r1_0.id=?
Hibernate: select r1_0.id,r1_0.approval_deadline,r1_0.cancelled_at,r1_0.court_id,c1_0.id,c1_0.active,c1_0.closing_time,c1_0.location,c1_0.name,c1_0.opening_time,c1_0.requires_approval,c1_0.type,r1_0.created_at,r1_0.decided_at,db1_0.id,db1_0.email,db1_0.full_name,db1_0.role,r1_0.decision_reason,r1_0.end_time,r1_0.start_time,r1_0.state,r1_0.user_id,u1_0.id,u1_0.email,u1_0.full_name,u1_0.role,r1_0.version from reservation r1_0 join court c1_0 on c1_0.id=r1_0.court_id left join app_user db1_0 on db1_0.id=r1_0.decided_by_id join app_user u1_0 on u1_0.id=r1_0.user_id where r1_0.id=?
Hibernate: select r1_0.id,r1_0.approval_deadline,r1_0.cancelled_at,r1_0.court_id,r1_0.created_at,r1_0.decided_at,r1_0.decided_by_id,r1_0.decision_reason,r1_0.end_time,r1_0.start_time,r1_0.state,r1_0.user_id,r1_0.version from reservation r1_0
Hibernate: select c1_0.id,c1_0.active,c1_0.closing_time,c1_0.location,c1_0.name,c1_0.opening_time,c1_0.requires_approval,c1_0.type from court c1_0 where c1_0.id=?
Hibernate: select au1_0.id,au1_0.email,au1_0.full_name,au1_0.role from app_user au1_0 where au1_0.id=?
Hibernate: delete from reservation where id=? and version=?
Hibernate: insert into court (active,closing_time,location,name,opening_time,requires_approval,type,id) values (?,?,?,?,?,?,?,default)
Hibernate: insert into court (active,closing_time,location,name,opening_time,requires_approval,type,id) values (?,?,?,?,?,?,?,default)
Hibernate: insert into app_user (email,full_name,role,id) values (?,?,?,default)
Hibernate: insert into app_user (email,full_name,role,id) values (?,?,?,default)
Hibernate: insert into app_user (email,full_name,role,id) values (?,?,?,default)
Hibernate: select au1_0.id,au1_0.email,au1_0.full_name,au1_0.role from app_user au1_0 where au1_0.id=?
Hibernate: select c1_0.id,c1_0.active,c1_0.closing_time,c1_0.location,c1_0.name,c1_0.opening_time,c1_0.requires_approval,c1_0.type from court c1_0 where c1_0.id=?
Hibernate: insert into reservation (approval_deadline,cancelled_at,court_id,created_at,decided_at,decided_by_id,decision_reason,end_time,start_time,state,user_id,version,id) values (?,?,?,?,?,?,?,?,?,?,?,?,default)
Hibernate: select au1_0.id,au1_0.email,au1_0.full_name,au1_0.role from app_user au1_0 where au1_0.id=?
Hibernate: select r1_0.id,r1_0.approval_deadline,r1_0.cancelled_at,r1_0.court_id,c1_0.id,c1_0.active,c1_0.closing_time,c1_0.location,c1_0.name,c1_0.opening_time,c1_0.requires_approval,c1_0.type,r1_0.created_at,r1_0.decided_at,db1_0.id,db1_0.email,db1_0.full_name,db1_0.role,r1_0.decision_reason,r1_0.end_time,r1_0.start_time,r1_0.state,r1_0.user_id,u1_0.id,u1_0.email,u1_0.full_name,u1_0.role,r1_0.version from reservation r1_0 join court c1_0 on c1_0.id=r1_0.court_id left join app_user db1_0 on db1_0.id=r1_0.decided_by_id join app_user u1_0 on u1_0.id=r1_0.user_id where r1_0.id=?
Hibernate: select c1_0.id,c1_0.active,c1_0.closing_time,c1_0.location,c1_0.name,c1_0.opening_time,c1_0.requires_approval,c1_0.type from court c1_0 where c1_0.id=? for update
Hibernate: select r1_0.id,r1_0.approval_deadline,r1_0.cancelled_at,r1_0.court_id,r1_0.created_at,r1_0.decided_at,r1_0.decided_by_id,r1_0.decision_reason,r1_0.end_time,r1_0.start_time,r1_0.state,r1_0.user_id,r1_0.version from reservation r1_0 where r1_0.court_id=? and r1_0.state in (?) and r1_0.start_time<? and ?<r1_0.end_time
Hibernate: update reservation set approval_deadline=?,cancelled_at=?,court_id=?,decided_at=?,decided_by_id=?,decision_reason=?,end_time=?,start_time=?,state=?,user_id=?,version=? where id=? and version=?
2026-10-05T20:44:35.640+02:00  INFO 18696 --- [           main] o.e.r.s.LoggingNotificationService       : NOTIFY owner alice+1239748814361500@example.com: reservation 4 for court 'Court 1' is CONFIRMED
Hibernate: select au1_0.id,au1_0.email,au1_0.full_name,au1_0.role from app_user au1_0 where au1_0.id=?
Hibernate: select r1_0.id,r1_0.approval_deadline,r1_0.cancelled_at,r1_0.court_id,c1_0.id,c1_0.active,c1_0.closing_time,c1_0.location,c1_0.name,c1_0.opening_time,c1_0.requires_approval,c1_0.type,r1_0.created_at,r1_0.decided_at,db1_0.id,db1_0.email,db1_0.full_name,db1_0.role,r1_0.decision_reason,r1_0.end_time,r1_0.start_time,r1_0.state,r1_0.user_id,u1_0.id,u1_0.email,u1_0.full_name,u1_0.role,r1_0.version from reservation r1_0 join court c1_0 on c1_0.id=r1_0.court_id left join app_user db1_0 on db1_0.id=r1_0.decided_by_id join app_user u1_0 on u1_0.id=r1_0.user_id where r1_0.id=?
Hibernate: select r1_0.id,r1_0.approval_deadline,r1_0.cancelled_at,r1_0.court_id,c1_0.id,c1_0.active,c1_0.closing_time,c1_0.location,c1_0.name,c1_0.opening_time,c1_0.requires_approval,c1_0.type,r1_0.created_at,r1_0.decided_at,db1_0.id,db1_0.email,db1_0.full_name,db1_0.role,r1_0.decision_reason,r1_0.end_time,r1_0.start_time,r1_0.state,r1_0.user_id,u1_0.id,u1_0.email,u1_0.full_name,u1_0.role,r1_0.version from reservation r1_0 join court c1_0 on c1_0.id=r1_0.court_id left join app_user db1_0 on db1_0.id=r1_0.decided_by_id join app_user u1_0 on u1_0.id=r1_0.user_id where r1_0.id=?
Hibernate: select r1_0.id,r1_0.approval_deadline,r1_0.cancelled_at,r1_0.court_id,r1_0.created_at,r1_0.decided_at,r1_0.decided_by_id,r1_0.decision_reason,r1_0.end_time,r1_0.start_time,r1_0.state,r1_0.user_id,r1_0.version from reservation r1_0
Hibernate: select c1_0.id,c1_0.active,c1_0.closing_time,c1_0.location,c1_0.name,c1_0.opening_time,c1_0.requires_approval,c1_0.type from court c1_0 where c1_0.id=?
Hibernate: select au1_0.id,au1_0.email,au1_0.full_name,au1_0.role from app_user au1_0 where au1_0.id=?
Hibernate: delete from reservation where id=? and version=?
Hibernate: insert into court (active,closing_time,location,name,opening_time,requires_approval,type,id) values (?,?,?,?,?,?,?,default)
Hibernate: insert into court (active,closing_time,location,name,opening_time,requires_approval,type,id) values (?,?,?,?,?,?,?,default)
Hibernate: insert into app_user (email,full_name,role,id) values (?,?,?,default)
Hibernate: insert into app_user (email,full_name,role,id) values (?,?,?,default)
Hibernate: insert into app_user (email,full_name,role,id) values (?,?,?,default)
Hibernate: select au1_0.id,au1_0.email,au1_0.full_name,au1_0.role from app_user au1_0 where au1_0.id=?
Hibernate: select c1_0.id,c1_0.active,c1_0.closing_time,c1_0.location,c1_0.name,c1_0.opening_time,c1_0.requires_approval,c1_0.type from court c1_0 where c1_0.id=?
Hibernate: insert into reservation (approval_deadline,cancelled_at,court_id,created_at,decided_at,decided_by_id,decision_reason,end_time,start_time,state,user_id,version,id) values (?,?,?,?,?,?,?,?,?,?,?,?,default)
Hibernate: select au1_0.id,au1_0.email,au1_0.full_name,au1_0.role from app_user au1_0 where au1_0.id=?
Hibernate: select r1_0.id,r1_0.approval_deadline,r1_0.cancelled_at,r1_0.court_id,c1_0.id,c1_0.active,c1_0.closing_time,c1_0.location,c1_0.name,c1_0.opening_time,c1_0.requires_approval,c1_0.type,r1_0.created_at,r1_0.decided_at,db1_0.id,db1_0.email,db1_0.full_name,db1_0.role,r1_0.decision_reason,r1_0.end_time,r1_0.start_time,r1_0.state,r1_0.user_id,u1_0.id,u1_0.email,u1_0.full_name,u1_0.role,r1_0.version from reservation r1_0 join court c1_0 on c1_0.id=r1_0.court_id left join app_user db1_0 on db1_0.id=r1_0.decided_by_id join app_user u1_0 on u1_0.id=r1_0.user_id where r1_0.id=?
Hibernate: select c1_0.id,c1_0.active,c1_0.closing_time,c1_0.location,c1_0.name,c1_0.opening_time,c1_0.requires_approval,c1_0.type from court c1_0 where c1_0.id=? for update
Hibernate: select r1_0.id,r1_0.approval_deadline,r1_0.cancelled_at,r1_0.court_id,r1_0.created_at,r1_0.decided_at,r1_0.decided_by_id,r1_0.decision_reason,r1_0.end_time,r1_0.start_time,r1_0.state,r1_0.user_id,r1_0.version from reservation r1_0 where r1_0.court_id=? and r1_0.state in (?) and r1_0.start_time<? and ?<r1_0.end_time
Hibernate: update reservation set approval_deadline=?,cancelled_at=?,court_id=?,decided_at=?,decided_by_id=?,decision_reason=?,end_time=?,start_time=?,state=?,user_id=?,version=? where id=? and version=?
2026-10-05T20:44:35.707+02:00  INFO 18696 --- [           main] o.e.r.s.LoggingNotificationService       : NOTIFY owner alice+1239748880554800@example.com: reservation 5 for court 'Court 1' is CONFIRMED
Hibernate: select au1_0.id,au1_0.email,au1_0.full_name,au1_0.role from app_user au1_0 where au1_0.id=?
Hibernate: select r1_0.id,r1_0.approval_deadline,r1_0.cancelled_at,r1_0.court_id,c1_0.id,c1_0.active,c1_0.closing_time,c1_0.location,c1_0.name,c1_0.opening_time,c1_0.requires_approval,c1_0.type,r1_0.created_at,r1_0.decided_at,db1_0.id,db1_0.email,db1_0.full_name,db1_0.role,r1_0.decision_reason,r1_0.end_time,r1_0.start_time,r1_0.state,r1_0.user_id,u1_0.id,u1_0.email,u1_0.full_name,u1_0.role,r1_0.version from reservation r1_0 join court c1_0 on c1_0.id=r1_0.court_id left join app_user db1_0 on db1_0.id=r1_0.decided_by_id join app_user u1_0 on u1_0.id=r1_0.user_id where r1_0.id=?
Hibernate: select r1_0.id,r1_0.approval_deadline,r1_0.cancelled_at,r1_0.court_id,c1_0.id,c1_0.active,c1_0.closing_time,c1_0.location,c1_0.name,c1_0.opening_time,c1_0.requires_approval,c1_0.type,r1_0.created_at,r1_0.decided_at,db1_0.id,db1_0.email,db1_0.full_name,db1_0.role,r1_0.decision_reason,r1_0.end_time,r1_0.start_time,r1_0.state,r1_0.user_id,u1_0.id,u1_0.email,u1_0.full_name,u1_0.role,r1_0.version from reservation r1_0 join court c1_0 on c1_0.id=r1_0.court_id left join app_user db1_0 on db1_0.id=r1_0.decided_by_id join app_user u1_0 on u1_0.id=r1_0.user_id where r1_0.id=?
Hibernate: select r1_0.id,r1_0.approval_deadline,r1_0.cancelled_at,r1_0.court_id,r1_0.created_at,r1_0.decided_at,r1_0.decided_by_id,r1_0.decision_reason,r1_0.end_time,r1_0.start_time,r1_0.state,r1_0.user_id,r1_0.version from reservation r1_0
Hibernate: select c1_0.id,c1_0.active,c1_0.closing_time,c1_0.location,c1_0.name,c1_0.opening_time,c1_0.requires_approval,c1_0.type from court c1_0 where c1_0.id=?
Hibernate: select au1_0.id,au1_0.email,au1_0.full_name,au1_0.role from app_user au1_0 where au1_0.id=?
Hibernate: delete from reservation where id=? and version=?
Hibernate: insert into court (active,closing_time,location,name,opening_time,requires_approval,type,id) values (?,?,?,?,?,?,?,default)
Hibernate: insert into court (active,closing_time,location,name,opening_time,requires_approval,type,id) values (?,?,?,?,?,?,?,default)
Hibernate: insert into app_user (email,full_name,role,id) values (?,?,?,default)
Hibernate: insert into app_user (email,full_name,role,id) values (?,?,?,default)
Hibernate: insert into app_user (email,full_name,role,id) values (?,?,?,default)
Hibernate: select au1_0.id,au1_0.email,au1_0.full_name,au1_0.role from app_user au1_0 where au1_0.id=?
Hibernate: select c1_0.id,c1_0.active,c1_0.closing_time,c1_0.location,c1_0.name,c1_0.opening_time,c1_0.requires_approval,c1_0.type from court c1_0 where c1_0.id=?
Hibernate: insert into reservation (approval_deadline,cancelled_at,court_id,created_at,decided_at,decided_by_id,decision_reason,end_time,start_time,state,user_id,version,id) values (?,?,?,?,?,?,?,?,?,?,?,?,default)
Hibernate: select au1_0.id,au1_0.email,au1_0.full_name,au1_0.role from app_user au1_0 where au1_0.id=?
Hibernate: select r1_0.id,r1_0.approval_deadline,r1_0.cancelled_at,r1_0.court_id,c1_0.id,c1_0.active,c1_0.closing_time,c1_0.location,c1_0.name,c1_0.opening_time,c1_0.requires_approval,c1_0.type,r1_0.created_at,r1_0.decided_at,db1_0.id,db1_0.email,db1_0.full_name,db1_0.role,r1_0.decision_reason,r1_0.end_time,r1_0.start_time,r1_0.state,r1_0.user_id,u1_0.id,u1_0.email,u1_0.full_name,u1_0.role,r1_0.version from reservation r1_0 join court c1_0 on c1_0.id=r1_0.court_id left join app_user db1_0 on db1_0.id=r1_0.decided_by_id join app_user u1_0 on u1_0.id=r1_0.user_id where r1_0.id=?
Hibernate: select c1_0.id,c1_0.active,c1_0.closing_time,c1_0.location,c1_0.name,c1_0.opening_time,c1_0.requires_approval,c1_0.type from court c1_0 where c1_0.id=? for update
Hibernate: select r1_0.id,r1_0.approval_deadline,r1_0.cancelled_at,r1_0.court_id,r1_0.created_at,r1_0.decided_at,r1_0.decided_by_id,r1_0.decision_reason,r1_0.end_time,r1_0.start_time,r1_0.state,r1_0.user_id,r1_0.version from reservation r1_0 where r1_0.court_id=? and r1_0.state in (?) and r1_0.start_time<? and ?<r1_0.end_time
Hibernate: update reservation set approval_deadline=?,cancelled_at=?,court_id=?,decided_at=?,decided_by_id=?,decision_reason=?,end_time=?,start_time=?,state=?,user_id=?,version=? where id=? and version=?
2026-10-05T20:44:35.762+02:00  INFO 18696 --- [           main] o.e.r.s.LoggingNotificationService       : NOTIFY owner alice+1239748939771800@example.com: reservation 6 for court 'Court 1' is CONFIRMED
Hibernate: select au1_0.id,au1_0.email,au1_0.full_name,au1_0.role from app_user au1_0 where au1_0.id=?
Hibernate: select r1_0.id,r1_0.approval_deadline,r1_0.cancelled_at,r1_0.court_id,c1_0.id,c1_0.active,c1_0.closing_time,c1_0.location,c1_0.name,c1_0.opening_time,c1_0.requires_approval,c1_0.type,r1_0.created_at,r1_0.decided_at,db1_0.id,db1_0.email,db1_0.full_name,db1_0.role,r1_0.decision_reason,r1_0.end_time,r1_0.start_time,r1_0.state,r1_0.user_id,u1_0.id,u1_0.email,u1_0.full_name,u1_0.role,r1_0.version from reservation r1_0 join court c1_0 on c1_0.id=r1_0.court_id left join app_user db1_0 on db1_0.id=r1_0.decided_by_id join app_user u1_0 on u1_0.id=r1_0.user_id where r1_0.id=?
Hibernate: select r1_0.id,r1_0.approval_deadline,r1_0.cancelled_at,r1_0.court_id,c1_0.id,c1_0.active,c1_0.closing_time,c1_0.location,c1_0.name,c1_0.opening_time,c1_0.requires_approval,c1_0.type,r1_0.created_at,r1_0.decided_at,db1_0.id,db1_0.email,db1_0.full_name,db1_0.role,r1_0.decision_reason,r1_0.end_time,r1_0.start_time,r1_0.state,r1_0.user_id,u1_0.id,u1_0.email,u1_0.full_name,u1_0.role,r1_0.version from reservation r1_0 join court c1_0 on c1_0.id=r1_0.court_id left join app_user db1_0 on db1_0.id=r1_0.decided_by_id join app_user u1_0 on u1_0.id=r1_0.user_id where r1_0.id=?
Hibernate: select r1_0.id,r1_0.approval_deadline,r1_0.cancelled_at,r1_0.court_id,r1_0.created_at,r1_0.decided_at,r1_0.decided_by_id,r1_0.decision_reason,r1_0.end_time,r1_0.start_time,r1_0.state,r1_0.user_id,r1_0.version from reservation r1_0
Hibernate: select c1_0.id,c1_0.active,c1_0.closing_time,c1_0.location,c1_0.name,c1_0.opening_time,c1_0.requires_approval,c1_0.type from court c1_0 where c1_0.id=?
Hibernate: select au1_0.id,au1_0.email,au1_0.full_name,au1_0.role from app_user au1_0 where au1_0.id=?
Hibernate: delete from reservation where id=? and version=?
Hibernate: insert into court (active,closing_time,location,name,opening_time,requires_approval,type,id) values (?,?,?,?,?,?,?,default)
Hibernate: insert into court (active,closing_time,location,name,opening_time,requires_approval,type,id) values (?,?,?,?,?,?,?,default)
Hibernate: insert into app_user (email,full_name,role,id) values (?,?,?,default)
Hibernate: insert into app_user (email,full_name,role,id) values (?,?,?,default)
Hibernate: insert into app_user (email,full_name,role,id) values (?,?,?,default)
Hibernate: select au1_0.id,au1_0.email,au1_0.full_name,au1_0.role from app_user au1_0 where au1_0.id=?
Hibernate: select c1_0.id,c1_0.active,c1_0.closing_time,c1_0.location,c1_0.name,c1_0.opening_time,c1_0.requires_approval,c1_0.type from court c1_0 where c1_0.id=?
Hibernate: insert into reservation (approval_deadline,cancelled_at,court_id,created_at,decided_at,decided_by_id,decision_reason,end_time,start_time,state,user_id,version,id) values (?,?,?,?,?,?,?,?,?,?,?,?,default)
Hibernate: select au1_0.id,au1_0.email,au1_0.full_name,au1_0.role from app_user au1_0 where au1_0.id=?
Hibernate: select r1_0.id,r1_0.approval_deadline,r1_0.cancelled_at,r1_0.court_id,c1_0.id,c1_0.active,c1_0.closing_time,c1_0.location,c1_0.name,c1_0.opening_time,c1_0.requires_approval,c1_0.type,r1_0.created_at,r1_0.decided_at,db1_0.id,db1_0.email,db1_0.full_name,db1_0.role,r1_0.decision_reason,r1_0.end_time,r1_0.start_time,r1_0.state,r1_0.user_id,u1_0.id,u1_0.email,u1_0.full_name,u1_0.role,r1_0.version from reservation r1_0 join court c1_0 on c1_0.id=r1_0.court_id left join app_user db1_0 on db1_0.id=r1_0.decided_by_id join app_user u1_0 on u1_0.id=r1_0.user_id where r1_0.id=?
Hibernate: select c1_0.id,c1_0.active,c1_0.closing_time,c1_0.location,c1_0.name,c1_0.opening_time,c1_0.requires_approval,c1_0.type from court c1_0 where c1_0.id=? for update
Hibernate: select r1_0.id,r1_0.approval_deadline,r1_0.cancelled_at,r1_0.court_id,r1_0.created_at,r1_0.decided_at,r1_0.decided_by_id,r1_0.decision_reason,r1_0.end_time,r1_0.start_time,r1_0.state,r1_0.user_id,r1_0.version from reservation r1_0 where r1_0.court_id=? and r1_0.state in (?) and r1_0.start_time<? and ?<r1_0.end_time
Hibernate: update reservation set approval_deadline=?,cancelled_at=?,court_id=?,decided_at=?,decided_by_id=?,decision_reason=?,end_time=?,start_time=?,state=?,user_id=?,version=? where id=? and version=?
2026-10-05T20:44:35.835+02:00  INFO 18696 --- [           main] o.e.r.s.LoggingNotificationService       : NOTIFY owner alice+1239749010192800@example.com: reservation 7 for court 'Court 1' is CONFIRMED
Hibernate: select au1_0.id,au1_0.email,au1_0.full_name,au1_0.role from app_user au1_0 where au1_0.id=?
Hibernate: select r1_0.id,r1_0.approval_deadline,r1_0.cancelled_at,r1_0.court_id,c1_0.id,c1_0.active,c1_0.closing_time,c1_0.location,c1_0.name,c1_0.opening_time,c1_0.requires_approval,c1_0.type,r1_0.created_at,r1_0.decided_at,db1_0.id,db1_0.email,db1_0.full_name,db1_0.role,r1_0.decision_reason,r1_0.end_time,r1_0.start_time,r1_0.state,r1_0.user_id,u1_0.id,u1_0.email,u1_0.full_name,u1_0.role,r1_0.version from reservation r1_0 join court c1_0 on c1_0.id=r1_0.court_id left join app_user db1_0 on db1_0.id=r1_0.decided_by_id join app_user u1_0 on u1_0.id=r1_0.user_id where r1_0.id=?
Hibernate: update reservation set approval_deadline=?,cancelled_at=?,court_id=?,decided_at=?,decided_by_id=?,decision_reason=?,end_time=?,start_time=?,state=?,user_id=?,version=? where id=? and version=?
Hibernate: select r1_0.id,r1_0.approval_deadline,r1_0.cancelled_at,r1_0.court_id,r1_0.created_at,r1_0.decided_at,r1_0.decided_by_id,r1_0.decision_reason,r1_0.end_time,r1_0.start_time,r1_0.state,r1_0.user_id,r1_0.version from reservation r1_0
Hibernate: select c1_0.id,c1_0.active,c1_0.closing_time,c1_0.location,c1_0.name,c1_0.opening_time,c1_0.requires_approval,c1_0.type from court c1_0 where c1_0.id=?
Hibernate: select au1_0.id,au1_0.email,au1_0.full_name,au1_0.role from app_user au1_0 where au1_0.id=?
Hibernate: delete from reservation where id=? and version=?
Hibernate: insert into court (active,closing_time,location,name,opening_time,requires_approval,type,id) values (?,?,?,?,?,?,?,default)
Hibernate: insert into court (active,closing_time,location,name,opening_time,requires_approval,type,id) values (?,?,?,?,?,?,?,default)
Hibernate: insert into app_user (email,full_name,role,id) values (?,?,?,default)
Hibernate: insert into app_user (email,full_name,role,id) values (?,?,?,default)
Hibernate: insert into app_user (email,full_name,role,id) values (?,?,?,default)
Hibernate: select au1_0.id,au1_0.email,au1_0.full_name,au1_0.role from app_user au1_0 where au1_0.id=?
Hibernate: select c1_0.id,c1_0.active,c1_0.closing_time,c1_0.location,c1_0.name,c1_0.opening_time,c1_0.requires_approval,c1_0.type from court c1_0 where c1_0.id=?
Hibernate: insert into reservation (approval_deadline,cancelled_at,court_id,created_at,decided_at,decided_by_id,decision_reason,end_time,start_time,state,user_id,version,id) values (?,?,?,?,?,?,?,?,?,?,?,?,default)
Hibernate: select au1_0.id,au1_0.email,au1_0.full_name,au1_0.role from app_user au1_0 where au1_0.id=?
Hibernate: select r1_0.id,r1_0.approval_deadline,r1_0.cancelled_at,r1_0.court_id,c1_0.id,c1_0.active,c1_0.closing_time,c1_0.location,c1_0.name,c1_0.opening_time,c1_0.requires_approval,c1_0.type,r1_0.created_at,r1_0.decided_at,db1_0.id,db1_0.email,db1_0.full_name,db1_0.role,r1_0.decision_reason,r1_0.end_time,r1_0.start_time,r1_0.state,r1_0.user_id,u1_0.id,u1_0.email,u1_0.full_name,u1_0.role,r1_0.version from reservation r1_0 join court c1_0 on c1_0.id=r1_0.court_id left join app_user db1_0 on db1_0.id=r1_0.decided_by_id join app_user u1_0 on u1_0.id=r1_0.user_id where r1_0.id=?
Hibernate: select c1_0.id,c1_0.active,c1_0.closing_time,c1_0.location,c1_0.name,c1_0.opening_time,c1_0.requires_approval,c1_0.type from court c1_0 where c1_0.id=? for update
Hibernate: select r1_0.id,r1_0.approval_deadline,r1_0.cancelled_at,r1_0.court_id,r1_0.created_at,r1_0.decided_at,r1_0.decided_by_id,r1_0.decision_reason,r1_0.end_time,r1_0.start_time,r1_0.state,r1_0.user_id,r1_0.version from reservation r1_0 where r1_0.court_id=? and r1_0.state in (?) and r1_0.start_time<? and ?<r1_0.end_time
Hibernate: update reservation set approval_deadline=?,cancelled_at=?,court_id=?,decided_at=?,decided_by_id=?,decision_reason=?,end_time=?,start_time=?,state=?,user_id=?,version=? where id=? and version=?
2026-10-05T20:44:35.912+02:00  INFO 18696 --- [           main] o.e.r.s.LoggingNotificationService       : NOTIFY owner alice+1239749079925900@example.com: reservation 8 for court 'Court 1' is CONFIRMED
Hibernate: select au1_0.id,au1_0.email,au1_0.full_name,au1_0.role from app_user au1_0 where au1_0.id=?
Hibernate: select r1_0.id,r1_0.approval_deadline,r1_0.cancelled_at,r1_0.court_id,c1_0.id,c1_0.active,c1_0.closing_time,c1_0.location,c1_0.name,c1_0.opening_time,c1_0.requires_approval,c1_0.type,r1_0.created_at,r1_0.decided_at,db1_0.id,db1_0.email,db1_0.full_name,db1_0.role,r1_0.decision_reason,r1_0.end_time,r1_0.start_time,r1_0.state,r1_0.user_id,u1_0.id,u1_0.email,u1_0.full_name,u1_0.role,r1_0.version from reservation r1_0 join court c1_0 on c1_0.id=r1_0.court_id left join app_user db1_0 on db1_0.id=r1_0.decided_by_id join app_user u1_0 on u1_0.id=r1_0.user_id where r1_0.id=?
Hibernate: update reservation set approval_deadline=?,cancelled_at=?,court_id=?,decided_at=?,decided_by_id=?,decision_reason=?,end_time=?,start_time=?,state=?,user_id=?,version=? where id=? and version=?
Hibernate: select r1_0.id,r1_0.approval_deadline,r1_0.cancelled_at,r1_0.court_id,c1_0.id,c1_0.active,c1_0.closing_time,c1_0.location,c1_0.name,c1_0.opening_time,c1_0.requires_approval,c1_0.type,r1_0.created_at,r1_0.decided_at,db1_0.id,db1_0.email,db1_0.full_name,db1_0.role,r1_0.decision_reason,r1_0.end_time,r1_0.start_time,r1_0.state,r1_0.user_id,u1_0.id,u1_0.email,u1_0.full_name,u1_0.role,r1_0.version from reservation r1_0 join court c1_0 on c1_0.id=r1_0.court_id left join app_user db1_0 on db1_0.id=r1_0.decided_by_id join app_user u1_0 on u1_0.id=r1_0.user_id where r1_0.id=?
[INFO] Tests run: 8, Failures: 0, Errors: 0, Skipped: 0, Time elapsed: 8.043 s -- in OP-04 Cancel Reservation
[INFO] Running OP-03 Confirm Reservation
2026-10-05T20:44:35.928+02:00  INFO 18696 --- [           main] t.c.s.AnnotationConfigContextLoaderUtils : Could not detect default configuration classes for test class [org.example.reservation.BaselineV01VerificationTest$Op03Confirm]: Op03Confirm does not declare any static, non-private, non-final, nested classes annotated with @Configuration.
2026-10-05T20:44:35.931+02:00  INFO 18696 --- [           main] .b.t.c.SpringBootTestContextBootstrapper : Found @SpringBootConfiguration org.example.reservation.ReservationApplication for test class org.example.reservation.BaselineV01VerificationTest$Op03Confirm
Hibernate: select r1_0.id,r1_0.approval_deadline,r1_0.cancelled_at,r1_0.court_id,r1_0.created_at,r1_0.decided_at,r1_0.decided_by_id,r1_0.decision_reason,r1_0.end_time,r1_0.start_time,r1_0.state,r1_0.user_id,r1_0.version from reservation r1_0
Hibernate: select c1_0.id,c1_0.active,c1_0.closing_time,c1_0.location,c1_0.name,c1_0.opening_time,c1_0.requires_approval,c1_0.type from court c1_0 where c1_0.id=?
Hibernate: select au1_0.id,au1_0.email,au1_0.full_name,au1_0.role from app_user au1_0 where au1_0.id=?
Hibernate: delete from reservation where id=? and version=?
Hibernate: insert into court (active,closing_time,location,name,opening_time,requires_approval,type,id) values (?,?,?,?,?,?,?,default)
Hibernate: insert into court (active,closing_time,location,name,opening_time,requires_approval,type,id) values (?,?,?,?,?,?,?,default)
Hibernate: insert into app_user (email,full_name,role,id) values (?,?,?,default)
Hibernate: insert into app_user (email,full_name,role,id) values (?,?,?,default)
Hibernate: insert into app_user (email,full_name,role,id) values (?,?,?,default)
Hibernate: select au1_0.id,au1_0.email,au1_0.full_name,au1_0.role from app_user au1_0 where au1_0.id=?
Hibernate: select c1_0.id,c1_0.active,c1_0.closing_time,c1_0.location,c1_0.name,c1_0.opening_time,c1_0.requires_approval,c1_0.type from court c1_0 where c1_0.id=?
Hibernate: insert into reservation (approval_deadline,cancelled_at,court_id,created_at,decided_at,decided_by_id,decision_reason,end_time,start_time,state,user_id,version,id) values (?,?,?,?,?,?,?,?,?,?,?,?,default)
Hibernate: select au1_0.id,au1_0.email,au1_0.full_name,au1_0.role from app_user au1_0 where au1_0.id=?
Hibernate: select r1_0.id,r1_0.approval_deadline,r1_0.cancelled_at,r1_0.court_id,c1_0.id,c1_0.active,c1_0.closing_time,c1_0.location,c1_0.name,c1_0.opening_time,c1_0.requires_approval,c1_0.type,r1_0.created_at,r1_0.decided_at,db1_0.id,db1_0.email,db1_0.full_name,db1_0.role,r1_0.decision_reason,r1_0.end_time,r1_0.start_time,r1_0.state,r1_0.user_id,u1_0.id,u1_0.email,u1_0.full_name,u1_0.role,r1_0.version from reservation r1_0 join court c1_0 on c1_0.id=r1_0.court_id left join app_user db1_0 on db1_0.id=r1_0.decided_by_id join app_user u1_0 on u1_0.id=r1_0.user_id where r1_0.id=?
Hibernate: select c1_0.id,c1_0.active,c1_0.closing_time,c1_0.location,c1_0.name,c1_0.opening_time,c1_0.requires_approval,c1_0.type from court c1_0 where c1_0.id=? for update
Hibernate: select r1_0.id,r1_0.approval_deadline,r1_0.cancelled_at,r1_0.court_id,r1_0.created_at,r1_0.decided_at,r1_0.decided_by_id,r1_0.decision_reason,r1_0.end_time,r1_0.start_time,r1_0.state,r1_0.user_id,r1_0.version from reservation r1_0 where r1_0.court_id=? and r1_0.state in (?) and r1_0.start_time<? and ?<r1_0.end_time
Hibernate: update reservation set approval_deadline=?,cancelled_at=?,court_id=?,decided_at=?,decided_by_id=?,decision_reason=?,end_time=?,start_time=?,state=?,user_id=?,version=? where id=? and version=?
2026-10-05T20:44:35.962+02:00  INFO 18696 --- [           main] o.e.r.s.LoggingNotificationService       : NOTIFY owner alice+1239749145907700@example.com: reservation 9 for court 'Court 1' is CONFIRMED
Hibernate: select c1_0.id,c1_0.active,c1_0.closing_time,c1_0.location,c1_0.name,c1_0.opening_time,c1_0.requires_approval,c1_0.type from court c1_0 where c1_0.id=?
Hibernate: select r1_0.id,r1_0.approval_deadline,r1_0.cancelled_at,r1_0.court_id,r1_0.created_at,r1_0.decided_at,r1_0.decided_by_id,r1_0.decision_reason,r1_0.end_time,r1_0.start_time,r1_0.state,r1_0.user_id,r1_0.version from reservation r1_0 where r1_0.court_id=? and r1_0.state in (?) and r1_0.start_time<? and ?<r1_0.end_time
Hibernate: select r1_0.id,r1_0.approval_deadline,r1_0.cancelled_at,r1_0.court_id,r1_0.created_at,r1_0.decided_at,r1_0.decided_by_id,r1_0.decision_reason,r1_0.end_time,r1_0.start_time,r1_0.state,r1_0.user_id,r1_0.version from reservation r1_0 where r1_0.court_id=? and r1_0.state in (?) and r1_0.start_time<? and ?<r1_0.end_time
Hibernate: select au1_0.id,au1_0.email,au1_0.full_name,au1_0.role from app_user au1_0 where au1_0.id=?
Hibernate: select r1_0.id,r1_0.approval_deadline,r1_0.cancelled_at,r1_0.court_id,r1_0.created_at,r1_0.decided_at,r1_0.decided_by_id,r1_0.decision_reason,r1_0.end_time,r1_0.start_time,r1_0.state,r1_0.user_id,r1_0.version from reservation r1_0
Hibernate: select c1_0.id,c1_0.active,c1_0.closing_time,c1_0.location,c1_0.name,c1_0.opening_time,c1_0.requires_approval,c1_0.type from court c1_0 where c1_0.id=?
Hibernate: select au1_0.id,au1_0.email,au1_0.full_name,au1_0.role from app_user au1_0 where au1_0.id=?
Hibernate: delete from reservation where id=? and version=?
Hibernate: insert into court (active,closing_time,location,name,opening_time,requires_approval,type,id) values (?,?,?,?,?,?,?,default)
Hibernate: insert into court (active,closing_time,location,name,opening_time,requires_approval,type,id) values (?,?,?,?,?,?,?,default)
Hibernate: insert into app_user (email,full_name,role,id) values (?,?,?,default)
Hibernate: insert into app_user (email,full_name,role,id) values (?,?,?,default)
Hibernate: insert into app_user (email,full_name,role,id) values (?,?,?,default)
Hibernate: select au1_0.id,au1_0.email,au1_0.full_name,au1_0.role from app_user au1_0 where au1_0.id=?
Hibernate: select c1_0.id,c1_0.active,c1_0.closing_time,c1_0.location,c1_0.name,c1_0.opening_time,c1_0.requires_approval,c1_0.type from court c1_0 where c1_0.id=?
Hibernate: insert into reservation (approval_deadline,cancelled_at,court_id,created_at,decided_at,decided_by_id,decision_reason,end_time,start_time,state,user_id,version,id) values (?,?,?,?,?,?,?,?,?,?,?,?,default)
Hibernate: select au1_0.id,au1_0.email,au1_0.full_name,au1_0.role from app_user au1_0 where au1_0.id=?
Hibernate: select r1_0.id,r1_0.approval_deadline,r1_0.cancelled_at,r1_0.court_id,c1_0.id,c1_0.active,c1_0.closing_time,c1_0.location,c1_0.name,c1_0.opening_time,c1_0.requires_approval,c1_0.type,r1_0.created_at,r1_0.decided_at,db1_0.id,db1_0.email,db1_0.full_name,db1_0.role,r1_0.decision_reason,r1_0.end_time,r1_0.start_time,r1_0.state,r1_0.user_id,u1_0.id,u1_0.email,u1_0.full_name,u1_0.role,r1_0.version from reservation r1_0 join court c1_0 on c1_0.id=r1_0.court_id left join app_user db1_0 on db1_0.id=r1_0.decided_by_id join app_user u1_0 on u1_0.id=r1_0.user_id where r1_0.id=?
Hibernate: select c1_0.id,c1_0.active,c1_0.closing_time,c1_0.location,c1_0.name,c1_0.opening_time,c1_0.requires_approval,c1_0.type from court c1_0 where c1_0.id=? for update
Hibernate: select r1_0.id,r1_0.approval_deadline,r1_0.cancelled_at,r1_0.court_id,r1_0.created_at,r1_0.decided_at,r1_0.decided_by_id,r1_0.decision_reason,r1_0.end_time,r1_0.start_time,r1_0.state,r1_0.user_id,r1_0.version from reservation r1_0 where r1_0.court_id=? and r1_0.state in (?) and r1_0.start_time<? and ?<r1_0.end_time
Hibernate: update reservation set approval_deadline=?,cancelled_at=?,court_id=?,decided_at=?,decided_by_id=?,decision_reason=?,end_time=?,start_time=?,state=?,user_id=?,version=? where id=? and version=?
2026-10-05T20:44:36.031+02:00  INFO 18696 --- [           main] o.e.r.s.LoggingNotificationService       : NOTIFY owner alice+1239749194894200@example.com: reservation 10 for court 'Court 1' is CONFIRMED
Hibernate: select au1_0.id,au1_0.email,au1_0.full_name,au1_0.role from app_user au1_0 where au1_0.id=?
Hibernate: select c1_0.id,c1_0.active,c1_0.closing_time,c1_0.location,c1_0.name,c1_0.opening_time,c1_0.requires_approval,c1_0.type from court c1_0 where c1_0.id=?
Hibernate: insert into reservation (approval_deadline,cancelled_at,court_id,created_at,decided_at,decided_by_id,decision_reason,end_time,start_time,state,user_id,version,id) values (?,?,?,?,?,?,?,?,?,?,?,?,default)
Hibernate: select au1_0.id,au1_0.email,au1_0.full_name,au1_0.role from app_user au1_0 where au1_0.id=?
Hibernate: select r1_0.id,r1_0.approval_deadline,r1_0.cancelled_at,r1_0.court_id,c1_0.id,c1_0.active,c1_0.closing_time,c1_0.location,c1_0.name,c1_0.opening_time,c1_0.requires_approval,c1_0.type,r1_0.created_at,r1_0.decided_at,db1_0.id,db1_0.email,db1_0.full_name,db1_0.role,r1_0.decision_reason,r1_0.end_time,r1_0.start_time,r1_0.state,r1_0.user_id,u1_0.id,u1_0.email,u1_0.full_name,u1_0.role,r1_0.version from reservation r1_0 join court c1_0 on c1_0.id=r1_0.court_id left join app_user db1_0 on db1_0.id=r1_0.decided_by_id join app_user u1_0 on u1_0.id=r1_0.user_id where r1_0.id=?
Hibernate: select c1_0.id,c1_0.active,c1_0.closing_time,c1_0.location,c1_0.name,c1_0.opening_time,c1_0.requires_approval,c1_0.type from court c1_0 where c1_0.id=? for update
Hibernate: select r1_0.id,r1_0.approval_deadline,r1_0.cancelled_at,r1_0.court_id,r1_0.created_at,r1_0.decided_at,r1_0.decided_by_id,r1_0.decision_reason,r1_0.end_time,r1_0.start_time,r1_0.state,r1_0.user_id,r1_0.version from reservation r1_0 where r1_0.court_id=? and r1_0.state in (?) and r1_0.start_time<? and ?<r1_0.end_time
Hibernate: select au1_0.id,au1_0.email,au1_0.full_name,au1_0.role from app_user au1_0 where au1_0.id=?
Hibernate: select r1_0.id,r1_0.approval_deadline,r1_0.cancelled_at,r1_0.court_id,c1_0.id,c1_0.active,c1_0.closing_time,c1_0.location,c1_0.name,c1_0.opening_time,c1_0.requires_approval,c1_0.type,r1_0.created_at,r1_0.decided_at,db1_0.id,db1_0.email,db1_0.full_name,db1_0.role,r1_0.decision_reason,r1_0.end_time,r1_0.start_time,r1_0.state,r1_0.user_id,u1_0.id,u1_0.email,u1_0.full_name,u1_0.role,r1_0.version from reservation r1_0 join court c1_0 on c1_0.id=r1_0.court_id left join app_user db1_0 on db1_0.id=r1_0.decided_by_id join app_user u1_0 on u1_0.id=r1_0.user_id where r1_0.id=?
Hibernate: select r1_0.id,r1_0.approval_deadline,r1_0.cancelled_at,r1_0.court_id,r1_0.created_at,r1_0.decided_at,r1_0.decided_by_id,r1_0.decision_reason,r1_0.end_time,r1_0.start_time,r1_0.state,r1_0.user_id,r1_0.version from reservation r1_0
Hibernate: select c1_0.id,c1_0.active,c1_0.closing_time,c1_0.location,c1_0.name,c1_0.opening_time,c1_0.requires_approval,c1_0.type from court c1_0 where c1_0.id=?
Hibernate: select au1_0.id,au1_0.email,au1_0.full_name,au1_0.role from app_user au1_0 where au1_0.id=?
Hibernate: select au1_0.id,au1_0.email,au1_0.full_name,au1_0.role from app_user au1_0 where au1_0.id=?
Hibernate: delete from reservation where id=? and version=?
Hibernate: delete from reservation where id=? and version=?
Hibernate: insert into court (active,closing_time,location,name,opening_time,requires_approval,type,id) values (?,?,?,?,?,?,?,default)
Hibernate: insert into court (active,closing_time,location,name,opening_time,requires_approval,type,id) values (?,?,?,?,?,?,?,default)
Hibernate: insert into app_user (email,full_name,role,id) values (?,?,?,default)
Hibernate: insert into app_user (email,full_name,role,id) values (?,?,?,default)
Hibernate: insert into app_user (email,full_name,role,id) values (?,?,?,default)
Hibernate: select au1_0.id,au1_0.email,au1_0.full_name,au1_0.role from app_user au1_0 where au1_0.id=?
Hibernate: select c1_0.id,c1_0.active,c1_0.closing_time,c1_0.location,c1_0.name,c1_0.opening_time,c1_0.requires_approval,c1_0.type from court c1_0 where c1_0.id=?
Hibernate: insert into reservation (approval_deadline,cancelled_at,court_id,created_at,decided_at,decided_by_id,decision_reason,end_time,start_time,state,user_id,version,id) values (?,?,?,?,?,?,?,?,?,?,?,?,default)
Hibernate: select au1_0.id,au1_0.email,au1_0.full_name,au1_0.role from app_user au1_0 where au1_0.id=?
Hibernate: select r1_0.id,r1_0.approval_deadline,r1_0.cancelled_at,r1_0.court_id,c1_0.id,c1_0.active,c1_0.closing_time,c1_0.location,c1_0.name,c1_0.opening_time,c1_0.requires_approval,c1_0.type,r1_0.created_at,r1_0.decided_at,db1_0.id,db1_0.email,db1_0.full_name,db1_0.role,r1_0.decision_reason,r1_0.end_time,r1_0.start_time,r1_0.state,r1_0.user_id,u1_0.id,u1_0.email,u1_0.full_name,u1_0.role,r1_0.version from reservation r1_0 join court c1_0 on c1_0.id=r1_0.court_id left join app_user db1_0 on db1_0.id=r1_0.decided_by_id join app_user u1_0 on u1_0.id=r1_0.user_id where r1_0.id=?
Hibernate: select c1_0.id,c1_0.active,c1_0.closing_time,c1_0.location,c1_0.name,c1_0.opening_time,c1_0.requires_approval,c1_0.type from court c1_0 where c1_0.id=? for update
Hibernate: select r1_0.id,r1_0.approval_deadline,r1_0.cancelled_at,r1_0.court_id,r1_0.created_at,r1_0.decided_at,r1_0.decided_by_id,r1_0.decision_reason,r1_0.end_time,r1_0.start_time,r1_0.state,r1_0.user_id,r1_0.version from reservation r1_0 where r1_0.court_id=? and r1_0.state in (?) and r1_0.start_time<? and ?<r1_0.end_time
Hibernate: update reservation set approval_deadline=?,cancelled_at=?,court_id=?,decided_at=?,decided_by_id=?,decision_reason=?,end_time=?,start_time=?,state=?,user_id=?,version=? where id=? and version=?
2026-10-05T20:44:36.109+02:00  INFO 18696 --- [           main] o.e.r.s.LoggingNotificationService       : NOTIFY owner alice+1239749284517800@example.com: reservation 12 for court 'Court 1' is CONFIRMED
Hibernate: select au1_0.id,au1_0.email,au1_0.full_name,au1_0.role from app_user au1_0 where au1_0.id=?
Hibernate: select c1_0.id,c1_0.active,c1_0.closing_time,c1_0.location,c1_0.name,c1_0.opening_time,c1_0.requires_approval,c1_0.type from court c1_0 where c1_0.id=?
Hibernate: insert into reservation (approval_deadline,cancelled_at,court_id,created_at,decided_at,decided_by_id,decision_reason,end_time,start_time,state,user_id,version,id) values (?,?,?,?,?,?,?,?,?,?,?,?,default)
Hibernate: select au1_0.id,au1_0.email,au1_0.full_name,au1_0.role from app_user au1_0 where au1_0.id=?
Hibernate: select r1_0.id,r1_0.approval_deadline,r1_0.cancelled_at,r1_0.court_id,c1_0.id,c1_0.active,c1_0.closing_time,c1_0.location,c1_0.name,c1_0.opening_time,c1_0.requires_approval,c1_0.type,r1_0.created_at,r1_0.decided_at,db1_0.id,db1_0.email,db1_0.full_name,db1_0.role,r1_0.decision_reason,r1_0.end_time,r1_0.start_time,r1_0.state,r1_0.user_id,u1_0.id,u1_0.email,u1_0.full_name,u1_0.role,r1_0.version from reservation r1_0 join court c1_0 on c1_0.id=r1_0.court_id left join app_user db1_0 on db1_0.id=r1_0.decided_by_id join app_user u1_0 on u1_0.id=r1_0.user_id where r1_0.id=?
Hibernate: select c1_0.id,c1_0.active,c1_0.closing_time,c1_0.location,c1_0.name,c1_0.opening_time,c1_0.requires_approval,c1_0.type from court c1_0 where c1_0.id=? for update
Hibernate: select r1_0.id,r1_0.approval_deadline,r1_0.cancelled_at,r1_0.court_id,r1_0.created_at,r1_0.decided_at,r1_0.decided_by_id,r1_0.decision_reason,r1_0.end_time,r1_0.start_time,r1_0.state,r1_0.user_id,r1_0.version from reservation r1_0 where r1_0.court_id=? and r1_0.state in (?) and r1_0.start_time<? and ?<r1_0.end_time
Hibernate: update reservation set approval_deadline=?,cancelled_at=?,court_id=?,decided_at=?,decided_by_id=?,decision_reason=?,end_time=?,start_time=?,state=?,user_id=?,version=? where id=? and version=?
2026-10-05T20:44:36.127+02:00  INFO 18696 --- [           main] o.e.r.s.LoggingNotificationService       : NOTIFY owner alice+1239749284517800@example.com: reservation 13 for court 'Court 1' is CONFIRMED
Hibernate: select r1_0.id,r1_0.approval_deadline,r1_0.cancelled_at,r1_0.court_id,r1_0.created_at,r1_0.decided_at,r1_0.decided_by_id,r1_0.decision_reason,r1_0.end_time,r1_0.start_time,r1_0.state,r1_0.user_id,r1_0.version from reservation r1_0
Hibernate: select c1_0.id,c1_0.active,c1_0.closing_time,c1_0.location,c1_0.name,c1_0.opening_time,c1_0.requires_approval,c1_0.type from court c1_0 where c1_0.id=?
Hibernate: select au1_0.id,au1_0.email,au1_0.full_name,au1_0.role from app_user au1_0 where au1_0.id=?
Hibernate: delete from reservation where id=? and version=?
Hibernate: delete from reservation where id=? and version=?
Hibernate: insert into court (active,closing_time,location,name,opening_time,requires_approval,type,id) values (?,?,?,?,?,?,?,default)
Hibernate: insert into court (active,closing_time,location,name,opening_time,requires_approval,type,id) values (?,?,?,?,?,?,?,default)
Hibernate: insert into app_user (email,full_name,role,id) values (?,?,?,default)
Hibernate: insert into app_user (email,full_name,role,id) values (?,?,?,default)
Hibernate: insert into app_user (email,full_name,role,id) values (?,?,?,default)
Hibernate: select au1_0.id,au1_0.email,au1_0.full_name,au1_0.role from app_user au1_0 where au1_0.id=?
Hibernate: select c1_0.id,c1_0.active,c1_0.closing_time,c1_0.location,c1_0.name,c1_0.opening_time,c1_0.requires_approval,c1_0.type from court c1_0 where c1_0.id=?
Hibernate: insert into reservation (approval_deadline,cancelled_at,court_id,created_at,decided_at,decided_by_id,decision_reason,end_time,start_time,state,user_id,version,id) values (?,?,?,?,?,?,?,?,?,?,?,?,default)
Hibernate: select au1_0.id,au1_0.email,au1_0.full_name,au1_0.role from app_user au1_0 where au1_0.id=?
Hibernate: select r1_0.id,r1_0.approval_deadline,r1_0.cancelled_at,r1_0.court_id,c1_0.id,c1_0.active,c1_0.closing_time,c1_0.location,c1_0.name,c1_0.opening_time,c1_0.requires_approval,c1_0.type,r1_0.created_at,r1_0.decided_at,db1_0.id,db1_0.email,db1_0.full_name,db1_0.role,r1_0.decision_reason,r1_0.end_time,r1_0.start_time,r1_0.state,r1_0.user_id,u1_0.id,u1_0.email,u1_0.full_name,u1_0.role,r1_0.version from reservation r1_0 join court c1_0 on c1_0.id=r1_0.court_id left join app_user db1_0 on db1_0.id=r1_0.decided_by_id join app_user u1_0 on u1_0.id=r1_0.user_id where r1_0.id=?
Hibernate: select c1_0.id,c1_0.active,c1_0.closing_time,c1_0.location,c1_0.name,c1_0.opening_time,c1_0.requires_approval,c1_0.type from court c1_0 where c1_0.id=? for update
Hibernate: select r1_0.id,r1_0.approval_deadline,r1_0.cancelled_at,r1_0.court_id,c1_0.id,c1_0.active,c1_0.closing_time,c1_0.location,c1_0.name,c1_0.opening_time,c1_0.requires_approval,c1_0.type,r1_0.created_at,r1_0.decided_at,db1_0.id,db1_0.email,db1_0.full_name,db1_0.role,r1_0.decision_reason,r1_0.end_time,r1_0.start_time,r1_0.state,r1_0.user_id,u1_0.id,u1_0.email,u1_0.full_name,u1_0.role,r1_0.version from reservation r1_0 join court c1_0 on c1_0.id=r1_0.court_id left join app_user db1_0 on db1_0.id=r1_0.decided_by_id join app_user u1_0 on u1_0.id=r1_0.user_id where r1_0.id=?
Hibernate: select r1_0.id,r1_0.approval_deadline,r1_0.cancelled_at,r1_0.court_id,r1_0.created_at,r1_0.decided_at,r1_0.decided_by_id,r1_0.decision_reason,r1_0.end_time,r1_0.start_time,r1_0.state,r1_0.user_id,r1_0.version from reservation r1_0
Hibernate: select c1_0.id,c1_0.active,c1_0.closing_time,c1_0.location,c1_0.name,c1_0.opening_time,c1_0.requires_approval,c1_0.type from court c1_0 where c1_0.id=?
Hibernate: select au1_0.id,au1_0.email,au1_0.full_name,au1_0.role from app_user au1_0 where au1_0.id=?
Hibernate: delete from reservation where id=? and version=?
Hibernate: insert into court (active,closing_time,location,name,opening_time,requires_approval,type,id) values (?,?,?,?,?,?,?,default)
Hibernate: insert into court (active,closing_time,location,name,opening_time,requires_approval,type,id) values (?,?,?,?,?,?,?,default)
Hibernate: insert into app_user (email,full_name,role,id) values (?,?,?,default)
Hibernate: insert into app_user (email,full_name,role,id) values (?,?,?,default)
Hibernate: insert into app_user (email,full_name,role,id) values (?,?,?,default)
Hibernate: select au1_0.id,au1_0.email,au1_0.full_name,au1_0.role from app_user au1_0 where au1_0.id=?
Hibernate: select c1_0.id,c1_0.active,c1_0.closing_time,c1_0.location,c1_0.name,c1_0.opening_time,c1_0.requires_approval,c1_0.type from court c1_0 where c1_0.id=?
Hibernate: insert into reservation (approval_deadline,cancelled_at,court_id,created_at,decided_at,decided_by_id,decision_reason,end_time,start_time,state,user_id,version,id) values (?,?,?,?,?,?,?,?,?,?,?,?,default)
Hibernate: select c1_0.id,c1_0.active,c1_0.closing_time,c1_0.location,c1_0.name,c1_0.opening_time,c1_0.requires_approval,c1_0.type from court c1_0 where c1_0.id=?
Hibernate: select c1_0.id,c1_0.active,c1_0.closing_time,c1_0.location,c1_0.name,c1_0.opening_time,c1_0.requires_approval,c1_0.type from court c1_0 where c1_0.id=?
Hibernate: update court set active=?,closing_time=?,location=?,name=?,opening_time=?,requires_approval=?,type=? where id=?
Hibernate: select au1_0.id,au1_0.email,au1_0.full_name,au1_0.role from app_user au1_0 where au1_0.id=?
Hibernate: select r1_0.id,r1_0.approval_deadline,r1_0.cancelled_at,r1_0.court_id,c1_0.id,c1_0.active,c1_0.closing_time,c1_0.location,c1_0.name,c1_0.opening_time,c1_0.requires_approval,c1_0.type,r1_0.created_at,r1_0.decided_at,db1_0.id,db1_0.email,db1_0.full_name,db1_0.role,r1_0.decision_reason,r1_0.end_time,r1_0.start_time,r1_0.state,r1_0.user_id,u1_0.id,u1_0.email,u1_0.full_name,u1_0.role,r1_0.version from reservation r1_0 join court c1_0 on c1_0.id=r1_0.court_id left join app_user db1_0 on db1_0.id=r1_0.decided_by_id join app_user u1_0 on u1_0.id=r1_0.user_id where r1_0.id=?
Hibernate: select c1_0.id,c1_0.active,c1_0.closing_time,c1_0.location,c1_0.name,c1_0.opening_time,c1_0.requires_approval,c1_0.type from court c1_0 where c1_0.id=? for update
Hibernate: select r1_0.id,r1_0.approval_deadline,r1_0.cancelled_at,r1_0.court_id,c1_0.id,c1_0.active,c1_0.closing_time,c1_0.location,c1_0.name,c1_0.opening_time,c1_0.requires_approval,c1_0.type,r1_0.created_at,r1_0.decided_at,db1_0.id,db1_0.email,db1_0.full_name,db1_0.role,r1_0.decision_reason,r1_0.end_time,r1_0.start_time,r1_0.state,r1_0.user_id,u1_0.id,u1_0.email,u1_0.full_name,u1_0.role,r1_0.version from reservation r1_0 join court c1_0 on c1_0.id=r1_0.court_id left join app_user db1_0 on db1_0.id=r1_0.decided_by_id join app_user u1_0 on u1_0.id=r1_0.user_id where r1_0.id=?
Hibernate: select r1_0.id,r1_0.approval_deadline,r1_0.cancelled_at,r1_0.court_id,r1_0.created_at,r1_0.decided_at,r1_0.decided_by_id,r1_0.decision_reason,r1_0.end_time,r1_0.start_time,r1_0.state,r1_0.user_id,r1_0.version from reservation r1_0
Hibernate: select c1_0.id,c1_0.active,c1_0.closing_time,c1_0.location,c1_0.name,c1_0.opening_time,c1_0.requires_approval,c1_0.type from court c1_0 where c1_0.id=?
Hibernate: select au1_0.id,au1_0.email,au1_0.full_name,au1_0.role from app_user au1_0 where au1_0.id=?
Hibernate: delete from reservation where id=? and version=?
Hibernate: insert into court (active,closing_time,location,name,opening_time,requires_approval,type,id) values (?,?,?,?,?,?,?,default)
Hibernate: insert into court (active,closing_time,location,name,opening_time,requires_approval,type,id) values (?,?,?,?,?,?,?,default)
Hibernate: insert into app_user (email,full_name,role,id) values (?,?,?,default)
Hibernate: insert into app_user (email,full_name,role,id) values (?,?,?,default)
Hibernate: insert into app_user (email,full_name,role,id) values (?,?,?,default)
Hibernate: select au1_0.id,au1_0.email,au1_0.full_name,au1_0.role from app_user au1_0 where au1_0.id=?
Hibernate: select c1_0.id,c1_0.active,c1_0.closing_time,c1_0.location,c1_0.name,c1_0.opening_time,c1_0.requires_approval,c1_0.type from court c1_0 where c1_0.id=?
Hibernate: insert into reservation (approval_deadline,cancelled_at,court_id,created_at,decided_at,decided_by_id,decision_reason,end_time,start_time,state,user_id,version,id) values (?,?,?,?,?,?,?,?,?,?,?,?,default)
Hibernate: select au1_0.id,au1_0.email,au1_0.full_name,au1_0.role from app_user au1_0 where au1_0.id=?
Hibernate: select r1_0.id,r1_0.approval_deadline,r1_0.cancelled_at,r1_0.court_id,c1_0.id,c1_0.active,c1_0.closing_time,c1_0.location,c1_0.name,c1_0.opening_time,c1_0.requires_approval,c1_0.type,r1_0.created_at,r1_0.decided_at,db1_0.id,db1_0.email,db1_0.full_name,db1_0.role,r1_0.decision_reason,r1_0.end_time,r1_0.start_time,r1_0.state,r1_0.user_id,u1_0.id,u1_0.email,u1_0.full_name,u1_0.role,r1_0.version from reservation r1_0 join court c1_0 on c1_0.id=r1_0.court_id left join app_user db1_0 on db1_0.id=r1_0.decided_by_id join app_user u1_0 on u1_0.id=r1_0.user_id where r1_0.id=?
Hibernate: select c1_0.id,c1_0.active,c1_0.closing_time,c1_0.location,c1_0.name,c1_0.opening_time,c1_0.requires_approval,c1_0.type from court c1_0 where c1_0.id=? for update
Hibernate: select r1_0.id,r1_0.approval_deadline,r1_0.cancelled_at,r1_0.court_id,r1_0.created_at,r1_0.decided_at,r1_0.decided_by_id,r1_0.decision_reason,r1_0.end_time,r1_0.start_time,r1_0.state,r1_0.user_id,r1_0.version from reservation r1_0 where r1_0.court_id=? and r1_0.state in (?) and r1_0.start_time<? and ?<r1_0.end_time
Hibernate: update reservation set approval_deadline=?,cancelled_at=?,court_id=?,decided_at=?,decided_by_id=?,decision_reason=?,end_time=?,start_time=?,state=?,user_id=?,version=? where id=? and version=?
2026-10-05T20:44:36.239+02:00  INFO 18696 --- [           main] o.e.r.s.LoggingNotificationService       : NOTIFY owner alice+1239749424855900@example.com: reservation 16 for court 'Court 1' is CONFIRMED
Hibernate: select au1_0.id,au1_0.email,au1_0.full_name,au1_0.role from app_user au1_0 where au1_0.id=?
Hibernate: select r1_0.id,r1_0.approval_deadline,r1_0.cancelled_at,r1_0.court_id,c1_0.id,c1_0.active,c1_0.closing_time,c1_0.location,c1_0.name,c1_0.opening_time,c1_0.requires_approval,c1_0.type,r1_0.created_at,r1_0.decided_at,db1_0.id,db1_0.email,db1_0.full_name,db1_0.role,r1_0.decision_reason,r1_0.end_time,r1_0.start_time,r1_0.state,r1_0.user_id,u1_0.id,u1_0.email,u1_0.full_name,u1_0.role,r1_0.version from reservation r1_0 join court c1_0 on c1_0.id=r1_0.court_id left join app_user db1_0 on db1_0.id=r1_0.decided_by_id join app_user u1_0 on u1_0.id=r1_0.user_id where r1_0.id=?
Hibernate: select c1_0.id,c1_0.active,c1_0.closing_time,c1_0.location,c1_0.name,c1_0.opening_time,c1_0.requires_approval,c1_0.type from court c1_0 where c1_0.id=? for update
Hibernate: select r1_0.id,r1_0.approval_deadline,r1_0.cancelled_at,r1_0.court_id,r1_0.created_at,r1_0.decided_at,r1_0.decided_by_id,r1_0.decision_reason,r1_0.end_time,r1_0.start_time,r1_0.state,r1_0.user_id,r1_0.version from reservation r1_0
Hibernate: select c1_0.id,c1_0.active,c1_0.closing_time,c1_0.location,c1_0.name,c1_0.opening_time,c1_0.requires_approval,c1_0.type from court c1_0 where c1_0.id=?
Hibernate: select au1_0.id,au1_0.email,au1_0.full_name,au1_0.role from app_user au1_0 where au1_0.id=?
Hibernate: delete from reservation where id=? and version=?
Hibernate: insert into court (active,closing_time,location,name,opening_time,requires_approval,type,id) values (?,?,?,?,?,?,?,default)
Hibernate: insert into court (active,closing_time,location,name,opening_time,requires_approval,type,id) values (?,?,?,?,?,?,?,default)
Hibernate: insert into app_user (email,full_name,role,id) values (?,?,?,default)
Hibernate: insert into app_user (email,full_name,role,id) values (?,?,?,default)
Hibernate: insert into app_user (email,full_name,role,id) values (?,?,?,default)
Hibernate: select au1_0.id,au1_0.email,au1_0.full_name,au1_0.role from app_user au1_0 where au1_0.id=?
Hibernate: select c1_0.id,c1_0.active,c1_0.closing_time,c1_0.location,c1_0.name,c1_0.opening_time,c1_0.requires_approval,c1_0.type from court c1_0 where c1_0.id=?
Hibernate: insert into reservation (approval_deadline,cancelled_at,court_id,created_at,decided_at,decided_by_id,decision_reason,end_time,start_time,state,user_id,version,id) values (?,?,?,?,?,?,?,?,?,?,?,?,default)
Hibernate: select au1_0.id,au1_0.email,au1_0.full_name,au1_0.role from app_user au1_0 where au1_0.id=?
Hibernate: select r1_0.id,r1_0.approval_deadline,r1_0.cancelled_at,r1_0.court_id,c1_0.id,c1_0.active,c1_0.closing_time,c1_0.location,c1_0.name,c1_0.opening_time,c1_0.requires_approval,c1_0.type,r1_0.created_at,r1_0.decided_at,db1_0.id,db1_0.email,db1_0.full_name,db1_0.role,r1_0.decision_reason,r1_0.end_time,r1_0.start_time,r1_0.state,r1_0.user_id,u1_0.id,u1_0.email,u1_0.full_name,u1_0.role,r1_0.version from reservation r1_0 join court c1_0 on c1_0.id=r1_0.court_id left join app_user db1_0 on db1_0.id=r1_0.decided_by_id join app_user u1_0 on u1_0.id=r1_0.user_id where r1_0.id=?
Hibernate: update reservation set approval_deadline=?,cancelled_at=?,court_id=?,decided_at=?,decided_by_id=?,decision_reason=?,end_time=?,start_time=?,state=?,user_id=?,version=? where id=? and version=?
Hibernate: select au1_0.id,au1_0.email,au1_0.full_name,au1_0.role from app_user au1_0 where au1_0.id=?
Hibernate: select r1_0.id,r1_0.approval_deadline,r1_0.cancelled_at,r1_0.court_id,c1_0.id,c1_0.active,c1_0.closing_time,c1_0.location,c1_0.name,c1_0.opening_time,c1_0.requires_approval,c1_0.type,r1_0.created_at,r1_0.decided_at,db1_0.id,db1_0.email,db1_0.full_name,db1_0.role,r1_0.decision_reason,r1_0.end_time,r1_0.start_time,r1_0.state,r1_0.user_id,u1_0.id,u1_0.email,u1_0.full_name,u1_0.role,r1_0.version from reservation r1_0 join court c1_0 on c1_0.id=r1_0.court_id left join app_user db1_0 on db1_0.id=r1_0.decided_by_id join app_user u1_0 on u1_0.id=r1_0.user_id where r1_0.id=?
Hibernate: select c1_0.id,c1_0.active,c1_0.closing_time,c1_0.location,c1_0.name,c1_0.opening_time,c1_0.requires_approval,c1_0.type from court c1_0 where c1_0.id=? for update
Hibernate: select r1_0.id,r1_0.approval_deadline,r1_0.cancelled_at,r1_0.court_id,c1_0.id,c1_0.active,c1_0.closing_time,c1_0.location,c1_0.name,c1_0.opening_time,c1_0.requires_approval,c1_0.type,r1_0.created_at,r1_0.decided_at,db1_0.id,db1_0.email,db1_0.full_name,db1_0.role,r1_0.decision_reason,r1_0.end_time,r1_0.start_time,r1_0.state,r1_0.user_id,u1_0.id,u1_0.email,u1_0.full_name,u1_0.role,r1_0.version from reservation r1_0 join court c1_0 on c1_0.id=r1_0.court_id left join app_user db1_0 on db1_0.id=r1_0.decided_by_id join app_user u1_0 on u1_0.id=r1_0.user_id where r1_0.id=?
Hibernate: select r1_0.id,r1_0.approval_deadline,r1_0.cancelled_at,r1_0.court_id,r1_0.created_at,r1_0.decided_at,r1_0.decided_by_id,r1_0.decision_reason,r1_0.end_time,r1_0.start_time,r1_0.state,r1_0.user_id,r1_0.version from reservation r1_0
Hibernate: select c1_0.id,c1_0.active,c1_0.closing_time,c1_0.location,c1_0.name,c1_0.opening_time,c1_0.requires_approval,c1_0.type from court c1_0 where c1_0.id=?
Hibernate: select au1_0.id,au1_0.email,au1_0.full_name,au1_0.role from app_user au1_0 where au1_0.id=?
Hibernate: delete from reservation where id=? and version=?
Hibernate: insert into court (active,closing_time,location,name,opening_time,requires_approval,type,id) values (?,?,?,?,?,?,?,default)
Hibernate: insert into court (active,closing_time,location,name,opening_time,requires_approval,type,id) values (?,?,?,?,?,?,?,default)
Hibernate: insert into app_user (email,full_name,role,id) values (?,?,?,default)
Hibernate: insert into app_user (email,full_name,role,id) values (?,?,?,default)
Hibernate: insert into app_user (email,full_name,role,id) values (?,?,?,default)
Hibernate: select au1_0.id,au1_0.email,au1_0.full_name,au1_0.role from app_user au1_0 where au1_0.id=?
Hibernate: select c1_0.id,c1_0.active,c1_0.closing_time,c1_0.location,c1_0.name,c1_0.opening_time,c1_0.requires_approval,c1_0.type from court c1_0 where c1_0.id=?
Hibernate: insert into reservation (approval_deadline,cancelled_at,court_id,created_at,decided_at,decided_by_id,decision_reason,end_time,start_time,state,user_id,version,id) values (?,?,?,?,?,?,?,?,?,?,?,?,default)
Hibernate: select au1_0.id,au1_0.email,au1_0.full_name,au1_0.role from app_user au1_0 where au1_0.id=?
Hibernate: select r1_0.id,r1_0.approval_deadline,r1_0.cancelled_at,r1_0.court_id,c1_0.id,c1_0.active,c1_0.closing_time,c1_0.location,c1_0.name,c1_0.opening_time,c1_0.requires_approval,c1_0.type,r1_0.created_at,r1_0.decided_at,db1_0.id,db1_0.email,db1_0.full_name,db1_0.role,r1_0.decision_reason,r1_0.end_time,r1_0.start_time,r1_0.state,r1_0.user_id,u1_0.id,u1_0.email,u1_0.full_name,u1_0.role,r1_0.version from reservation r1_0 join court c1_0 on c1_0.id=r1_0.court_id left join app_user db1_0 on db1_0.id=r1_0.decided_by_id join app_user u1_0 on u1_0.id=r1_0.user_id where r1_0.id=?
Hibernate: select r1_0.id,r1_0.approval_deadline,r1_0.cancelled_at,r1_0.court_id,c1_0.id,c1_0.active,c1_0.closing_time,c1_0.location,c1_0.name,c1_0.opening_time,c1_0.requires_approval,c1_0.type,r1_0.created_at,r1_0.decided_at,db1_0.id,db1_0.email,db1_0.full_name,db1_0.role,r1_0.decision_reason,r1_0.end_time,r1_0.start_time,r1_0.state,r1_0.user_id,u1_0.id,u1_0.email,u1_0.full_name,u1_0.role,r1_0.version from reservation r1_0 join court c1_0 on c1_0.id=r1_0.court_id left join app_user db1_0 on db1_0.id=r1_0.decided_by_id join app_user u1_0 on u1_0.id=r1_0.user_id where r1_0.id=?
Hibernate: select r1_0.id,r1_0.approval_deadline,r1_0.cancelled_at,r1_0.court_id,r1_0.created_at,r1_0.decided_at,r1_0.decided_by_id,r1_0.decision_reason,r1_0.end_time,r1_0.start_time,r1_0.state,r1_0.user_id,r1_0.version from reservation r1_0
Hibernate: select c1_0.id,c1_0.active,c1_0.closing_time,c1_0.location,c1_0.name,c1_0.opening_time,c1_0.requires_approval,c1_0.type from court c1_0 where c1_0.id=?
Hibernate: select au1_0.id,au1_0.email,au1_0.full_name,au1_0.role from app_user au1_0 where au1_0.id=?
Hibernate: delete from reservation where id=? and version=?
Hibernate: insert into court (active,closing_time,location,name,opening_time,requires_approval,type,id) values (?,?,?,?,?,?,?,default)
Hibernate: insert into court (active,closing_time,location,name,opening_time,requires_approval,type,id) values (?,?,?,?,?,?,?,default)
Hibernate: insert into app_user (email,full_name,role,id) values (?,?,?,default)
Hibernate: insert into app_user (email,full_name,role,id) values (?,?,?,default)
Hibernate: insert into app_user (email,full_name,role,id) values (?,?,?,default)
Hibernate: select au1_0.id,au1_0.email,au1_0.full_name,au1_0.role from app_user au1_0 where au1_0.id=?
Hibernate: select c1_0.id,c1_0.active,c1_0.closing_time,c1_0.location,c1_0.name,c1_0.opening_time,c1_0.requires_approval,c1_0.type from court c1_0 where c1_0.id=?
Hibernate: insert into reservation (approval_deadline,cancelled_at,court_id,created_at,decided_at,decided_by_id,decision_reason,end_time,start_time,state,user_id,version,id) values (?,?,?,?,?,?,?,?,?,?,?,?,default)
Hibernate: select au1_0.id,au1_0.email,au1_0.full_name,au1_0.role from app_user au1_0 where au1_0.id=?
Hibernate: select c1_0.id,c1_0.active,c1_0.closing_time,c1_0.location,c1_0.name,c1_0.opening_time,c1_0.requires_approval,c1_0.type from court c1_0 where c1_0.id=?
Hibernate: insert into reservation (approval_deadline,cancelled_at,court_id,created_at,decided_at,decided_by_id,decision_reason,end_time,start_time,state,user_id,version,id) values (?,?,?,?,?,?,?,?,?,?,?,?,default)
Hibernate: select au1_0.id,au1_0.email,au1_0.full_name,au1_0.role from app_user au1_0 where au1_0.id=?
Hibernate: select c1_0.id,c1_0.active,c1_0.closing_time,c1_0.location,c1_0.name,c1_0.opening_time,c1_0.requires_approval,c1_0.type from court c1_0 where c1_0.id=?
Hibernate: insert into reservation (approval_deadline,cancelled_at,court_id,created_at,decided_at,decided_by_id,decision_reason,end_time,start_time,state,user_id,version,id) values (?,?,?,?,?,?,?,?,?,?,?,?,default)
Hibernate: select au1_0.id,au1_0.email,au1_0.full_name,au1_0.role from app_user au1_0 where au1_0.id=?
Hibernate: select c1_0.id,c1_0.active,c1_0.closing_time,c1_0.location,c1_0.name,c1_0.opening_time,c1_0.requires_approval,c1_0.type from court c1_0 where c1_0.id=?
Hibernate: insert into reservation (approval_deadline,cancelled_at,court_id,created_at,decided_at,decided_by_id,decision_reason,end_time,start_time,state,user_id,version,id) values (?,?,?,?,?,?,?,?,?,?,?,?,default)
Hibernate: select au1_0.id,au1_0.email,au1_0.full_name,au1_0.role from app_user au1_0 where au1_0.id=?
Hibernate: select c1_0.id,c1_0.active,c1_0.closing_time,c1_0.location,c1_0.name,c1_0.opening_time,c1_0.requires_approval,c1_0.type from court c1_0 where c1_0.id=?
Hibernate: insert into reservation (approval_deadline,cancelled_at,court_id,created_at,decided_at,decided_by_id,decision_reason,end_time,start_time,state,user_id,version,id) values (?,?,?,?,?,?,?,?,?,?,?,?,default)
Hibernate: select au1_0.id,au1_0.email,au1_0.full_name,au1_0.role from app_user au1_0 where au1_0.id=?
Hibernate: select c1_0.id,c1_0.active,c1_0.closing_time,c1_0.location,c1_0.name,c1_0.opening_time,c1_0.requires_approval,c1_0.type from court c1_0 where c1_0.id=?
Hibernate: insert into reservation (approval_deadline,cancelled_at,court_id,created_at,decided_at,decided_by_id,decision_reason,end_time,start_time,state,user_id,version,id) values (?,?,?,?,?,?,?,?,?,?,?,?,default)
Hibernate: select au1_0.id,au1_0.email,au1_0.full_name,au1_0.role from app_user au1_0 where au1_0.id=?
Hibernate: select c1_0.id,c1_0.active,c1_0.closing_time,c1_0.location,c1_0.name,c1_0.opening_time,c1_0.requires_approval,c1_0.type from court c1_0 where c1_0.id=?
Hibernate: insert into reservation (approval_deadline,cancelled_at,court_id,created_at,decided_at,decided_by_id,decision_reason,end_time,start_time,state,user_id,version,id) values (?,?,?,?,?,?,?,?,?,?,?,?,default)
Hibernate: select au1_0.id,au1_0.email,au1_0.full_name,au1_0.role from app_user au1_0 where au1_0.id=?
Hibernate: select c1_0.id,c1_0.active,c1_0.closing_time,c1_0.location,c1_0.name,c1_0.opening_time,c1_0.requires_approval,c1_0.type from court c1_0 where c1_0.id=?
Hibernate: insert into reservation (approval_deadline,cancelled_at,court_id,created_at,decided_at,decided_by_id,decision_reason,end_time,start_time,state,user_id,version,id) values (?,?,?,?,?,?,?,?,?,?,?,?,default)
Hibernate: select au1_0.id,au1_0.email,au1_0.full_name,au1_0.role from app_user au1_0 where au1_0.id=?
Hibernate: select au1_0.id,au1_0.email,au1_0.full_name,au1_0.role from app_user au1_0 where au1_0.id=?
Hibernate: select au1_0.id,au1_0.email,au1_0.full_name,au1_0.role from app_user au1_0 where au1_0.id=?
Hibernate: select au1_0.id,au1_0.email,au1_0.full_name,au1_0.role from app_user au1_0 where au1_0.id=?
Hibernate: select au1_0.id,au1_0.email,au1_0.full_name,au1_0.role from app_user au1_0 where au1_0.id=?
Hibernate: select au1_0.id,au1_0.email,au1_0.full_name,au1_0.role from app_user au1_0 where au1_0.id=?
Hibernate: select r1_0.id,r1_0.approval_deadline,r1_0.cancelled_at,r1_0.court_id,c1_0.id,c1_0.active,c1_0.closing_time,c1_0.location,c1_0.name,c1_0.opening_time,c1_0.requires_approval,c1_0.type,r1_0.created_at,r1_0.decided_at,db1_0.id,db1_0.email,db1_0.full_name,db1_0.role,r1_0.decision_reason,r1_0.end_time,r1_0.start_time,r1_0.state,r1_0.user_id,u1_0.id,u1_0.email,u1_0.full_name,u1_0.role,r1_0.version from reservation r1_0 join court c1_0 on c1_0.id=r1_0.court_id left join app_user db1_0 on db1_0.id=r1_0.decided_by_id join app_user u1_0 on u1_0.id=r1_0.user_id where r1_0.id=?
Hibernate: select r1_0.id,r1_0.approval_deadline,r1_0.cancelled_at,r1_0.court_id,c1_0.id,c1_0.active,c1_0.closing_time,c1_0.location,c1_0.name,c1_0.opening_time,c1_0.requires_approval,c1_0.type,r1_0.created_at,r1_0.decided_at,db1_0.id,db1_0.email,db1_0.full_name,db1_0.role,r1_0.decision_reason,r1_0.end_time,r1_0.start_time,r1_0.state,r1_0.user_id,u1_0.id,u1_0.email,u1_0.full_name,u1_0.role,r1_0.version from reservation r1_0 join court c1_0 on c1_0.id=r1_0.court_id left join app_user db1_0 on db1_0.id=r1_0.decided_by_id join app_user u1_0 on u1_0.id=r1_0.user_id where r1_0.id=?
Hibernate: select r1_0.id,r1_0.approval_deadline,r1_0.cancelled_at,r1_0.court_id,c1_0.id,c1_0.active,c1_0.closing_time,c1_0.location,c1_0.name,c1_0.opening_time,c1_0.requires_approval,c1_0.type,r1_0.created_at,r1_0.decided_at,db1_0.id,db1_0.email,db1_0.full_name,db1_0.role,r1_0.decision_reason,r1_0.end_time,r1_0.start_time,r1_0.state,r1_0.user_id,u1_0.id,u1_0.email,u1_0.full_name,u1_0.role,r1_0.version from reservation r1_0 join court c1_0 on c1_0.id=r1_0.court_id left join app_user db1_0 on db1_0.id=r1_0.decided_by_id join app_user u1_0 on u1_0.id=r1_0.user_id where r1_0.id=?
Hibernate: select c1_0.id,c1_0.active,c1_0.closing_time,c1_0.location,c1_0.name,c1_0.opening_time,c1_0.requires_approval,c1_0.type from court c1_0 where c1_0.id=? for update
Hibernate: select r1_0.id,r1_0.approval_deadline,r1_0.cancelled_at,r1_0.court_id,c1_0.id,c1_0.active,c1_0.closing_time,c1_0.location,c1_0.name,c1_0.opening_time,c1_0.requires_approval,c1_0.type,r1_0.created_at,r1_0.decided_at,db1_0.id,db1_0.email,db1_0.full_name,db1_0.role,r1_0.decision_reason,r1_0.end_time,r1_0.start_time,r1_0.state,r1_0.user_id,u1_0.id,u1_0.email,u1_0.full_name,u1_0.role,r1_0.version from reservation r1_0 join court c1_0 on c1_0.id=r1_0.court_id left join app_user db1_0 on db1_0.id=r1_0.decided_by_id join app_user u1_0 on u1_0.id=r1_0.user_id where r1_0.id=?
Hibernate: select r1_0.id,r1_0.approval_deadline,r1_0.cancelled_at,r1_0.court_id,c1_0.id,c1_0.active,c1_0.closing_time,c1_0.location,c1_0.name,c1_0.opening_time,c1_0.requires_approval,c1_0.type,r1_0.created_at,r1_0.decided_at,db1_0.id,db1_0.email,db1_0.full_name,db1_0.role,r1_0.decision_reason,r1_0.end_time,r1_0.start_time,r1_0.state,r1_0.user_id,u1_0.id,u1_0.email,u1_0.full_name,u1_0.role,r1_0.version from reservation r1_0 join court c1_0 on c1_0.id=r1_0.court_id left join app_user db1_0 on db1_0.id=r1_0.decided_by_id join app_user u1_0 on u1_0.id=r1_0.user_id where r1_0.id=?
Hibernate: select c1_0.id,c1_0.active,c1_0.closing_time,c1_0.location,c1_0.name,c1_0.opening_time,c1_0.requires_approval,c1_0.type from court c1_0 where c1_0.id=? for update
Hibernate: select c1_0.id,c1_0.active,c1_0.closing_time,c1_0.location,c1_0.name,c1_0.opening_time,c1_0.requires_approval,c1_0.type from court c1_0 where c1_0.id=? for update
Hibernate: select c1_0.id,c1_0.active,c1_0.closing_time,c1_0.location,c1_0.name,c1_0.opening_time,c1_0.requires_approval,c1_0.type from court c1_0 where c1_0.id=? for update
Hibernate: select c1_0.id,c1_0.active,c1_0.closing_time,c1_0.location,c1_0.name,c1_0.opening_time,c1_0.requires_approval,c1_0.type from court c1_0 where c1_0.id=? for update
Hibernate: select r1_0.id,r1_0.approval_deadline,r1_0.cancelled_at,r1_0.court_id,r1_0.created_at,r1_0.decided_at,r1_0.decided_by_id,r1_0.decision_reason,r1_0.end_time,r1_0.start_time,r1_0.state,r1_0.user_id,r1_0.version from reservation r1_0 where r1_0.court_id=? and r1_0.state in (?) and r1_0.start_time<? and ?<r1_0.end_time
Hibernate: select r1_0.id,r1_0.approval_deadline,r1_0.cancelled_at,r1_0.court_id,c1_0.id,c1_0.active,c1_0.closing_time,c1_0.location,c1_0.name,c1_0.opening_time,c1_0.requires_approval,c1_0.type,r1_0.created_at,r1_0.decided_at,db1_0.id,db1_0.email,db1_0.full_name,db1_0.role,r1_0.decision_reason,r1_0.end_time,r1_0.start_time,r1_0.state,r1_0.user_id,u1_0.id,u1_0.email,u1_0.full_name,u1_0.role,r1_0.version from reservation r1_0 join court c1_0 on c1_0.id=r1_0.court_id left join app_user db1_0 on db1_0.id=r1_0.decided_by_id join app_user u1_0 on u1_0.id=r1_0.user_id where r1_0.id=?
Hibernate: select au1_0.id,au1_0.email,au1_0.full_name,au1_0.role from app_user au1_0 where au1_0.id=?
Hibernate: select r1_0.id,r1_0.approval_deadline,r1_0.cancelled_at,r1_0.court_id,c1_0.id,c1_0.active,c1_0.closing_time,c1_0.location,c1_0.name,c1_0.opening_time,c1_0.requires_approval,c1_0.type,r1_0.created_at,r1_0.decided_at,db1_0.id,db1_0.email,db1_0.full_name,db1_0.role,r1_0.decision_reason,r1_0.end_time,r1_0.start_time,r1_0.state,r1_0.user_id,u1_0.id,u1_0.email,u1_0.full_name,u1_0.role,r1_0.version from reservation r1_0 join court c1_0 on c1_0.id=r1_0.court_id left join app_user db1_0 on db1_0.id=r1_0.decided_by_id join app_user u1_0 on u1_0.id=r1_0.user_id where r1_0.id=?
Hibernate: update reservation set approval_deadline=?,cancelled_at=?,court_id=?,decided_at=?,decided_by_id=?,decision_reason=?,end_time=?,start_time=?,state=?,user_id=?,version=? where id=? and version=?
2026-10-05T20:44:36.369+02:00  INFO 18696 --- [pool-3-thread-4] o.e.r.s.LoggingNotificationService       : NOTIFY owner alice+1239749513035200@example.com: reservation 22 for court 'Court 1' is CONFIRMED
Hibernate: select c1_0.id,c1_0.active,c1_0.closing_time,c1_0.location,c1_0.name,c1_0.opening_time,c1_0.requires_approval,c1_0.type from court c1_0 where c1_0.id=? for update
Hibernate: select r1_0.id,r1_0.approval_deadline,r1_0.cancelled_at,r1_0.court_id,r1_0.created_at,r1_0.decided_at,r1_0.decided_by_id,r1_0.decision_reason,r1_0.end_time,r1_0.start_time,r1_0.state,r1_0.user_id,r1_0.version from reservation r1_0 where r1_0.court_id=? and r1_0.state in (?) and r1_0.start_time<? and ?<r1_0.end_time
Hibernate: select c1_0.id,c1_0.active,c1_0.closing_time,c1_0.location,c1_0.name,c1_0.opening_time,c1_0.requires_approval,c1_0.type from court c1_0 where c1_0.id=? for update
Hibernate: select au1_0.id,au1_0.email,au1_0.full_name,au1_0.role from app_user au1_0 where au1_0.id=?
Hibernate: select r1_0.id,r1_0.approval_deadline,r1_0.cancelled_at,r1_0.court_id,c1_0.id,c1_0.active,c1_0.closing_time,c1_0.location,c1_0.name,c1_0.opening_time,c1_0.requires_approval,c1_0.type,r1_0.created_at,r1_0.decided_at,db1_0.id,db1_0.email,db1_0.full_name,db1_0.role,r1_0.decision_reason,r1_0.end_time,r1_0.start_time,r1_0.state,r1_0.user_id,u1_0.id,u1_0.email,u1_0.full_name,u1_0.role,r1_0.version from reservation r1_0 join court c1_0 on c1_0.id=r1_0.court_id left join app_user db1_0 on db1_0.id=r1_0.decided_by_id join app_user u1_0 on u1_0.id=r1_0.user_id where r1_0.id=?
Hibernate: select c1_0.id,c1_0.active,c1_0.closing_time,c1_0.location,c1_0.name,c1_0.opening_time,c1_0.requires_approval,c1_0.type from court c1_0 where c1_0.id=? for update
Hibernate: select r1_0.id,r1_0.approval_deadline,r1_0.cancelled_at,r1_0.court_id,r1_0.created_at,r1_0.decided_at,r1_0.decided_by_id,r1_0.decision_reason,r1_0.end_time,r1_0.start_time,r1_0.state,r1_0.user_id,r1_0.version from reservation r1_0 where r1_0.court_id=? and r1_0.state in (?) and r1_0.start_time<? and ?<r1_0.end_time
Hibernate: select r1_0.id,r1_0.approval_deadline,r1_0.cancelled_at,r1_0.court_id,r1_0.created_at,r1_0.decided_at,r1_0.decided_by_id,r1_0.decision_reason,r1_0.end_time,r1_0.start_time,r1_0.state,r1_0.user_id,r1_0.version from reservation r1_0 where r1_0.court_id=? and r1_0.state in (?) and r1_0.start_time<? and ?<r1_0.end_time
Hibernate: select r1_0.id,r1_0.approval_deadline,r1_0.cancelled_at,r1_0.court_id,r1_0.created_at,r1_0.decided_at,r1_0.decided_by_id,r1_0.decision_reason,r1_0.end_time,r1_0.start_time,r1_0.state,r1_0.user_id,r1_0.version from reservation r1_0 where r1_0.court_id=? and r1_0.state in (?) and r1_0.start_time<? and ?<r1_0.end_time
Hibernate: select r1_0.id,r1_0.approval_deadline,r1_0.cancelled_at,r1_0.court_id,r1_0.created_at,r1_0.decided_at,r1_0.decided_by_id,r1_0.decision_reason,r1_0.end_time,r1_0.start_time,r1_0.state,r1_0.user_id,r1_0.version from reservation r1_0 where r1_0.court_id=? and r1_0.state in (?) and r1_0.start_time<? and ?<r1_0.end_time
Hibernate: select r1_0.id,r1_0.approval_deadline,r1_0.cancelled_at,r1_0.court_id,r1_0.created_at,r1_0.decided_at,r1_0.decided_by_id,r1_0.decision_reason,r1_0.end_time,r1_0.start_time,r1_0.state,r1_0.user_id,r1_0.version from reservation r1_0 where r1_0.court_id=? and r1_0.state in (?) and r1_0.start_time<? and ?<r1_0.end_time
Hibernate: select r1_0.id,r1_0.approval_deadline,r1_0.cancelled_at,r1_0.court_id,r1_0.created_at,r1_0.decided_at,r1_0.decided_by_id,r1_0.decision_reason,r1_0.end_time,r1_0.start_time,r1_0.state,r1_0.user_id,r1_0.version from reservation r1_0 where r1_0.court_id=? and r1_0.state in (?) and r1_0.start_time<? and ?<r1_0.end_time
Hibernate: select r1_0.id,r1_0.approval_deadline,r1_0.cancelled_at,r1_0.court_id,c1_0.id,c1_0.active,c1_0.closing_time,c1_0.location,c1_0.name,c1_0.opening_time,c1_0.requires_approval,c1_0.type,r1_0.created_at,r1_0.decided_at,db1_0.id,db1_0.email,db1_0.full_name,db1_0.role,r1_0.decision_reason,r1_0.end_time,r1_0.start_time,r1_0.state,r1_0.user_id,u1_0.id,u1_0.email,u1_0.full_name,u1_0.role,r1_0.version from reservation r1_0 join court c1_0 on c1_0.id=r1_0.court_id left join app_user db1_0 on db1_0.id=r1_0.decided_by_id join app_user u1_0 on u1_0.id=r1_0.user_id where r1_0.id=?
Hibernate: select r1_0.id,r1_0.approval_deadline,r1_0.cancelled_at,r1_0.court_id,c1_0.id,c1_0.active,c1_0.closing_time,c1_0.location,c1_0.name,c1_0.opening_time,c1_0.requires_approval,c1_0.type,r1_0.created_at,r1_0.decided_at,db1_0.id,db1_0.email,db1_0.full_name,db1_0.role,r1_0.decision_reason,r1_0.end_time,r1_0.start_time,r1_0.state,r1_0.user_id,u1_0.id,u1_0.email,u1_0.full_name,u1_0.role,r1_0.version from reservation r1_0 join court c1_0 on c1_0.id=r1_0.court_id left join app_user db1_0 on db1_0.id=r1_0.decided_by_id join app_user u1_0 on u1_0.id=r1_0.user_id where r1_0.id=?
Hibernate: select r1_0.id,r1_0.approval_deadline,r1_0.cancelled_at,r1_0.court_id,c1_0.id,c1_0.active,c1_0.closing_time,c1_0.location,c1_0.name,c1_0.opening_time,c1_0.requires_approval,c1_0.type,r1_0.created_at,r1_0.decided_at,db1_0.id,db1_0.email,db1_0.full_name,db1_0.role,r1_0.decision_reason,r1_0.end_time,r1_0.start_time,r1_0.state,r1_0.user_id,u1_0.id,u1_0.email,u1_0.full_name,u1_0.role,r1_0.version from reservation r1_0 join court c1_0 on c1_0.id=r1_0.court_id left join app_user db1_0 on db1_0.id=r1_0.decided_by_id join app_user u1_0 on u1_0.id=r1_0.user_id where r1_0.id=?
Hibernate: select r1_0.id,r1_0.approval_deadline,r1_0.cancelled_at,r1_0.court_id,c1_0.id,c1_0.active,c1_0.closing_time,c1_0.location,c1_0.name,c1_0.opening_time,c1_0.requires_approval,c1_0.type,r1_0.created_at,r1_0.decided_at,db1_0.id,db1_0.email,db1_0.full_name,db1_0.role,r1_0.decision_reason,r1_0.end_time,r1_0.start_time,r1_0.state,r1_0.user_id,u1_0.id,u1_0.email,u1_0.full_name,u1_0.role,r1_0.version from reservation r1_0 join court c1_0 on c1_0.id=r1_0.court_id left join app_user db1_0 on db1_0.id=r1_0.decided_by_id join app_user u1_0 on u1_0.id=r1_0.user_id where r1_0.id=?
Hibernate: select r1_0.id,r1_0.approval_deadline,r1_0.cancelled_at,r1_0.court_id,c1_0.id,c1_0.active,c1_0.closing_time,c1_0.location,c1_0.name,c1_0.opening_time,c1_0.requires_approval,c1_0.type,r1_0.created_at,r1_0.decided_at,db1_0.id,db1_0.email,db1_0.full_name,db1_0.role,r1_0.decision_reason,r1_0.end_time,r1_0.start_time,r1_0.state,r1_0.user_id,u1_0.id,u1_0.email,u1_0.full_name,u1_0.role,r1_0.version from reservation r1_0 join court c1_0 on c1_0.id=r1_0.court_id left join app_user db1_0 on db1_0.id=r1_0.decided_by_id join app_user u1_0 on u1_0.id=r1_0.user_id where r1_0.id=?
Hibernate: select r1_0.id,r1_0.approval_deadline,r1_0.cancelled_at,r1_0.court_id,c1_0.id,c1_0.active,c1_0.closing_time,c1_0.location,c1_0.name,c1_0.opening_time,c1_0.requires_approval,c1_0.type,r1_0.created_at,r1_0.decided_at,db1_0.id,db1_0.email,db1_0.full_name,db1_0.role,r1_0.decision_reason,r1_0.end_time,r1_0.start_time,r1_0.state,r1_0.user_id,u1_0.id,u1_0.email,u1_0.full_name,u1_0.role,r1_0.version from reservation r1_0 join court c1_0 on c1_0.id=r1_0.court_id left join app_user db1_0 on db1_0.id=r1_0.decided_by_id join app_user u1_0 on u1_0.id=r1_0.user_id where r1_0.id=?
Hibernate: select r1_0.id,r1_0.approval_deadline,r1_0.cancelled_at,r1_0.court_id,c1_0.id,c1_0.active,c1_0.closing_time,c1_0.location,c1_0.name,c1_0.opening_time,c1_0.requires_approval,c1_0.type,r1_0.created_at,r1_0.decided_at,db1_0.id,db1_0.email,db1_0.full_name,db1_0.role,r1_0.decision_reason,r1_0.end_time,r1_0.start_time,r1_0.state,r1_0.user_id,u1_0.id,u1_0.email,u1_0.full_name,u1_0.role,r1_0.version from reservation r1_0 join court c1_0 on c1_0.id=r1_0.court_id left join app_user db1_0 on db1_0.id=r1_0.decided_by_id join app_user u1_0 on u1_0.id=r1_0.user_id where r1_0.id=?
Hibernate: select r1_0.id,r1_0.approval_deadline,r1_0.cancelled_at,r1_0.court_id,c1_0.id,c1_0.active,c1_0.closing_time,c1_0.location,c1_0.name,c1_0.opening_time,c1_0.requires_approval,c1_0.type,r1_0.created_at,r1_0.decided_at,db1_0.id,db1_0.email,db1_0.full_name,db1_0.role,r1_0.decision_reason,r1_0.end_time,r1_0.start_time,r1_0.state,r1_0.user_id,u1_0.id,u1_0.email,u1_0.full_name,u1_0.role,r1_0.version from reservation r1_0 join court c1_0 on c1_0.id=r1_0.court_id left join app_user db1_0 on db1_0.id=r1_0.decided_by_id join app_user u1_0 on u1_0.id=r1_0.user_id where r1_0.id=?
Hibernate: select r1_0.id,r1_0.approval_deadline,r1_0.cancelled_at,r1_0.court_id,c1_0.id,c1_0.active,c1_0.closing_time,c1_0.location,c1_0.name,c1_0.opening_time,c1_0.requires_approval,c1_0.type,r1_0.created_at,r1_0.decided_at,db1_0.id,db1_0.email,db1_0.full_name,db1_0.role,r1_0.decision_reason,r1_0.end_time,r1_0.start_time,r1_0.state,r1_0.user_id,u1_0.id,u1_0.email,u1_0.full_name,u1_0.role,r1_0.version from reservation r1_0 join court c1_0 on c1_0.id=r1_0.court_id left join app_user db1_0 on db1_0.id=r1_0.decided_by_id join app_user u1_0 on u1_0.id=r1_0.user_id where r1_0.id=?
Hibernate: select r1_0.id,r1_0.approval_deadline,r1_0.cancelled_at,r1_0.court_id,c1_0.id,c1_0.active,c1_0.closing_time,c1_0.location,c1_0.name,c1_0.opening_time,c1_0.requires_approval,c1_0.type,r1_0.created_at,r1_0.decided_at,db1_0.id,db1_0.email,db1_0.full_name,db1_0.role,r1_0.decision_reason,r1_0.end_time,r1_0.start_time,r1_0.state,r1_0.user_id,u1_0.id,u1_0.email,u1_0.full_name,u1_0.role,r1_0.version from reservation r1_0 join court c1_0 on c1_0.id=r1_0.court_id left join app_user db1_0 on db1_0.id=r1_0.decided_by_id join app_user u1_0 on u1_0.id=r1_0.user_id where r1_0.id=?
Hibernate: select r1_0.id,r1_0.approval_deadline,r1_0.cancelled_at,r1_0.court_id,c1_0.id,c1_0.active,c1_0.closing_time,c1_0.location,c1_0.name,c1_0.opening_time,c1_0.requires_approval,c1_0.type,r1_0.created_at,r1_0.decided_at,db1_0.id,db1_0.email,db1_0.full_name,db1_0.role,r1_0.decision_reason,r1_0.end_time,r1_0.start_time,r1_0.state,r1_0.user_id,u1_0.id,u1_0.email,u1_0.full_name,u1_0.role,r1_0.version from reservation r1_0 join court c1_0 on c1_0.id=r1_0.court_id left join app_user db1_0 on db1_0.id=r1_0.decided_by_id join app_user u1_0 on u1_0.id=r1_0.user_id where r1_0.id=?
Hibernate: select r1_0.id,r1_0.approval_deadline,r1_0.cancelled_at,r1_0.court_id,c1_0.id,c1_0.active,c1_0.closing_time,c1_0.location,c1_0.name,c1_0.opening_time,c1_0.requires_approval,c1_0.type,r1_0.created_at,r1_0.decided_at,db1_0.id,db1_0.email,db1_0.full_name,db1_0.role,r1_0.decision_reason,r1_0.end_time,r1_0.start_time,r1_0.state,r1_0.user_id,u1_0.id,u1_0.email,u1_0.full_name,u1_0.role,r1_0.version from reservation r1_0 join court c1_0 on c1_0.id=r1_0.court_id left join app_user db1_0 on db1_0.id=r1_0.decided_by_id join app_user u1_0 on u1_0.id=r1_0.user_id where r1_0.id=?
Hibernate: select r1_0.id,r1_0.approval_deadline,r1_0.cancelled_at,r1_0.court_id,c1_0.id,c1_0.active,c1_0.closing_time,c1_0.location,c1_0.name,c1_0.opening_time,c1_0.requires_approval,c1_0.type,r1_0.created_at,r1_0.decided_at,db1_0.id,db1_0.email,db1_0.full_name,db1_0.role,r1_0.decision_reason,r1_0.end_time,r1_0.start_time,r1_0.state,r1_0.user_id,u1_0.id,u1_0.email,u1_0.full_name,u1_0.role,r1_0.version from reservation r1_0 join court c1_0 on c1_0.id=r1_0.court_id left join app_user db1_0 on db1_0.id=r1_0.decided_by_id join app_user u1_0 on u1_0.id=r1_0.user_id where r1_0.id=?
Hibernate: select r1_0.id,r1_0.approval_deadline,r1_0.cancelled_at,r1_0.court_id,c1_0.id,c1_0.active,c1_0.closing_time,c1_0.location,c1_0.name,c1_0.opening_time,c1_0.requires_approval,c1_0.type,r1_0.created_at,r1_0.decided_at,db1_0.id,db1_0.email,db1_0.full_name,db1_0.role,r1_0.decision_reason,r1_0.end_time,r1_0.start_time,r1_0.state,r1_0.user_id,u1_0.id,u1_0.email,u1_0.full_name,u1_0.role,r1_0.version from reservation r1_0 join court c1_0 on c1_0.id=r1_0.court_id left join app_user db1_0 on db1_0.id=r1_0.decided_by_id join app_user u1_0 on u1_0.id=r1_0.user_id where r1_0.id=?
Hibernate: select r1_0.id,r1_0.approval_deadline,r1_0.cancelled_at,r1_0.court_id,c1_0.id,c1_0.active,c1_0.closing_time,c1_0.location,c1_0.name,c1_0.opening_time,c1_0.requires_approval,c1_0.type,r1_0.created_at,r1_0.decided_at,db1_0.id,db1_0.email,db1_0.full_name,db1_0.role,r1_0.decision_reason,r1_0.end_time,r1_0.start_time,r1_0.state,r1_0.user_id,u1_0.id,u1_0.email,u1_0.full_name,u1_0.role,r1_0.version from reservation r1_0 join court c1_0 on c1_0.id=r1_0.court_id left join app_user db1_0 on db1_0.id=r1_0.decided_by_id join app_user u1_0 on u1_0.id=r1_0.user_id where r1_0.id=?
Hibernate: select r1_0.id,r1_0.approval_deadline,r1_0.cancelled_at,r1_0.court_id,c1_0.id,c1_0.active,c1_0.closing_time,c1_0.location,c1_0.name,c1_0.opening_time,c1_0.requires_approval,c1_0.type,r1_0.created_at,r1_0.decided_at,db1_0.id,db1_0.email,db1_0.full_name,db1_0.role,r1_0.decision_reason,r1_0.end_time,r1_0.start_time,r1_0.state,r1_0.user_id,u1_0.id,u1_0.email,u1_0.full_name,u1_0.role,r1_0.version from reservation r1_0 join court c1_0 on c1_0.id=r1_0.court_id left join app_user db1_0 on db1_0.id=r1_0.decided_by_id join app_user u1_0 on u1_0.id=r1_0.user_id where r1_0.id=?
[INFO] Tests run: 9, Failures: 0, Errors: 0, Skipped: 0, Time elapsed: 0.506 s -- in OP-03 Confirm Reservation
[INFO] Running OP-02 Check Availability (fixture: CONFIRMED [10:00,11:00))
2026-10-05T20:44:36.436+02:00  INFO 18696 --- [           main] t.c.s.AnnotationConfigContextLoaderUtils : Could not detect default configuration classes for test class [org.example.reservation.BaselineV01VerificationTest$Op02Availability]: Op02Availability does not declare any static, non-private, non-final, nested classes annotated with @Configuration.
2026-10-05T20:44:36.440+02:00  INFO 18696 --- [           main] .b.t.c.SpringBootTestContextBootstrapper : Found @SpringBootConfiguration org.example.reservation.ReservationApplication for test class org.example.reservation.BaselineV01VerificationTest$Op02Availability
Hibernate: select r1_0.id,r1_0.approval_deadline,r1_0.cancelled_at,r1_0.court_id,r1_0.created_at,r1_0.decided_at,r1_0.decided_by_id,r1_0.decision_reason,r1_0.end_time,r1_0.start_time,r1_0.state,r1_0.user_id,r1_0.version from reservation r1_0
Hibernate: select c1_0.id,c1_0.active,c1_0.closing_time,c1_0.location,c1_0.name,c1_0.opening_time,c1_0.requires_approval,c1_0.type from court c1_0 where c1_0.id=?
Hibernate: select au1_0.id,au1_0.email,au1_0.full_name,au1_0.role from app_user au1_0 where au1_0.id=?
Hibernate: delete from reservation where id=? and version=?
Hibernate: delete from reservation where id=? and version=?
Hibernate: delete from reservation where id=? and version=?
Hibernate: delete from reservation where id=? and version=?
Hibernate: delete from reservation where id=? and version=?
Hibernate: delete from reservation where id=? and version=?
Hibernate: delete from reservation where id=? and version=?
Hibernate: delete from reservation where id=? and version=?
Hibernate: insert into court (active,closing_time,location,name,opening_time,requires_approval,type,id) values (?,?,?,?,?,?,?,default)
Hibernate: insert into court (active,closing_time,location,name,opening_time,requires_approval,type,id) values (?,?,?,?,?,?,?,default)
Hibernate: insert into app_user (email,full_name,role,id) values (?,?,?,default)
Hibernate: insert into app_user (email,full_name,role,id) values (?,?,?,default)
Hibernate: insert into app_user (email,full_name,role,id) values (?,?,?,default)
Hibernate: select au1_0.id,au1_0.email,au1_0.full_name,au1_0.role from app_user au1_0 where au1_0.id=?
Hibernate: select c1_0.id,c1_0.active,c1_0.closing_time,c1_0.location,c1_0.name,c1_0.opening_time,c1_0.requires_approval,c1_0.type from court c1_0 where c1_0.id=?
Hibernate: insert into reservation (approval_deadline,cancelled_at,court_id,created_at,decided_at,decided_by_id,decision_reason,end_time,start_time,state,user_id,version,id) values (?,?,?,?,?,?,?,?,?,?,?,?,default)
Hibernate: select au1_0.id,au1_0.email,au1_0.full_name,au1_0.role from app_user au1_0 where au1_0.id=?
Hibernate: select r1_0.id,r1_0.approval_deadline,r1_0.cancelled_at,r1_0.court_id,c1_0.id,c1_0.active,c1_0.closing_time,c1_0.location,c1_0.name,c1_0.opening_time,c1_0.requires_approval,c1_0.type,r1_0.created_at,r1_0.decided_at,db1_0.id,db1_0.email,db1_0.full_name,db1_0.role,r1_0.decision_reason,r1_0.end_time,r1_0.start_time,r1_0.state,r1_0.user_id,u1_0.id,u1_0.email,u1_0.full_name,u1_0.role,r1_0.version from reservation r1_0 join court c1_0 on c1_0.id=r1_0.court_id left join app_user db1_0 on db1_0.id=r1_0.decided_by_id join app_user u1_0 on u1_0.id=r1_0.user_id where r1_0.id=?
Hibernate: select c1_0.id,c1_0.active,c1_0.closing_time,c1_0.location,c1_0.name,c1_0.opening_time,c1_0.requires_approval,c1_0.type from court c1_0 where c1_0.id=? for update
Hibernate: select r1_0.id,r1_0.approval_deadline,r1_0.cancelled_at,r1_0.court_id,r1_0.created_at,r1_0.decided_at,r1_0.decided_by_id,r1_0.decision_reason,r1_0.end_time,r1_0.start_time,r1_0.state,r1_0.user_id,r1_0.version from reservation r1_0 where r1_0.court_id=? and r1_0.state in (?) and r1_0.start_time<? and ?<r1_0.end_time
Hibernate: update reservation set approval_deadline=?,cancelled_at=?,court_id=?,decided_at=?,decided_by_id=?,decision_reason=?,end_time=?,start_time=?,state=?,user_id=?,version=? where id=? and version=?
2026-10-05T20:44:36.497+02:00  INFO 18696 --- [           main] o.e.r.s.LoggingNotificationService       : NOTIFY owner alice+1239749671949200@example.com: reservation 27 for court 'Court 1' is CONFIRMED
Hibernate: select c1_0.id,c1_0.active,c1_0.closing_time,c1_0.location,c1_0.name,c1_0.opening_time,c1_0.requires_approval,c1_0.type from court c1_0 where c1_0.id=?
Hibernate: select r1_0.id,r1_0.approval_deadline,r1_0.cancelled_at,r1_0.court_id,r1_0.created_at,r1_0.decided_at,r1_0.decided_by_id,r1_0.decision_reason,r1_0.end_time,r1_0.start_time,r1_0.state,r1_0.user_id,r1_0.version from reservation r1_0
Hibernate: select c1_0.id,c1_0.active,c1_0.closing_time,c1_0.location,c1_0.name,c1_0.opening_time,c1_0.requires_approval,c1_0.type from court c1_0 where c1_0.id=?
Hibernate: select au1_0.id,au1_0.email,au1_0.full_name,au1_0.role from app_user au1_0 where au1_0.id=?
Hibernate: delete from reservation where id=? and version=?
Hibernate: insert into court (active,closing_time,location,name,opening_time,requires_approval,type,id) values (?,?,?,?,?,?,?,default)
Hibernate: insert into court (active,closing_time,location,name,opening_time,requires_approval,type,id) values (?,?,?,?,?,?,?,default)
Hibernate: insert into app_user (email,full_name,role,id) values (?,?,?,default)
Hibernate: insert into app_user (email,full_name,role,id) values (?,?,?,default)
Hibernate: insert into app_user (email,full_name,role,id) values (?,?,?,default)
Hibernate: select au1_0.id,au1_0.email,au1_0.full_name,au1_0.role from app_user au1_0 where au1_0.id=?
Hibernate: select c1_0.id,c1_0.active,c1_0.closing_time,c1_0.location,c1_0.name,c1_0.opening_time,c1_0.requires_approval,c1_0.type from court c1_0 where c1_0.id=?
Hibernate: insert into reservation (approval_deadline,cancelled_at,court_id,created_at,decided_at,decided_by_id,decision_reason,end_time,start_time,state,user_id,version,id) values (?,?,?,?,?,?,?,?,?,?,?,?,default)
Hibernate: select au1_0.id,au1_0.email,au1_0.full_name,au1_0.role from app_user au1_0 where au1_0.id=?
Hibernate: select r1_0.id,r1_0.approval_deadline,r1_0.cancelled_at,r1_0.court_id,c1_0.id,c1_0.active,c1_0.closing_time,c1_0.location,c1_0.name,c1_0.opening_time,c1_0.requires_approval,c1_0.type,r1_0.created_at,r1_0.decided_at,db1_0.id,db1_0.email,db1_0.full_name,db1_0.role,r1_0.decision_reason,r1_0.end_time,r1_0.start_time,r1_0.state,r1_0.user_id,u1_0.id,u1_0.email,u1_0.full_name,u1_0.role,r1_0.version from reservation r1_0 join court c1_0 on c1_0.id=r1_0.court_id left join app_user db1_0 on db1_0.id=r1_0.decided_by_id join app_user u1_0 on u1_0.id=r1_0.user_id where r1_0.id=?
Hibernate: select c1_0.id,c1_0.active,c1_0.closing_time,c1_0.location,c1_0.name,c1_0.opening_time,c1_0.requires_approval,c1_0.type from court c1_0 where c1_0.id=? for update
Hibernate: select r1_0.id,r1_0.approval_deadline,r1_0.cancelled_at,r1_0.court_id,r1_0.created_at,r1_0.decided_at,r1_0.decided_by_id,r1_0.decision_reason,r1_0.end_time,r1_0.start_time,r1_0.state,r1_0.user_id,r1_0.version from reservation r1_0 where r1_0.court_id=? and r1_0.state in (?) and r1_0.start_time<? and ?<r1_0.end_time
Hibernate: update reservation set approval_deadline=?,cancelled_at=?,court_id=?,decided_at=?,decided_by_id=?,decision_reason=?,end_time=?,start_time=?,state=?,user_id=?,version=? where id=? and version=?
2026-10-05T20:44:36.522+02:00  INFO 18696 --- [           main] o.e.r.s.LoggingNotificationService       : NOTIFY owner alice+1239749709388700@example.com: reservation 28 for court 'Court 1' is CONFIRMED
Hibernate: select c1_0.id,c1_0.active,c1_0.closing_time,c1_0.location,c1_0.name,c1_0.opening_time,c1_0.requires_approval,c1_0.type from court c1_0 where c1_0.id=?
Hibernate: select r1_0.id,r1_0.approval_deadline,r1_0.cancelled_at,r1_0.court_id,r1_0.created_at,r1_0.decided_at,r1_0.decided_by_id,r1_0.decision_reason,r1_0.end_time,r1_0.start_time,r1_0.state,r1_0.user_id,r1_0.version from reservation r1_0 where r1_0.court_id=? and r1_0.state in (?) and r1_0.start_time<? and ?<r1_0.end_time
Hibernate: select r1_0.id,r1_0.approval_deadline,r1_0.cancelled_at,r1_0.court_id,r1_0.created_at,r1_0.decided_at,r1_0.decided_by_id,r1_0.decision_reason,r1_0.end_time,r1_0.start_time,r1_0.state,r1_0.user_id,r1_0.version from reservation r1_0 where r1_0.court_id=? and r1_0.state in (?) and r1_0.start_time<? and ?<r1_0.end_time
Hibernate: select r1_0.id,r1_0.approval_deadline,r1_0.cancelled_at,r1_0.court_id,r1_0.created_at,r1_0.decided_at,r1_0.decided_by_id,r1_0.decision_reason,r1_0.end_time,r1_0.start_time,r1_0.state,r1_0.user_id,r1_0.version from reservation r1_0
Hibernate: select c1_0.id,c1_0.active,c1_0.closing_time,c1_0.location,c1_0.name,c1_0.opening_time,c1_0.requires_approval,c1_0.type from court c1_0 where c1_0.id=?
Hibernate: select au1_0.id,au1_0.email,au1_0.full_name,au1_0.role from app_user au1_0 where au1_0.id=?
Hibernate: delete from reservation where id=? and version=?
Hibernate: insert into court (active,closing_time,location,name,opening_time,requires_approval,type,id) values (?,?,?,?,?,?,?,default)
Hibernate: insert into court (active,closing_time,location,name,opening_time,requires_approval,type,id) values (?,?,?,?,?,?,?,default)
Hibernate: insert into app_user (email,full_name,role,id) values (?,?,?,default)
Hibernate: insert into app_user (email,full_name,role,id) values (?,?,?,default)
Hibernate: insert into app_user (email,full_name,role,id) values (?,?,?,default)
Hibernate: select au1_0.id,au1_0.email,au1_0.full_name,au1_0.role from app_user au1_0 where au1_0.id=?
Hibernate: select c1_0.id,c1_0.active,c1_0.closing_time,c1_0.location,c1_0.name,c1_0.opening_time,c1_0.requires_approval,c1_0.type from court c1_0 where c1_0.id=?
Hibernate: insert into reservation (approval_deadline,cancelled_at,court_id,created_at,decided_at,decided_by_id,decision_reason,end_time,start_time,state,user_id,version,id) values (?,?,?,?,?,?,?,?,?,?,?,?,default)
Hibernate: select au1_0.id,au1_0.email,au1_0.full_name,au1_0.role from app_user au1_0 where au1_0.id=?
Hibernate: select r1_0.id,r1_0.approval_deadline,r1_0.cancelled_at,r1_0.court_id,c1_0.id,c1_0.active,c1_0.closing_time,c1_0.location,c1_0.name,c1_0.opening_time,c1_0.requires_approval,c1_0.type,r1_0.created_at,r1_0.decided_at,db1_0.id,db1_0.email,db1_0.full_name,db1_0.role,r1_0.decision_reason,r1_0.end_time,r1_0.start_time,r1_0.state,r1_0.user_id,u1_0.id,u1_0.email,u1_0.full_name,u1_0.role,r1_0.version from reservation r1_0 join court c1_0 on c1_0.id=r1_0.court_id left join app_user db1_0 on db1_0.id=r1_0.decided_by_id join app_user u1_0 on u1_0.id=r1_0.user_id where r1_0.id=?
Hibernate: select c1_0.id,c1_0.active,c1_0.closing_time,c1_0.location,c1_0.name,c1_0.opening_time,c1_0.requires_approval,c1_0.type from court c1_0 where c1_0.id=? for update
Hibernate: select r1_0.id,r1_0.approval_deadline,r1_0.cancelled_at,r1_0.court_id,r1_0.created_at,r1_0.decided_at,r1_0.decided_by_id,r1_0.decision_reason,r1_0.end_time,r1_0.start_time,r1_0.state,r1_0.user_id,r1_0.version from reservation r1_0 where r1_0.court_id=? and r1_0.state in (?) and r1_0.start_time<? and ?<r1_0.end_time
Hibernate: update reservation set approval_deadline=?,cancelled_at=?,court_id=?,decided_at=?,decided_by_id=?,decision_reason=?,end_time=?,start_time=?,state=?,user_id=?,version=? where id=? and version=?
2026-10-05T20:44:36.552+02:00  INFO 18696 --- [           main] o.e.r.s.LoggingNotificationService       : NOTIFY owner alice+1239749738479000@example.com: reservation 29 for court 'Court 1' is CONFIRMED
Hibernate: select c1_0.id,c1_0.active,c1_0.closing_time,c1_0.location,c1_0.name,c1_0.opening_time,c1_0.requires_approval,c1_0.type from court c1_0 where c1_0.id=?
Hibernate: select r1_0.id,r1_0.approval_deadline,r1_0.cancelled_at,r1_0.court_id,r1_0.created_at,r1_0.decided_at,r1_0.decided_by_id,r1_0.decision_reason,r1_0.end_time,r1_0.start_time,r1_0.state,r1_0.user_id,r1_0.version from reservation r1_0 where r1_0.court_id=? and r1_0.state in (?) and r1_0.start_time<? and ?<r1_0.end_time
Hibernate: select r1_0.id,r1_0.approval_deadline,r1_0.cancelled_at,r1_0.court_id,r1_0.created_at,r1_0.decided_at,r1_0.decided_by_id,r1_0.decision_reason,r1_0.end_time,r1_0.start_time,r1_0.state,r1_0.user_id,r1_0.version from reservation r1_0 where r1_0.court_id=? and r1_0.state in (?) and r1_0.start_time<? and ?<r1_0.end_time
Hibernate: select au1_0.id,au1_0.email,au1_0.full_name,au1_0.role from app_user au1_0 where au1_0.id=?
Hibernate: select r1_0.id,r1_0.approval_deadline,r1_0.cancelled_at,r1_0.court_id,r1_0.created_at,r1_0.decided_at,r1_0.decided_by_id,r1_0.decision_reason,r1_0.end_time,r1_0.start_time,r1_0.state,r1_0.user_id,r1_0.version from reservation r1_0
Hibernate: select c1_0.id,c1_0.active,c1_0.closing_time,c1_0.location,c1_0.name,c1_0.opening_time,c1_0.requires_approval,c1_0.type from court c1_0 where c1_0.id=?
Hibernate: select au1_0.id,au1_0.email,au1_0.full_name,au1_0.role from app_user au1_0 where au1_0.id=?
Hibernate: delete from reservation where id=? and version=?
Hibernate: insert into court (active,closing_time,location,name,opening_time,requires_approval,type,id) values (?,?,?,?,?,?,?,default)
Hibernate: insert into court (active,closing_time,location,name,opening_time,requires_approval,type,id) values (?,?,?,?,?,?,?,default)
Hibernate: insert into app_user (email,full_name,role,id) values (?,?,?,default)
Hibernate: insert into app_user (email,full_name,role,id) values (?,?,?,default)
Hibernate: insert into app_user (email,full_name,role,id) values (?,?,?,default)
Hibernate: select au1_0.id,au1_0.email,au1_0.full_name,au1_0.role from app_user au1_0 where au1_0.id=?
Hibernate: select c1_0.id,c1_0.active,c1_0.closing_time,c1_0.location,c1_0.name,c1_0.opening_time,c1_0.requires_approval,c1_0.type from court c1_0 where c1_0.id=?
Hibernate: insert into reservation (approval_deadline,cancelled_at,court_id,created_at,decided_at,decided_by_id,decision_reason,end_time,start_time,state,user_id,version,id) values (?,?,?,?,?,?,?,?,?,?,?,?,default)
Hibernate: select au1_0.id,au1_0.email,au1_0.full_name,au1_0.role from app_user au1_0 where au1_0.id=?
Hibernate: select r1_0.id,r1_0.approval_deadline,r1_0.cancelled_at,r1_0.court_id,c1_0.id,c1_0.active,c1_0.closing_time,c1_0.location,c1_0.name,c1_0.opening_time,c1_0.requires_approval,c1_0.type,r1_0.created_at,r1_0.decided_at,db1_0.id,db1_0.email,db1_0.full_name,db1_0.role,r1_0.decision_reason,r1_0.end_time,r1_0.start_time,r1_0.state,r1_0.user_id,u1_0.id,u1_0.email,u1_0.full_name,u1_0.role,r1_0.version from reservation r1_0 join court c1_0 on c1_0.id=r1_0.court_id left join app_user db1_0 on db1_0.id=r1_0.decided_by_id join app_user u1_0 on u1_0.id=r1_0.user_id where r1_0.id=?
Hibernate: select c1_0.id,c1_0.active,c1_0.closing_time,c1_0.location,c1_0.name,c1_0.opening_time,c1_0.requires_approval,c1_0.type from court c1_0 where c1_0.id=? for update
Hibernate: select r1_0.id,r1_0.approval_deadline,r1_0.cancelled_at,r1_0.court_id,r1_0.created_at,r1_0.decided_at,r1_0.decided_by_id,r1_0.decision_reason,r1_0.end_time,r1_0.start_time,r1_0.state,r1_0.user_id,r1_0.version from reservation r1_0 where r1_0.court_id=? and r1_0.state in (?) and r1_0.start_time<? and ?<r1_0.end_time
Hibernate: update reservation set approval_deadline=?,cancelled_at=?,court_id=?,decided_at=?,decided_by_id=?,decision_reason=?,end_time=?,start_time=?,state=?,user_id=?,version=? where id=? and version=?
2026-10-05T20:44:36.580+02:00  INFO 18696 --- [           main] o.e.r.s.LoggingNotificationService       : NOTIFY owner alice+1239749764954500@example.com: reservation 30 for court 'Court 1' is CONFIRMED
Hibernate: select c1_0.id,c1_0.active,c1_0.closing_time,c1_0.location,c1_0.name,c1_0.opening_time,c1_0.requires_approval,c1_0.type from court c1_0 where c1_0.id=?
Hibernate: select r1_0.id,r1_0.approval_deadline,r1_0.cancelled_at,r1_0.court_id,r1_0.created_at,r1_0.decided_at,r1_0.decided_by_id,r1_0.decision_reason,r1_0.end_time,r1_0.start_time,r1_0.state,r1_0.user_id,r1_0.version from reservation r1_0 where r1_0.court_id=? and r1_0.state in (?) and r1_0.start_time<? and ?<r1_0.end_time
Hibernate: select r1_0.id,r1_0.approval_deadline,r1_0.cancelled_at,r1_0.court_id,r1_0.created_at,r1_0.decided_at,r1_0.decided_by_id,r1_0.decision_reason,r1_0.end_time,r1_0.start_time,r1_0.state,r1_0.user_id,r1_0.version from reservation r1_0 where r1_0.court_id=? and r1_0.state in (?) and r1_0.start_time<? and ?<r1_0.end_time
Hibernate: select r1_0.id,r1_0.approval_deadline,r1_0.cancelled_at,r1_0.court_id,r1_0.created_at,r1_0.decided_at,r1_0.decided_by_id,r1_0.decision_reason,r1_0.end_time,r1_0.start_time,r1_0.state,r1_0.user_id,r1_0.version from reservation r1_0
Hibernate: select c1_0.id,c1_0.active,c1_0.closing_time,c1_0.location,c1_0.name,c1_0.opening_time,c1_0.requires_approval,c1_0.type from court c1_0 where c1_0.id=?
Hibernate: select au1_0.id,au1_0.email,au1_0.full_name,au1_0.role from app_user au1_0 where au1_0.id=?
Hibernate: delete from reservation where id=? and version=?
Hibernate: insert into court (active,closing_time,location,name,opening_time,requires_approval,type,id) values (?,?,?,?,?,?,?,default)
Hibernate: insert into court (active,closing_time,location,name,opening_time,requires_approval,type,id) values (?,?,?,?,?,?,?,default)
Hibernate: insert into app_user (email,full_name,role,id) values (?,?,?,default)
Hibernate: insert into app_user (email,full_name,role,id) values (?,?,?,default)
Hibernate: insert into app_user (email,full_name,role,id) values (?,?,?,default)
Hibernate: select au1_0.id,au1_0.email,au1_0.full_name,au1_0.role from app_user au1_0 where au1_0.id=?
Hibernate: select c1_0.id,c1_0.active,c1_0.closing_time,c1_0.location,c1_0.name,c1_0.opening_time,c1_0.requires_approval,c1_0.type from court c1_0 where c1_0.id=?
Hibernate: insert into reservation (approval_deadline,cancelled_at,court_id,created_at,decided_at,decided_by_id,decision_reason,end_time,start_time,state,user_id,version,id) values (?,?,?,?,?,?,?,?,?,?,?,?,default)
Hibernate: select au1_0.id,au1_0.email,au1_0.full_name,au1_0.role from app_user au1_0 where au1_0.id=?
Hibernate: select r1_0.id,r1_0.approval_deadline,r1_0.cancelled_at,r1_0.court_id,c1_0.id,c1_0.active,c1_0.closing_time,c1_0.location,c1_0.name,c1_0.opening_time,c1_0.requires_approval,c1_0.type,r1_0.created_at,r1_0.decided_at,db1_0.id,db1_0.email,db1_0.full_name,db1_0.role,r1_0.decision_reason,r1_0.end_time,r1_0.start_time,r1_0.state,r1_0.user_id,u1_0.id,u1_0.email,u1_0.full_name,u1_0.role,r1_0.version from reservation r1_0 join court c1_0 on c1_0.id=r1_0.court_id left join app_user db1_0 on db1_0.id=r1_0.decided_by_id join app_user u1_0 on u1_0.id=r1_0.user_id where r1_0.id=?
Hibernate: select c1_0.id,c1_0.active,c1_0.closing_time,c1_0.location,c1_0.name,c1_0.opening_time,c1_0.requires_approval,c1_0.type from court c1_0 where c1_0.id=? for update
Hibernate: select r1_0.id,r1_0.approval_deadline,r1_0.cancelled_at,r1_0.court_id,r1_0.created_at,r1_0.decided_at,r1_0.decided_by_id,r1_0.decision_reason,r1_0.end_time,r1_0.start_time,r1_0.state,r1_0.user_id,r1_0.version from reservation r1_0 where r1_0.court_id=? and r1_0.state in (?) and r1_0.start_time<? and ?<r1_0.end_time
Hibernate: update reservation set approval_deadline=?,cancelled_at=?,court_id=?,decided_at=?,decided_by_id=?,decision_reason=?,end_time=?,start_time=?,state=?,user_id=?,version=? where id=? and version=?
2026-10-05T20:44:36.608+02:00  INFO 18696 --- [           main] o.e.r.s.LoggingNotificationService       : NOTIFY owner alice+1239749794432200@example.com: reservation 31 for court 'Court 1' is CONFIRMED
Hibernate: select c1_0.id,c1_0.active,c1_0.closing_time,c1_0.location,c1_0.name,c1_0.opening_time,c1_0.requires_approval,c1_0.type from court c1_0 where c1_0.id=?
Hibernate: select r1_0.id,r1_0.approval_deadline,r1_0.cancelled_at,r1_0.court_id,r1_0.created_at,r1_0.decided_at,r1_0.decided_by_id,r1_0.decision_reason,r1_0.end_time,r1_0.start_time,r1_0.state,r1_0.user_id,r1_0.version from reservation r1_0 where r1_0.court_id=? and r1_0.state in (?) and r1_0.start_time<? and ?<r1_0.end_time
Hibernate: select r1_0.id,r1_0.approval_deadline,r1_0.cancelled_at,r1_0.court_id,r1_0.created_at,r1_0.decided_at,r1_0.decided_by_id,r1_0.decision_reason,r1_0.end_time,r1_0.start_time,r1_0.state,r1_0.user_id,r1_0.version from reservation r1_0 where r1_0.court_id=? and r1_0.state in (?) and r1_0.start_time<? and ?<r1_0.end_time
Hibernate: select au1_0.id,au1_0.email,au1_0.full_name,au1_0.role from app_user au1_0 where au1_0.id=?
Hibernate: select r1_0.id,r1_0.approval_deadline,r1_0.cancelled_at,r1_0.court_id,r1_0.created_at,r1_0.decided_at,r1_0.decided_by_id,r1_0.decision_reason,r1_0.end_time,r1_0.start_time,r1_0.state,r1_0.user_id,r1_0.version from reservation r1_0
Hibernate: select c1_0.id,c1_0.active,c1_0.closing_time,c1_0.location,c1_0.name,c1_0.opening_time,c1_0.requires_approval,c1_0.type from court c1_0 where c1_0.id=?
Hibernate: select au1_0.id,au1_0.email,au1_0.full_name,au1_0.role from app_user au1_0 where au1_0.id=?
Hibernate: delete from reservation where id=? and version=?
Hibernate: insert into court (active,closing_time,location,name,opening_time,requires_approval,type,id) values (?,?,?,?,?,?,?,default)
Hibernate: insert into court (active,closing_time,location,name,opening_time,requires_approval,type,id) values (?,?,?,?,?,?,?,default)
Hibernate: insert into app_user (email,full_name,role,id) values (?,?,?,default)
Hibernate: insert into app_user (email,full_name,role,id) values (?,?,?,default)
Hibernate: insert into app_user (email,full_name,role,id) values (?,?,?,default)
Hibernate: select au1_0.id,au1_0.email,au1_0.full_name,au1_0.role from app_user au1_0 where au1_0.id=?
Hibernate: select c1_0.id,c1_0.active,c1_0.closing_time,c1_0.location,c1_0.name,c1_0.opening_time,c1_0.requires_approval,c1_0.type from court c1_0 where c1_0.id=?
Hibernate: insert into reservation (approval_deadline,cancelled_at,court_id,created_at,decided_at,decided_by_id,decision_reason,end_time,start_time,state,user_id,version,id) values (?,?,?,?,?,?,?,?,?,?,?,?,default)
Hibernate: select au1_0.id,au1_0.email,au1_0.full_name,au1_0.role from app_user au1_0 where au1_0.id=?
Hibernate: select r1_0.id,r1_0.approval_deadline,r1_0.cancelled_at,r1_0.court_id,c1_0.id,c1_0.active,c1_0.closing_time,c1_0.location,c1_0.name,c1_0.opening_time,c1_0.requires_approval,c1_0.type,r1_0.created_at,r1_0.decided_at,db1_0.id,db1_0.email,db1_0.full_name,db1_0.role,r1_0.decision_reason,r1_0.end_time,r1_0.start_time,r1_0.state,r1_0.user_id,u1_0.id,u1_0.email,u1_0.full_name,u1_0.role,r1_0.version from reservation r1_0 join court c1_0 on c1_0.id=r1_0.court_id left join app_user db1_0 on db1_0.id=r1_0.decided_by_id join app_user u1_0 on u1_0.id=r1_0.user_id where r1_0.id=?
Hibernate: select c1_0.id,c1_0.active,c1_0.closing_time,c1_0.location,c1_0.name,c1_0.opening_time,c1_0.requires_approval,c1_0.type from court c1_0 where c1_0.id=? for update
Hibernate: select r1_0.id,r1_0.approval_deadline,r1_0.cancelled_at,r1_0.court_id,r1_0.created_at,r1_0.decided_at,r1_0.decided_by_id,r1_0.decision_reason,r1_0.end_time,r1_0.start_time,r1_0.state,r1_0.user_id,r1_0.version from reservation r1_0 where r1_0.court_id=? and r1_0.state in (?) and r1_0.start_time<? and ?<r1_0.end_time
Hibernate: update reservation set approval_deadline=?,cancelled_at=?,court_id=?,decided_at=?,decided_by_id=?,decision_reason=?,end_time=?,start_time=?,state=?,user_id=?,version=? where id=? and version=?
2026-10-05T20:44:36.638+02:00  INFO 18696 --- [           main] o.e.r.s.LoggingNotificationService       : NOTIFY owner alice+1239749823681700@example.com: reservation 32 for court 'Court 1' is CONFIRMED
Hibernate: select c1_0.id,c1_0.active,c1_0.closing_time,c1_0.location,c1_0.name,c1_0.opening_time,c1_0.requires_approval,c1_0.type from court c1_0 where c1_0.id=?
Hibernate: select r1_0.id,r1_0.approval_deadline,r1_0.cancelled_at,r1_0.court_id,r1_0.created_at,r1_0.decided_at,r1_0.decided_by_id,r1_0.decision_reason,r1_0.end_time,r1_0.start_time,r1_0.state,r1_0.user_id,r1_0.version from reservation r1_0 where r1_0.court_id=? and r1_0.state in (?) and r1_0.start_time<? and ?<r1_0.end_time
Hibernate: select r1_0.id,r1_0.approval_deadline,r1_0.cancelled_at,r1_0.court_id,r1_0.created_at,r1_0.decided_at,r1_0.decided_by_id,r1_0.decision_reason,r1_0.end_time,r1_0.start_time,r1_0.state,r1_0.user_id,r1_0.version from reservation r1_0 where r1_0.court_id=? and r1_0.state in (?) and r1_0.start_time<? and ?<r1_0.end_time
Hibernate: select au1_0.id,au1_0.email,au1_0.full_name,au1_0.role from app_user au1_0 where au1_0.id=?
Hibernate: select r1_0.id,r1_0.approval_deadline,r1_0.cancelled_at,r1_0.court_id,r1_0.created_at,r1_0.decided_at,r1_0.decided_by_id,r1_0.decision_reason,r1_0.end_time,r1_0.start_time,r1_0.state,r1_0.user_id,r1_0.version from reservation r1_0
Hibernate: select c1_0.id,c1_0.active,c1_0.closing_time,c1_0.location,c1_0.name,c1_0.opening_time,c1_0.requires_approval,c1_0.type from court c1_0 where c1_0.id=?
Hibernate: select au1_0.id,au1_0.email,au1_0.full_name,au1_0.role from app_user au1_0 where au1_0.id=?
Hibernate: delete from reservation where id=? and version=?
Hibernate: insert into court (active,closing_time,location,name,opening_time,requires_approval,type,id) values (?,?,?,?,?,?,?,default)
Hibernate: insert into court (active,closing_time,location,name,opening_time,requires_approval,type,id) values (?,?,?,?,?,?,?,default)
Hibernate: insert into app_user (email,full_name,role,id) values (?,?,?,default)
Hibernate: insert into app_user (email,full_name,role,id) values (?,?,?,default)
Hibernate: insert into app_user (email,full_name,role,id) values (?,?,?,default)
Hibernate: select au1_0.id,au1_0.email,au1_0.full_name,au1_0.role from app_user au1_0 where au1_0.id=?
Hibernate: select c1_0.id,c1_0.active,c1_0.closing_time,c1_0.location,c1_0.name,c1_0.opening_time,c1_0.requires_approval,c1_0.type from court c1_0 where c1_0.id=?
Hibernate: insert into reservation (approval_deadline,cancelled_at,court_id,created_at,decided_at,decided_by_id,decision_reason,end_time,start_time,state,user_id,version,id) values (?,?,?,?,?,?,?,?,?,?,?,?,default)
Hibernate: select au1_0.id,au1_0.email,au1_0.full_name,au1_0.role from app_user au1_0 where au1_0.id=?
Hibernate: select r1_0.id,r1_0.approval_deadline,r1_0.cancelled_at,r1_0.court_id,c1_0.id,c1_0.active,c1_0.closing_time,c1_0.location,c1_0.name,c1_0.opening_time,c1_0.requires_approval,c1_0.type,r1_0.created_at,r1_0.decided_at,db1_0.id,db1_0.email,db1_0.full_name,db1_0.role,r1_0.decision_reason,r1_0.end_time,r1_0.start_time,r1_0.state,r1_0.user_id,u1_0.id,u1_0.email,u1_0.full_name,u1_0.role,r1_0.version from reservation r1_0 join court c1_0 on c1_0.id=r1_0.court_id left join app_user db1_0 on db1_0.id=r1_0.decided_by_id join app_user u1_0 on u1_0.id=r1_0.user_id where r1_0.id=?
Hibernate: select c1_0.id,c1_0.active,c1_0.closing_time,c1_0.location,c1_0.name,c1_0.opening_time,c1_0.requires_approval,c1_0.type from court c1_0 where c1_0.id=? for update
Hibernate: select r1_0.id,r1_0.approval_deadline,r1_0.cancelled_at,r1_0.court_id,r1_0.created_at,r1_0.decided_at,r1_0.decided_by_id,r1_0.decision_reason,r1_0.end_time,r1_0.start_time,r1_0.state,r1_0.user_id,r1_0.version from reservation r1_0 where r1_0.court_id=? and r1_0.state in (?) and r1_0.start_time<? and ?<r1_0.end_time
Hibernate: update reservation set approval_deadline=?,cancelled_at=?,court_id=?,decided_at=?,decided_by_id=?,decision_reason=?,end_time=?,start_time=?,state=?,user_id=?,version=? where id=? and version=?
2026-10-05T20:44:36.678+02:00  INFO 18696 --- [           main] o.e.r.s.LoggingNotificationService       : NOTIFY owner alice+1239749856471900@example.com: reservation 33 for court 'Court 1' is CONFIRMED
Hibernate: select c1_0.id,c1_0.active,c1_0.closing_time,c1_0.location,c1_0.name,c1_0.opening_time,c1_0.requires_approval,c1_0.type from court c1_0 where c1_0.id=?
Hibernate: select r1_0.id,r1_0.approval_deadline,r1_0.cancelled_at,r1_0.court_id,r1_0.created_at,r1_0.decided_at,r1_0.decided_by_id,r1_0.decision_reason,r1_0.end_time,r1_0.start_time,r1_0.state,r1_0.user_id,r1_0.version from reservation r1_0 where r1_0.court_id=? and r1_0.state in (?) and r1_0.start_time<? and ?<r1_0.end_time
Hibernate: select r1_0.id,r1_0.approval_deadline,r1_0.cancelled_at,r1_0.court_id,r1_0.created_at,r1_0.decided_at,r1_0.decided_by_id,r1_0.decision_reason,r1_0.end_time,r1_0.start_time,r1_0.state,r1_0.user_id,r1_0.version from reservation r1_0
Hibernate: select c1_0.id,c1_0.active,c1_0.closing_time,c1_0.location,c1_0.name,c1_0.opening_time,c1_0.requires_approval,c1_0.type from court c1_0 where c1_0.id=?
Hibernate: select au1_0.id,au1_0.email,au1_0.full_name,au1_0.role from app_user au1_0 where au1_0.id=?
Hibernate: delete from reservation where id=? and version=?
Hibernate: insert into court (active,closing_time,location,name,opening_time,requires_approval,type,id) values (?,?,?,?,?,?,?,default)
Hibernate: insert into court (active,closing_time,location,name,opening_time,requires_approval,type,id) values (?,?,?,?,?,?,?,default)
Hibernate: insert into app_user (email,full_name,role,id) values (?,?,?,default)
Hibernate: insert into app_user (email,full_name,role,id) values (?,?,?,default)
Hibernate: insert into app_user (email,full_name,role,id) values (?,?,?,default)
Hibernate: select au1_0.id,au1_0.email,au1_0.full_name,au1_0.role from app_user au1_0 where au1_0.id=?
Hibernate: select c1_0.id,c1_0.active,c1_0.closing_time,c1_0.location,c1_0.name,c1_0.opening_time,c1_0.requires_approval,c1_0.type from court c1_0 where c1_0.id=?
Hibernate: insert into reservation (approval_deadline,cancelled_at,court_id,created_at,decided_at,decided_by_id,decision_reason,end_time,start_time,state,user_id,version,id) values (?,?,?,?,?,?,?,?,?,?,?,?,default)
Hibernate: select au1_0.id,au1_0.email,au1_0.full_name,au1_0.role from app_user au1_0 where au1_0.id=?
Hibernate: select r1_0.id,r1_0.approval_deadline,r1_0.cancelled_at,r1_0.court_id,c1_0.id,c1_0.active,c1_0.closing_time,c1_0.location,c1_0.name,c1_0.opening_time,c1_0.requires_approval,c1_0.type,r1_0.created_at,r1_0.decided_at,db1_0.id,db1_0.email,db1_0.full_name,db1_0.role,r1_0.decision_reason,r1_0.end_time,r1_0.start_time,r1_0.state,r1_0.user_id,u1_0.id,u1_0.email,u1_0.full_name,u1_0.role,r1_0.version from reservation r1_0 join court c1_0 on c1_0.id=r1_0.court_id left join app_user db1_0 on db1_0.id=r1_0.decided_by_id join app_user u1_0 on u1_0.id=r1_0.user_id where r1_0.id=?
Hibernate: select c1_0.id,c1_0.active,c1_0.closing_time,c1_0.location,c1_0.name,c1_0.opening_time,c1_0.requires_approval,c1_0.type from court c1_0 where c1_0.id=? for update
Hibernate: select r1_0.id,r1_0.approval_deadline,r1_0.cancelled_at,r1_0.court_id,r1_0.created_at,r1_0.decided_at,r1_0.decided_by_id,r1_0.decision_reason,r1_0.end_time,r1_0.start_time,r1_0.state,r1_0.user_id,r1_0.version from reservation r1_0 where r1_0.court_id=? and r1_0.state in (?) and r1_0.start_time<? and ?<r1_0.end_time
Hibernate: update reservation set approval_deadline=?,cancelled_at=?,court_id=?,decided_at=?,decided_by_id=?,decision_reason=?,end_time=?,start_time=?,state=?,user_id=?,version=? where id=? and version=?
2026-10-05T20:44:36.707+02:00  INFO 18696 --- [           main] o.e.r.s.LoggingNotificationService       : NOTIFY owner alice+1239749895520900@example.com: reservation 34 for court 'Court 1' is CONFIRMED
Hibernate: select c1_0.id,c1_0.active,c1_0.closing_time,c1_0.location,c1_0.name,c1_0.opening_time,c1_0.requires_approval,c1_0.type from court c1_0 where c1_0.id=?
Hibernate: select r1_0.id,r1_0.approval_deadline,r1_0.cancelled_at,r1_0.court_id,r1_0.created_at,r1_0.decided_at,r1_0.decided_by_id,r1_0.decision_reason,r1_0.end_time,r1_0.start_time,r1_0.state,r1_0.user_id,r1_0.version from reservation r1_0 where r1_0.court_id=? and r1_0.state in (?) and r1_0.start_time<? and ?<r1_0.end_time
Hibernate: select r1_0.id,r1_0.approval_deadline,r1_0.cancelled_at,r1_0.court_id,r1_0.created_at,r1_0.decided_at,r1_0.decided_by_id,r1_0.decision_reason,r1_0.end_time,r1_0.start_time,r1_0.state,r1_0.user_id,r1_0.version from reservation r1_0
Hibernate: select c1_0.id,c1_0.active,c1_0.closing_time,c1_0.location,c1_0.name,c1_0.opening_time,c1_0.requires_approval,c1_0.type from court c1_0 where c1_0.id=?
Hibernate: select au1_0.id,au1_0.email,au1_0.full_name,au1_0.role from app_user au1_0 where au1_0.id=?
Hibernate: delete from reservation where id=? and version=?
Hibernate: insert into court (active,closing_time,location,name,opening_time,requires_approval,type,id) values (?,?,?,?,?,?,?,default)
Hibernate: insert into court (active,closing_time,location,name,opening_time,requires_approval,type,id) values (?,?,?,?,?,?,?,default)
Hibernate: insert into app_user (email,full_name,role,id) values (?,?,?,default)
Hibernate: insert into app_user (email,full_name,role,id) values (?,?,?,default)
Hibernate: insert into app_user (email,full_name,role,id) values (?,?,?,default)
Hibernate: select au1_0.id,au1_0.email,au1_0.full_name,au1_0.role from app_user au1_0 where au1_0.id=?
Hibernate: select c1_0.id,c1_0.active,c1_0.closing_time,c1_0.location,c1_0.name,c1_0.opening_time,c1_0.requires_approval,c1_0.type from court c1_0 where c1_0.id=?
Hibernate: insert into reservation (approval_deadline,cancelled_at,court_id,created_at,decided_at,decided_by_id,decision_reason,end_time,start_time,state,user_id,version,id) values (?,?,?,?,?,?,?,?,?,?,?,?,default)
Hibernate: select au1_0.id,au1_0.email,au1_0.full_name,au1_0.role from app_user au1_0 where au1_0.id=?
Hibernate: select r1_0.id,r1_0.approval_deadline,r1_0.cancelled_at,r1_0.court_id,c1_0.id,c1_0.active,c1_0.closing_time,c1_0.location,c1_0.name,c1_0.opening_time,c1_0.requires_approval,c1_0.type,r1_0.created_at,r1_0.decided_at,db1_0.id,db1_0.email,db1_0.full_name,db1_0.role,r1_0.decision_reason,r1_0.end_time,r1_0.start_time,r1_0.state,r1_0.user_id,u1_0.id,u1_0.email,u1_0.full_name,u1_0.role,r1_0.version from reservation r1_0 join court c1_0 on c1_0.id=r1_0.court_id left join app_user db1_0 on db1_0.id=r1_0.decided_by_id join app_user u1_0 on u1_0.id=r1_0.user_id where r1_0.id=?
Hibernate: select c1_0.id,c1_0.active,c1_0.closing_time,c1_0.location,c1_0.name,c1_0.opening_time,c1_0.requires_approval,c1_0.type from court c1_0 where c1_0.id=? for update
Hibernate: select r1_0.id,r1_0.approval_deadline,r1_0.cancelled_at,r1_0.court_id,r1_0.created_at,r1_0.decided_at,r1_0.decided_by_id,r1_0.decision_reason,r1_0.end_time,r1_0.start_time,r1_0.state,r1_0.user_id,r1_0.version from reservation r1_0 where r1_0.court_id=? and r1_0.state in (?) and r1_0.start_time<? and ?<r1_0.end_time
Hibernate: update reservation set approval_deadline=?,cancelled_at=?,court_id=?,decided_at=?,decided_by_id=?,decision_reason=?,end_time=?,start_time=?,state=?,user_id=?,version=? where id=? and version=?
2026-10-05T20:44:36.734+02:00  INFO 18696 --- [           main] o.e.r.s.LoggingNotificationService       : NOTIFY owner alice+1239749919550900@example.com: reservation 35 for court 'Court 1' is CONFIRMED
Hibernate: select au1_0.id,au1_0.email,au1_0.full_name,au1_0.role from app_user au1_0 where au1_0.id=?
Hibernate: select c1_0.id,c1_0.active,c1_0.closing_time,c1_0.location,c1_0.name,c1_0.opening_time,c1_0.requires_approval,c1_0.type from court c1_0 where c1_0.id=?
Hibernate: insert into reservation (approval_deadline,cancelled_at,court_id,created_at,decided_at,decided_by_id,decision_reason,end_time,start_time,state,user_id,version,id) values (?,?,?,?,?,?,?,?,?,?,?,?,default)
Hibernate: select c1_0.id,c1_0.active,c1_0.closing_time,c1_0.location,c1_0.name,c1_0.opening_time,c1_0.requires_approval,c1_0.type from court c1_0 where c1_0.id=?
Hibernate: select r1_0.id,r1_0.approval_deadline,r1_0.cancelled_at,r1_0.court_id,r1_0.created_at,r1_0.decided_at,r1_0.decided_by_id,r1_0.decision_reason,r1_0.end_time,r1_0.start_time,r1_0.state,r1_0.user_id,r1_0.version from reservation r1_0 where r1_0.court_id=? and r1_0.state in (?) and r1_0.start_time<? and ?<r1_0.end_time
Hibernate: select r1_0.id,r1_0.approval_deadline,r1_0.cancelled_at,r1_0.court_id,r1_0.created_at,r1_0.decided_at,r1_0.decided_by_id,r1_0.decision_reason,r1_0.end_time,r1_0.start_time,r1_0.state,r1_0.user_id,r1_0.version from reservation r1_0 where r1_0.court_id=? and r1_0.state in (?) and r1_0.start_time<? and ?<r1_0.end_time
Hibernate: select r1_0.id,r1_0.approval_deadline,r1_0.cancelled_at,r1_0.court_id,r1_0.created_at,r1_0.decided_at,r1_0.decided_by_id,r1_0.decision_reason,r1_0.end_time,r1_0.start_time,r1_0.state,r1_0.user_id,r1_0.version from reservation r1_0
Hibernate: select c1_0.id,c1_0.active,c1_0.closing_time,c1_0.location,c1_0.name,c1_0.opening_time,c1_0.requires_approval,c1_0.type from court c1_0 where c1_0.id=?
Hibernate: select au1_0.id,au1_0.email,au1_0.full_name,au1_0.role from app_user au1_0 where au1_0.id=?
Hibernate: delete from reservation where id=? and version=?
Hibernate: delete from reservation where id=? and version=?
Hibernate: insert into court (active,closing_time,location,name,opening_time,requires_approval,type,id) values (?,?,?,?,?,?,?,default)
Hibernate: insert into court (active,closing_time,location,name,opening_time,requires_approval,type,id) values (?,?,?,?,?,?,?,default)
Hibernate: insert into app_user (email,full_name,role,id) values (?,?,?,default)
Hibernate: insert into app_user (email,full_name,role,id) values (?,?,?,default)
Hibernate: insert into app_user (email,full_name,role,id) values (?,?,?,default)
Hibernate: select au1_0.id,au1_0.email,au1_0.full_name,au1_0.role from app_user au1_0 where au1_0.id=?
Hibernate: select c1_0.id,c1_0.active,c1_0.closing_time,c1_0.location,c1_0.name,c1_0.opening_time,c1_0.requires_approval,c1_0.type from court c1_0 where c1_0.id=?
Hibernate: insert into reservation (approval_deadline,cancelled_at,court_id,created_at,decided_at,decided_by_id,decision_reason,end_time,start_time,state,user_id,version,id) values (?,?,?,?,?,?,?,?,?,?,?,?,default)
Hibernate: select au1_0.id,au1_0.email,au1_0.full_name,au1_0.role from app_user au1_0 where au1_0.id=?
Hibernate: select r1_0.id,r1_0.approval_deadline,r1_0.cancelled_at,r1_0.court_id,c1_0.id,c1_0.active,c1_0.closing_time,c1_0.location,c1_0.name,c1_0.opening_time,c1_0.requires_approval,c1_0.type,r1_0.created_at,r1_0.decided_at,db1_0.id,db1_0.email,db1_0.full_name,db1_0.role,r1_0.decision_reason,r1_0.end_time,r1_0.start_time,r1_0.state,r1_0.user_id,u1_0.id,u1_0.email,u1_0.full_name,u1_0.role,r1_0.version from reservation r1_0 join court c1_0 on c1_0.id=r1_0.court_id left join app_user db1_0 on db1_0.id=r1_0.decided_by_id join app_user u1_0 on u1_0.id=r1_0.user_id where r1_0.id=?
Hibernate: select c1_0.id,c1_0.active,c1_0.closing_time,c1_0.location,c1_0.name,c1_0.opening_time,c1_0.requires_approval,c1_0.type from court c1_0 where c1_0.id=? for update
Hibernate: select r1_0.id,r1_0.approval_deadline,r1_0.cancelled_at,r1_0.court_id,r1_0.created_at,r1_0.decided_at,r1_0.decided_by_id,r1_0.decision_reason,r1_0.end_time,r1_0.start_time,r1_0.state,r1_0.user_id,r1_0.version from reservation r1_0 where r1_0.court_id=? and r1_0.state in (?) and r1_0.start_time<? and ?<r1_0.end_time
Hibernate: update reservation set approval_deadline=?,cancelled_at=?,court_id=?,decided_at=?,decided_by_id=?,decision_reason=?,end_time=?,start_time=?,state=?,user_id=?,version=? where id=? and version=?
2026-10-05T20:44:36.769+02:00  INFO 18696 --- [           main] o.e.r.s.LoggingNotificationService       : NOTIFY owner alice+1239749953475700@example.com: reservation 37 for court 'Court 1' is CONFIRMED
Hibernate: select au1_0.id,au1_0.email,au1_0.full_name,au1_0.role from app_user au1_0 where au1_0.id=?
Hibernate: select c1_0.id,c1_0.active,c1_0.closing_time,c1_0.location,c1_0.name,c1_0.opening_time,c1_0.requires_approval,c1_0.type from court c1_0 where c1_0.id=?
Hibernate: insert into reservation (approval_deadline,cancelled_at,court_id,created_at,decided_at,decided_by_id,decision_reason,end_time,start_time,state,user_id,version,id) values (?,?,?,?,?,?,?,?,?,?,?,?,default)
Hibernate: select au1_0.id,au1_0.email,au1_0.full_name,au1_0.role from app_user au1_0 where au1_0.id=?
Hibernate: select r1_0.id,r1_0.approval_deadline,r1_0.cancelled_at,r1_0.court_id,c1_0.id,c1_0.active,c1_0.closing_time,c1_0.location,c1_0.name,c1_0.opening_time,c1_0.requires_approval,c1_0.type,r1_0.created_at,r1_0.decided_at,db1_0.id,db1_0.email,db1_0.full_name,db1_0.role,r1_0.decision_reason,r1_0.end_time,r1_0.start_time,r1_0.state,r1_0.user_id,u1_0.id,u1_0.email,u1_0.full_name,u1_0.role,r1_0.version from reservation r1_0 join court c1_0 on c1_0.id=r1_0.court_id left join app_user db1_0 on db1_0.id=r1_0.decided_by_id join app_user u1_0 on u1_0.id=r1_0.user_id where r1_0.id=?
Hibernate: select c1_0.id,c1_0.active,c1_0.closing_time,c1_0.location,c1_0.name,c1_0.opening_time,c1_0.requires_approval,c1_0.type from court c1_0 where c1_0.id=? for update
Hibernate: select r1_0.id,r1_0.approval_deadline,r1_0.cancelled_at,r1_0.court_id,r1_0.created_at,r1_0.decided_at,r1_0.decided_by_id,r1_0.decision_reason,r1_0.end_time,r1_0.start_time,r1_0.state,r1_0.user_id,r1_0.version from reservation r1_0 where r1_0.court_id=? and r1_0.state in (?) and r1_0.start_time<? and ?<r1_0.end_time
Hibernate: update reservation set approval_deadline=?,cancelled_at=?,court_id=?,decided_at=?,decided_by_id=?,decision_reason=?,end_time=?,start_time=?,state=?,user_id=?,version=? where id=? and version=?
2026-10-05T20:44:36.777+02:00  INFO 18696 --- [           main] o.e.r.s.LoggingNotificationService       : NOTIFY owner alice+1239749953475700@example.com: reservation 38 for court 'Court 1' is CONFIRMED
Hibernate: select c1_0.id,c1_0.active,c1_0.closing_time,c1_0.location,c1_0.name,c1_0.opening_time,c1_0.requires_approval,c1_0.type from court c1_0 where c1_0.id=?
Hibernate: select r1_0.id,r1_0.approval_deadline,r1_0.cancelled_at,r1_0.court_id,r1_0.created_at,r1_0.decided_at,r1_0.decided_by_id,r1_0.decision_reason,r1_0.end_time,r1_0.start_time,r1_0.state,r1_0.user_id,r1_0.version from reservation r1_0 where r1_0.court_id=? and r1_0.state in (?) and r1_0.start_time<? and ?<r1_0.end_time
Hibernate: select r1_0.id,r1_0.approval_deadline,r1_0.cancelled_at,r1_0.court_id,r1_0.created_at,r1_0.decided_at,r1_0.decided_by_id,r1_0.decision_reason,r1_0.end_time,r1_0.start_time,r1_0.state,r1_0.user_id,r1_0.version from reservation r1_0 where r1_0.court_id=? and r1_0.state in (?) and r1_0.start_time<? and ?<r1_0.end_time
Hibernate: select au1_0.id,au1_0.email,au1_0.full_name,au1_0.role from app_user au1_0 where au1_0.id=?
Hibernate: select au1_0.id,au1_0.email,au1_0.full_name,au1_0.role from app_user au1_0 where au1_0.id=?
Hibernate: select r1_0.id,r1_0.approval_deadline,r1_0.cancelled_at,r1_0.court_id,c1_0.id,c1_0.active,c1_0.closing_time,c1_0.location,c1_0.name,c1_0.opening_time,c1_0.requires_approval,c1_0.type,r1_0.created_at,r1_0.decided_at,db1_0.id,db1_0.email,db1_0.full_name,db1_0.role,r1_0.decision_reason,r1_0.end_time,r1_0.start_time,r1_0.state,r1_0.user_id,u1_0.id,u1_0.email,u1_0.full_name,u1_0.role,r1_0.version from reservation r1_0 join court c1_0 on c1_0.id=r1_0.court_id left join app_user db1_0 on db1_0.id=r1_0.decided_by_id join app_user u1_0 on u1_0.id=r1_0.user_id where r1_0.id=?
Hibernate: update reservation set approval_deadline=?,cancelled_at=?,court_id=?,decided_at=?,decided_by_id=?,decision_reason=?,end_time=?,start_time=?,state=?,user_id=?,version=? where id=? and version=?
Hibernate: select c1_0.id,c1_0.active,c1_0.closing_time,c1_0.location,c1_0.name,c1_0.opening_time,c1_0.requires_approval,c1_0.type from court c1_0 where c1_0.id=?
Hibernate: select r1_0.id,r1_0.approval_deadline,r1_0.cancelled_at,r1_0.court_id,r1_0.created_at,r1_0.decided_at,r1_0.decided_by_id,r1_0.decision_reason,r1_0.end_time,r1_0.start_time,r1_0.state,r1_0.user_id,r1_0.version from reservation r1_0 where r1_0.court_id=? and r1_0.state in (?) and r1_0.start_time<? and ?<r1_0.end_time
Hibernate: select r1_0.id,r1_0.approval_deadline,r1_0.cancelled_at,r1_0.court_id,r1_0.created_at,r1_0.decided_at,r1_0.decided_by_id,r1_0.decision_reason,r1_0.end_time,r1_0.start_time,r1_0.state,r1_0.user_id,r1_0.version from reservation r1_0 where r1_0.court_id=? and r1_0.state in (?) and r1_0.start_time<? and ?<r1_0.end_time
[INFO] Tests run: 10, Failures: 0, Errors: 0, Skipped: 0, Time elapsed: 0.354 s -- in OP-02 Check Availability (fixture: CONFIRMED [10:00,11:00))
[INFO] Running OP-01 Create Reservation
2026-10-05T20:44:36.792+02:00  INFO 18696 --- [           main] t.c.s.AnnotationConfigContextLoaderUtils : Could not detect default configuration classes for test class [org.example.reservation.BaselineV01VerificationTest$Op01Create]: Op01Create does not declare any static, non-private, non-final, nested classes annotated with @Configuration.
2026-10-05T20:44:36.794+02:00  INFO 18696 --- [           main] .b.t.c.SpringBootTestContextBootstrapper : Found @SpringBootConfiguration org.example.reservation.ReservationApplication for test class org.example.reservation.BaselineV01VerificationTest$Op01Create
Hibernate: select r1_0.id,r1_0.approval_deadline,r1_0.cancelled_at,r1_0.court_id,r1_0.created_at,r1_0.decided_at,r1_0.decided_by_id,r1_0.decision_reason,r1_0.end_time,r1_0.start_time,r1_0.state,r1_0.user_id,r1_0.version from reservation r1_0
Hibernate: select c1_0.id,c1_0.active,c1_0.closing_time,c1_0.location,c1_0.name,c1_0.opening_time,c1_0.requires_approval,c1_0.type from court c1_0 where c1_0.id=?
Hibernate: select au1_0.id,au1_0.email,au1_0.full_name,au1_0.role from app_user au1_0 where au1_0.id=?
Hibernate: delete from reservation where id=? and version=?
Hibernate: delete from reservation where id=? and version=?
Hibernate: insert into court (active,closing_time,location,name,opening_time,requires_approval,type,id) values (?,?,?,?,?,?,?,default)
Hibernate: insert into court (active,closing_time,location,name,opening_time,requires_approval,type,id) values (?,?,?,?,?,?,?,default)
Hibernate: insert into app_user (email,full_name,role,id) values (?,?,?,default)
Hibernate: insert into app_user (email,full_name,role,id) values (?,?,?,default)
Hibernate: insert into app_user (email,full_name,role,id) values (?,?,?,default)
Hibernate: select au1_0.id,au1_0.email,au1_0.full_name,au1_0.role from app_user au1_0 where au1_0.id=?
Hibernate: select c1_0.id,c1_0.active,c1_0.closing_time,c1_0.location,c1_0.name,c1_0.opening_time,c1_0.requires_approval,c1_0.type from court c1_0 where c1_0.id=?
Hibernate: insert into reservation (approval_deadline,cancelled_at,court_id,created_at,decided_at,decided_by_id,decision_reason,end_time,start_time,state,user_id,version,id) values (?,?,?,?,?,?,?,?,?,?,?,?,default)
Hibernate: select c1_0.id,c1_0.active,c1_0.closing_time,c1_0.location,c1_0.name,c1_0.opening_time,c1_0.requires_approval,c1_0.type from court c1_0 where c1_0.id=?
Hibernate: select r1_0.id,r1_0.approval_deadline,r1_0.cancelled_at,r1_0.court_id,r1_0.created_at,r1_0.decided_at,r1_0.decided_by_id,r1_0.decision_reason,r1_0.end_time,r1_0.start_time,r1_0.state,r1_0.user_id,r1_0.version from reservation r1_0 where r1_0.court_id=? and r1_0.state in (?) and r1_0.start_time<? and ?<r1_0.end_time
Hibernate: select r1_0.id,r1_0.approval_deadline,r1_0.cancelled_at,r1_0.court_id,r1_0.created_at,r1_0.decided_at,r1_0.decided_by_id,r1_0.decision_reason,r1_0.end_time,r1_0.start_time,r1_0.state,r1_0.user_id,r1_0.version from reservation r1_0 where r1_0.court_id=? and r1_0.state in (?) and r1_0.start_time<? and ?<r1_0.end_time
Hibernate: select r1_0.id,r1_0.approval_deadline,r1_0.cancelled_at,r1_0.court_id,r1_0.created_at,r1_0.decided_at,r1_0.decided_by_id,r1_0.decision_reason,r1_0.end_time,r1_0.start_time,r1_0.state,r1_0.user_id,r1_0.version from reservation r1_0
Hibernate: select c1_0.id,c1_0.active,c1_0.closing_time,c1_0.location,c1_0.name,c1_0.opening_time,c1_0.requires_approval,c1_0.type from court c1_0 where c1_0.id=?
Hibernate: select au1_0.id,au1_0.email,au1_0.full_name,au1_0.role from app_user au1_0 where au1_0.id=?
Hibernate: delete from reservation where id=? and version=?
Hibernate: insert into court (active,closing_time,location,name,opening_time,requires_approval,type,id) values (?,?,?,?,?,?,?,default)
Hibernate: insert into court (active,closing_time,location,name,opening_time,requires_approval,type,id) values (?,?,?,?,?,?,?,default)
Hibernate: insert into app_user (email,full_name,role,id) values (?,?,?,default)
Hibernate: insert into app_user (email,full_name,role,id) values (?,?,?,default)
Hibernate: insert into app_user (email,full_name,role,id) values (?,?,?,default)
Hibernate: select au1_0.id,au1_0.email,au1_0.full_name,au1_0.role from app_user au1_0 where au1_0.id=?
Hibernate: select c1_0.id,c1_0.active,c1_0.closing_time,c1_0.location,c1_0.name,c1_0.opening_time,c1_0.requires_approval,c1_0.type from court c1_0 where c1_0.id=?
Hibernate: insert into reservation (approval_deadline,cancelled_at,court_id,created_at,decided_at,decided_by_id,decision_reason,end_time,start_time,state,user_id,version,id) values (?,?,?,?,?,?,?,?,?,?,?,?,default)
Hibernate: select au1_0.id,au1_0.email,au1_0.full_name,au1_0.role from app_user au1_0 where au1_0.id=?
Hibernate: select r1_0.id,r1_0.approval_deadline,r1_0.cancelled_at,r1_0.court_id,c1_0.id,c1_0.active,c1_0.closing_time,c1_0.location,c1_0.name,c1_0.opening_time,c1_0.requires_approval,c1_0.type,r1_0.created_at,r1_0.decided_at,db1_0.id,db1_0.email,db1_0.full_name,db1_0.role,r1_0.decision_reason,r1_0.end_time,r1_0.start_time,r1_0.state,r1_0.user_id,u1_0.id,u1_0.email,u1_0.full_name,u1_0.role,r1_0.version from reservation r1_0 join court c1_0 on c1_0.id=r1_0.court_id left join app_user db1_0 on db1_0.id=r1_0.decided_by_id join app_user u1_0 on u1_0.id=r1_0.user_id where r1_0.id=?
Hibernate: select c1_0.id,c1_0.active,c1_0.closing_time,c1_0.location,c1_0.name,c1_0.opening_time,c1_0.requires_approval,c1_0.type from court c1_0 where c1_0.id=? for update
Hibernate: select r1_0.id,r1_0.approval_deadline,r1_0.cancelled_at,r1_0.court_id,r1_0.created_at,r1_0.decided_at,r1_0.decided_by_id,r1_0.decision_reason,r1_0.end_time,r1_0.start_time,r1_0.state,r1_0.user_id,r1_0.version from reservation r1_0 where r1_0.court_id=? and r1_0.state in (?) and r1_0.start_time<? and ?<r1_0.end_time
Hibernate: update reservation set approval_deadline=?,cancelled_at=?,court_id=?,decided_at=?,decided_by_id=?,decision_reason=?,end_time=?,start_time=?,state=?,user_id=?,version=? where id=? and version=?
2026-10-05T20:44:36.849+02:00  INFO 18696 --- [           main] o.e.r.s.LoggingNotificationService       : NOTIFY owner alice+1239750033819300@example.com: reservation 40 for court 'Court 1' is CONFIRMED
Hibernate: select au1_0.id,au1_0.email,au1_0.full_name,au1_0.role from app_user au1_0 where au1_0.id=?
Hibernate: select c1_0.id,c1_0.active,c1_0.closing_time,c1_0.location,c1_0.name,c1_0.opening_time,c1_0.requires_approval,c1_0.type from court c1_0 where c1_0.id=?
Hibernate: insert into reservation (approval_deadline,cancelled_at,court_id,created_at,decided_at,decided_by_id,decision_reason,end_time,start_time,state,user_id,version,id) values (?,?,?,?,?,?,?,?,?,?,?,?,default)
Hibernate: select r1_0.id,r1_0.approval_deadline,r1_0.cancelled_at,r1_0.court_id,r1_0.created_at,r1_0.decided_at,r1_0.decided_by_id,r1_0.decision_reason,r1_0.end_time,r1_0.start_time,r1_0.state,r1_0.user_id,r1_0.version from reservation r1_0
Hibernate: select c1_0.id,c1_0.active,c1_0.closing_time,c1_0.location,c1_0.name,c1_0.opening_time,c1_0.requires_approval,c1_0.type from court c1_0 where c1_0.id=?
Hibernate: select au1_0.id,au1_0.email,au1_0.full_name,au1_0.role from app_user au1_0 where au1_0.id=?
Hibernate: select au1_0.id,au1_0.email,au1_0.full_name,au1_0.role from app_user au1_0 where au1_0.id=?
Hibernate: delete from reservation where id=? and version=?
Hibernate: delete from reservation where id=? and version=?
Hibernate: insert into court (active,closing_time,location,name,opening_time,requires_approval,type,id) values (?,?,?,?,?,?,?,default)
Hibernate: insert into court (active,closing_time,location,name,opening_time,requires_approval,type,id) values (?,?,?,?,?,?,?,default)
Hibernate: insert into app_user (email,full_name,role,id) values (?,?,?,default)
Hibernate: insert into app_user (email,full_name,role,id) values (?,?,?,default)
Hibernate: insert into app_user (email,full_name,role,id) values (?,?,?,default)
Hibernate: select count(*) from reservation r1_0
Hibernate: select au1_0.id,au1_0.email,au1_0.full_name,au1_0.role from app_user au1_0 where au1_0.id=?
Hibernate: select c1_0.id,c1_0.active,c1_0.closing_time,c1_0.location,c1_0.name,c1_0.opening_time,c1_0.requires_approval,c1_0.type from court c1_0 where c1_0.id=?
Hibernate: select count(*) from reservation r1_0
Hibernate: select r1_0.id,r1_0.approval_deadline,r1_0.cancelled_at,r1_0.court_id,r1_0.created_at,r1_0.decided_at,r1_0.decided_by_id,r1_0.decision_reason,r1_0.end_time,r1_0.start_time,r1_0.state,r1_0.user_id,r1_0.version from reservation r1_0
Hibernate: insert into court (active,closing_time,location,name,opening_time,requires_approval,type,id) values (?,?,?,?,?,?,?,default)
Hibernate: insert into court (active,closing_time,location,name,opening_time,requires_approval,type,id) values (?,?,?,?,?,?,?,default)
Hibernate: insert into app_user (email,full_name,role,id) values (?,?,?,default)
Hibernate: insert into app_user (email,full_name,role,id) values (?,?,?,default)
Hibernate: insert into app_user (email,full_name,role,id) values (?,?,?,default)
Hibernate: select au1_0.id,au1_0.email,au1_0.full_name,au1_0.role from app_user au1_0 where au1_0.id=?
Hibernate: select c1_0.id,c1_0.active,c1_0.closing_time,c1_0.location,c1_0.name,c1_0.opening_time,c1_0.requires_approval,c1_0.type from court c1_0 where c1_0.id=?
Hibernate: select r1_0.id,r1_0.approval_deadline,r1_0.cancelled_at,r1_0.court_id,r1_0.created_at,r1_0.decided_at,r1_0.decided_by_id,r1_0.decision_reason,r1_0.end_time,r1_0.start_time,r1_0.state,r1_0.user_id,r1_0.version from reservation r1_0
Hibernate: insert into court (active,closing_time,location,name,opening_time,requires_approval,type,id) values (?,?,?,?,?,?,?,default)
Hibernate: insert into court (active,closing_time,location,name,opening_time,requires_approval,type,id) values (?,?,?,?,?,?,?,default)
Hibernate: insert into app_user (email,full_name,role,id) values (?,?,?,default)
Hibernate: insert into app_user (email,full_name,role,id) values (?,?,?,default)
Hibernate: insert into app_user (email,full_name,role,id) values (?,?,?,default)
Hibernate: select count(*) from reservation r1_0
Hibernate: select au1_0.id,au1_0.email,au1_0.full_name,au1_0.role from app_user au1_0 where au1_0.id=?
Hibernate: select count(*) from reservation r1_0
Hibernate: select r1_0.id,r1_0.approval_deadline,r1_0.cancelled_at,r1_0.court_id,r1_0.created_at,r1_0.decided_at,r1_0.decided_by_id,r1_0.decision_reason,r1_0.end_time,r1_0.start_time,r1_0.state,r1_0.user_id,r1_0.version from reservation r1_0
Hibernate: insert into court (active,closing_time,location,name,opening_time,requires_approval,type,id) values (?,?,?,?,?,?,?,default)
Hibernate: insert into court (active,closing_time,location,name,opening_time,requires_approval,type,id) values (?,?,?,?,?,?,?,default)
Hibernate: insert into app_user (email,full_name,role,id) values (?,?,?,default)
Hibernate: insert into app_user (email,full_name,role,id) values (?,?,?,default)
Hibernate: insert into app_user (email,full_name,role,id) values (?,?,?,default)
Hibernate: select au1_0.id,au1_0.email,au1_0.full_name,au1_0.role from app_user au1_0 where au1_0.id=?
Hibernate: select c1_0.id,c1_0.active,c1_0.closing_time,c1_0.location,c1_0.name,c1_0.opening_time,c1_0.requires_approval,c1_0.type from court c1_0 where c1_0.id=?
[INFO] Tests run: 6, Failures: 0, Errors: 0, Skipped: 0, Time elapsed: 0.156 s -- in OP-01 Create Reservation
[INFO] Tests run: 0, Failures: 0, Errors: 0, Skipped: 0, Time elapsed: 9.556 s -- in org.example.reservation.BaselineV01VerificationTest
[INFO] Running org.example.reservation.BaselineV02ApprovalVerificationTest
2026-10-05T20:44:36.950+02:00  INFO 18696 --- [           main] t.c.s.AnnotationConfigContextLoaderUtils : Could not detect default configuration classes for test class [org.example.reservation.BaselineV02ApprovalVerificationTest]: BaselineV02ApprovalVerificationTest does not declare any static, non-private, non-final, nested classes annotated with @Configuration.
2026-10-05T20:44:36.956+02:00  INFO 18696 --- [           main] .b.t.c.SpringBootTestContextBootstrapper : Found @SpringBootConfiguration org.example.reservation.ReservationApplication for test class org.example.reservation.BaselineV02ApprovalVerificationTest
[INFO] Running OP-04 Cancel - amended cancellable states (BR-03.1)
2026-10-05T20:44:36.971+02:00  INFO 18696 --- [           main] t.c.s.AnnotationConfigContextLoaderUtils : Could not detect default configuration classes for test class [org.example.reservation.BaselineV02ApprovalVerificationTest$Op04Changed]: Op04Changed does not declare any static, non-private, non-final, nested classes annotated with @Configuration.
2026-10-05T20:44:36.981+02:00  INFO 18696 --- [           main] .b.t.c.SpringBootTestContextBootstrapper : Found @SpringBootConfiguration org.example.reservation.ReservationApplication for test class org.example.reservation.BaselineV02ApprovalVerificationTest$Op04Changed
Hibernate: select r1_0.id,r1_0.approval_deadline,r1_0.cancelled_at,r1_0.court_id,r1_0.created_at,r1_0.decided_at,r1_0.decided_by_id,r1_0.decision_reason,r1_0.end_time,r1_0.start_time,r1_0.state,r1_0.user_id,r1_0.version from reservation r1_0
Hibernate: insert into court (active,closing_time,location,name,opening_time,requires_approval,type,id) values (?,?,?,?,?,?,?,default)
Hibernate: insert into court (active,closing_time,location,name,opening_time,requires_approval,type,id) values (?,?,?,?,?,?,?,default)
Hibernate: insert into app_user (email,full_name,role,id) values (?,?,?,default)
Hibernate: insert into app_user (email,full_name,role,id) values (?,?,?,default)
Hibernate: insert into app_user (email,full_name,role,id) values (?,?,?,default)
Hibernate: insert into app_user (email,full_name,role,id) values (?,?,?,default)
Hibernate: select au1_0.id,au1_0.email,au1_0.full_name,au1_0.role from app_user au1_0 where au1_0.id=?
Hibernate: select c1_0.id,c1_0.active,c1_0.closing_time,c1_0.location,c1_0.name,c1_0.opening_time,c1_0.requires_approval,c1_0.type from court c1_0 where c1_0.id=?
Hibernate: insert into reservation (approval_deadline,cancelled_at,court_id,created_at,decided_at,decided_by_id,decision_reason,end_time,start_time,state,user_id,version,id) values (?,?,?,?,?,?,?,?,?,?,?,?,default)
Hibernate: select au1_0.id,au1_0.email,au1_0.full_name,au1_0.role from app_user au1_0 where au1_0.id=?
Hibernate: select r1_0.id,r1_0.approval_deadline,r1_0.cancelled_at,r1_0.court_id,c1_0.id,c1_0.active,c1_0.closing_time,c1_0.location,c1_0.name,c1_0.opening_time,c1_0.requires_approval,c1_0.type,r1_0.created_at,r1_0.decided_at,db1_0.id,db1_0.email,db1_0.full_name,db1_0.role,r1_0.decision_reason,r1_0.end_time,r1_0.start_time,r1_0.state,r1_0.user_id,u1_0.id,u1_0.email,u1_0.full_name,u1_0.role,r1_0.version from reservation r1_0 join court c1_0 on c1_0.id=r1_0.court_id left join app_user db1_0 on db1_0.id=r1_0.decided_by_id join app_user u1_0 on u1_0.id=r1_0.user_id where r1_0.id=?
Hibernate: select c1_0.id,c1_0.active,c1_0.closing_time,c1_0.location,c1_0.name,c1_0.opening_time,c1_0.requires_approval,c1_0.type from court c1_0 where c1_0.id=? for update
Hibernate: select r1_0.id,r1_0.approval_deadline,r1_0.cancelled_at,r1_0.court_id,r1_0.created_at,r1_0.decided_at,r1_0.decided_by_id,r1_0.decision_reason,r1_0.end_time,r1_0.start_time,r1_0.state,r1_0.user_id,r1_0.version from reservation r1_0 where r1_0.court_id=? and r1_0.state in (?) and r1_0.start_time<? and ?<r1_0.end_time
Hibernate: update reservation set approval_deadline=?,cancelled_at=?,court_id=?,decided_at=?,decided_by_id=?,decision_reason=?,end_time=?,start_time=?,state=?,user_id=?,version=? where id=? and version=?
2026-10-05T20:44:37.007+02:00  INFO 18696 --- [           main] o.e.r.s.LoggingNotificationService       : NOTIFY approvers: reservation 42 for court 'Centre Court (approval)' awaits approval until 2026-09-20T10:00
Hibernate: select au1_0.id,au1_0.email,au1_0.full_name,au1_0.role from app_user au1_0 where au1_0.id=?
Hibernate: select r1_0.id,r1_0.approval_deadline,r1_0.cancelled_at,r1_0.court_id,c1_0.id,c1_0.active,c1_0.closing_time,c1_0.location,c1_0.name,c1_0.opening_time,c1_0.requires_approval,c1_0.type,r1_0.created_at,r1_0.decided_at,db1_0.id,db1_0.email,db1_0.full_name,db1_0.role,r1_0.decision_reason,r1_0.end_time,r1_0.start_time,r1_0.state,r1_0.user_id,u1_0.id,u1_0.email,u1_0.full_name,u1_0.role,r1_0.version from reservation r1_0 join court c1_0 on c1_0.id=r1_0.court_id left join app_user db1_0 on db1_0.id=r1_0.decided_by_id join app_user u1_0 on u1_0.id=r1_0.user_id where r1_0.id=?
Hibernate: update reservation set approval_deadline=?,cancelled_at=?,court_id=?,decided_at=?,decided_by_id=?,decision_reason=?,end_time=?,start_time=?,state=?,user_id=?,version=? where id=? and version=?
2026-10-05T20:44:37.013+02:00  INFO 18696 --- [           main] o.e.r.s.LoggingNotificationService       : NOTIFY owner alice+1239750191057700@example.com: reservation 42 is now REJECTED (no)
Hibernate: select au1_0.id,au1_0.email,au1_0.full_name,au1_0.role from app_user au1_0 where au1_0.id=?
Hibernate: select r1_0.id,r1_0.approval_deadline,r1_0.cancelled_at,r1_0.court_id,c1_0.id,c1_0.active,c1_0.closing_time,c1_0.location,c1_0.name,c1_0.opening_time,c1_0.requires_approval,c1_0.type,r1_0.created_at,r1_0.decided_at,db1_0.id,db1_0.email,db1_0.full_name,db1_0.role,r1_0.decision_reason,r1_0.end_time,r1_0.start_time,r1_0.state,r1_0.user_id,u1_0.id,u1_0.email,u1_0.full_name,u1_0.role,r1_0.version from reservation r1_0 join court c1_0 on c1_0.id=r1_0.court_id left join app_user db1_0 on db1_0.id=r1_0.decided_by_id join app_user u1_0 on u1_0.id=r1_0.user_id where r1_0.id=?
Hibernate: select r1_0.id,r1_0.approval_deadline,r1_0.cancelled_at,r1_0.court_id,c1_0.id,c1_0.active,c1_0.closing_time,c1_0.location,c1_0.name,c1_0.opening_time,c1_0.requires_approval,c1_0.type,r1_0.created_at,r1_0.decided_at,db1_0.id,db1_0.email,db1_0.full_name,db1_0.role,r1_0.decision_reason,r1_0.end_time,r1_0.start_time,r1_0.state,r1_0.user_id,u1_0.id,u1_0.email,u1_0.full_name,u1_0.role,r1_0.version from reservation r1_0 join court c1_0 on c1_0.id=r1_0.court_id left join app_user db1_0 on db1_0.id=r1_0.decided_by_id join app_user u1_0 on u1_0.id=r1_0.user_id where r1_0.id=?
Hibernate: select r1_0.id,r1_0.approval_deadline,r1_0.cancelled_at,r1_0.court_id,r1_0.created_at,r1_0.decided_at,r1_0.decided_by_id,r1_0.decision_reason,r1_0.end_time,r1_0.start_time,r1_0.state,r1_0.user_id,r1_0.version from reservation r1_0
Hibernate: select c1_0.id,c1_0.active,c1_0.closing_time,c1_0.location,c1_0.name,c1_0.opening_time,c1_0.requires_approval,c1_0.type from court c1_0 where c1_0.id=?
Hibernate: select au1_0.id,au1_0.email,au1_0.full_name,au1_0.role from app_user au1_0 where au1_0.id=?
Hibernate: select au1_0.id,au1_0.email,au1_0.full_name,au1_0.role from app_user au1_0 where au1_0.id=?
Hibernate: delete from reservation where id=? and version=?
Hibernate: insert into court (active,closing_time,location,name,opening_time,requires_approval,type,id) values (?,?,?,?,?,?,?,default)
Hibernate: insert into court (active,closing_time,location,name,opening_time,requires_approval,type,id) values (?,?,?,?,?,?,?,default)
Hibernate: insert into app_user (email,full_name,role,id) values (?,?,?,default)
Hibernate: insert into app_user (email,full_name,role,id) values (?,?,?,default)
Hibernate: insert into app_user (email,full_name,role,id) values (?,?,?,default)
Hibernate: insert into app_user (email,full_name,role,id) values (?,?,?,default)
Hibernate: select au1_0.id,au1_0.email,au1_0.full_name,au1_0.role from app_user au1_0 where au1_0.id=?
Hibernate: select c1_0.id,c1_0.active,c1_0.closing_time,c1_0.location,c1_0.name,c1_0.opening_time,c1_0.requires_approval,c1_0.type from court c1_0 where c1_0.id=?
Hibernate: insert into reservation (approval_deadline,cancelled_at,court_id,created_at,decided_at,decided_by_id,decision_reason,end_time,start_time,state,user_id,version,id) values (?,?,?,?,?,?,?,?,?,?,?,?,default)
Hibernate: select au1_0.id,au1_0.email,au1_0.full_name,au1_0.role from app_user au1_0 where au1_0.id=?
Hibernate: select r1_0.id,r1_0.approval_deadline,r1_0.cancelled_at,r1_0.court_id,c1_0.id,c1_0.active,c1_0.closing_time,c1_0.location,c1_0.name,c1_0.opening_time,c1_0.requires_approval,c1_0.type,r1_0.created_at,r1_0.decided_at,db1_0.id,db1_0.email,db1_0.full_name,db1_0.role,r1_0.decision_reason,r1_0.end_time,r1_0.start_time,r1_0.state,r1_0.user_id,u1_0.id,u1_0.email,u1_0.full_name,u1_0.role,r1_0.version from reservation r1_0 join court c1_0 on c1_0.id=r1_0.court_id left join app_user db1_0 on db1_0.id=r1_0.decided_by_id join app_user u1_0 on u1_0.id=r1_0.user_id where r1_0.id=?
Hibernate: select c1_0.id,c1_0.active,c1_0.closing_time,c1_0.location,c1_0.name,c1_0.opening_time,c1_0.requires_approval,c1_0.type from court c1_0 where c1_0.id=? for update
Hibernate: select r1_0.id,r1_0.approval_deadline,r1_0.cancelled_at,r1_0.court_id,r1_0.created_at,r1_0.decided_at,r1_0.decided_by_id,r1_0.decision_reason,r1_0.end_time,r1_0.start_time,r1_0.state,r1_0.user_id,r1_0.version from reservation r1_0 where r1_0.court_id=? and r1_0.state in (?) and r1_0.start_time<? and ?<r1_0.end_time
Hibernate: update reservation set approval_deadline=?,cancelled_at=?,court_id=?,decided_at=?,decided_by_id=?,decision_reason=?,end_time=?,start_time=?,state=?,user_id=?,version=? where id=? and version=?
2026-10-05T20:44:37.042+02:00  INFO 18696 --- [           main] o.e.r.s.LoggingNotificationService       : NOTIFY approvers: reservation 43 for court 'Centre Court (approval)' awaits approval until 2026-09-20T10:00
Hibernate: select au1_0.id,au1_0.email,au1_0.full_name,au1_0.role from app_user au1_0 where au1_0.id=?
Hibernate: select r1_0.id,r1_0.approval_deadline,r1_0.cancelled_at,r1_0.court_id,c1_0.id,c1_0.active,c1_0.closing_time,c1_0.location,c1_0.name,c1_0.opening_time,c1_0.requires_approval,c1_0.type,r1_0.created_at,r1_0.decided_at,db1_0.id,db1_0.email,db1_0.full_name,db1_0.role,r1_0.decision_reason,r1_0.end_time,r1_0.start_time,r1_0.state,r1_0.user_id,u1_0.id,u1_0.email,u1_0.full_name,u1_0.role,r1_0.version from reservation r1_0 join court c1_0 on c1_0.id=r1_0.court_id left join app_user db1_0 on db1_0.id=r1_0.decided_by_id join app_user u1_0 on u1_0.id=r1_0.user_id where r1_0.id=?
Hibernate: update reservation set approval_deadline=?,cancelled_at=?,court_id=?,decided_at=?,decided_by_id=?,decision_reason=?,end_time=?,start_time=?,state=?,user_id=?,version=? where id=? and version=?
Hibernate: select r1_0.id,r1_0.approval_deadline,r1_0.cancelled_at,r1_0.court_id,r1_0.created_at,r1_0.decided_at,r1_0.decided_by_id,r1_0.decision_reason,r1_0.end_time,r1_0.start_time,r1_0.state,r1_0.user_id,r1_0.version from reservation r1_0
Hibernate: select c1_0.id,c1_0.active,c1_0.closing_time,c1_0.location,c1_0.name,c1_0.opening_time,c1_0.requires_approval,c1_0.type from court c1_0 where c1_0.id=?
Hibernate: select au1_0.id,au1_0.email,au1_0.full_name,au1_0.role from app_user au1_0 where au1_0.id=?
Hibernate: delete from reservation where id=? and version=?
Hibernate: insert into court (active,closing_time,location,name,opening_time,requires_approval,type,id) values (?,?,?,?,?,?,?,default)
Hibernate: insert into court (active,closing_time,location,name,opening_time,requires_approval,type,id) values (?,?,?,?,?,?,?,default)
Hibernate: insert into app_user (email,full_name,role,id) values (?,?,?,default)
Hibernate: insert into app_user (email,full_name,role,id) values (?,?,?,default)
Hibernate: insert into app_user (email,full_name,role,id) values (?,?,?,default)
Hibernate: insert into app_user (email,full_name,role,id) values (?,?,?,default)
Hibernate: select au1_0.id,au1_0.email,au1_0.full_name,au1_0.role from app_user au1_0 where au1_0.id=?
Hibernate: select c1_0.id,c1_0.active,c1_0.closing_time,c1_0.location,c1_0.name,c1_0.opening_time,c1_0.requires_approval,c1_0.type from court c1_0 where c1_0.id=?
Hibernate: insert into reservation (approval_deadline,cancelled_at,court_id,created_at,decided_at,decided_by_id,decision_reason,end_time,start_time,state,user_id,version,id) values (?,?,?,?,?,?,?,?,?,?,?,?,default)
Hibernate: select au1_0.id,au1_0.email,au1_0.full_name,au1_0.role from app_user au1_0 where au1_0.id=?
Hibernate: select r1_0.id,r1_0.approval_deadline,r1_0.cancelled_at,r1_0.court_id,c1_0.id,c1_0.active,c1_0.closing_time,c1_0.location,c1_0.name,c1_0.opening_time,c1_0.requires_approval,c1_0.type,r1_0.created_at,r1_0.decided_at,db1_0.id,db1_0.email,db1_0.full_name,db1_0.role,r1_0.decision_reason,r1_0.end_time,r1_0.start_time,r1_0.state,r1_0.user_id,u1_0.id,u1_0.email,u1_0.full_name,u1_0.role,r1_0.version from reservation r1_0 join court c1_0 on c1_0.id=r1_0.court_id left join app_user db1_0 on db1_0.id=r1_0.decided_by_id join app_user u1_0 on u1_0.id=r1_0.user_id where r1_0.id=?
Hibernate: select c1_0.id,c1_0.active,c1_0.closing_time,c1_0.location,c1_0.name,c1_0.opening_time,c1_0.requires_approval,c1_0.type from court c1_0 where c1_0.id=? for update
Hibernate: select r1_0.id,r1_0.approval_deadline,r1_0.cancelled_at,r1_0.court_id,r1_0.created_at,r1_0.decided_at,r1_0.decided_by_id,r1_0.decision_reason,r1_0.end_time,r1_0.start_time,r1_0.state,r1_0.user_id,r1_0.version from reservation r1_0 where r1_0.court_id=? and r1_0.state in (?) and r1_0.start_time<? and ?<r1_0.end_time
Hibernate: update reservation set approval_deadline=?,cancelled_at=?,court_id=?,decided_at=?,decided_by_id=?,decision_reason=?,end_time=?,start_time=?,state=?,user_id=?,version=? where id=? and version=?
2026-10-05T20:44:37.069+02:00  INFO 18696 --- [           main] o.e.r.s.LoggingNotificationService       : NOTIFY approvers: reservation 44 for court 'Centre Court (approval)' awaits approval until 2026-09-20T10:00
Hibernate: select r1_0.id,r1_0.approval_deadline,r1_0.cancelled_at,r1_0.court_id,r1_0.created_at,r1_0.decided_at,r1_0.decided_by_id,r1_0.decision_reason,r1_0.end_time,r1_0.start_time,r1_0.state,r1_0.user_id,r1_0.version from reservation r1_0 where r1_0.state='PENDING_APPROVAL' and r1_0.approval_deadline<=?
Hibernate: select r1_0.id,r1_0.approval_deadline,r1_0.cancelled_at,r1_0.court_id,r1_0.created_at,r1_0.decided_at,r1_0.decided_by_id,r1_0.decision_reason,r1_0.end_time,r1_0.start_time,r1_0.state,r1_0.user_id,r1_0.version from reservation r1_0 where r1_0.state='PENDING_APPROVAL' and r1_0.approval_deadline<=?
Hibernate: select c1_0.id,c1_0.active,c1_0.closing_time,c1_0.location,c1_0.name,c1_0.opening_time,c1_0.requires_approval,c1_0.type from court c1_0 where c1_0.id=?
Hibernate: select au1_0.id,au1_0.email,au1_0.full_name,au1_0.role from app_user au1_0 where au1_0.id=?
Hibernate: select r1_0.id,r1_0.approval_deadline,r1_0.cancelled_at,r1_0.court_id,c1_0.id,c1_0.active,c1_0.closing_time,c1_0.location,c1_0.name,c1_0.opening_time,c1_0.requires_approval,c1_0.type,r1_0.created_at,r1_0.decided_at,db1_0.id,db1_0.email,db1_0.full_name,db1_0.role,r1_0.decision_reason,r1_0.end_time,r1_0.start_time,r1_0.state,r1_0.user_id,u1_0.id,u1_0.email,u1_0.full_name,u1_0.role,r1_0.version from reservation r1_0 join court c1_0 on c1_0.id=r1_0.court_id left join app_user db1_0 on db1_0.id=r1_0.decided_by_id join app_user u1_0 on u1_0.id=r1_0.user_id where r1_0.id=?
Hibernate: update reservation set approval_deadline=?,cancelled_at=?,court_id=?,decided_at=?,decided_by_id=?,decision_reason=?,end_time=?,start_time=?,state=?,user_id=?,version=? where id=? and version=?
2026-10-05T20:44:37.120+02:00  INFO 18696 --- [           main] o.e.r.s.LoggingNotificationService       : NOTIFY owner alice+1239750254906200@example.com: reservation 44 is now EXPIRED
2026-10-05T20:44:37.120+02:00  INFO 18696 --- [           main] o.e.r.service.ApprovalWorkflow           : OP-07: expired 1 pending approval request(s) at 2026-09-20T10:00
Hibernate: select r1_0.id,r1_0.approval_deadline,r1_0.cancelled_at,r1_0.court_id,c1_0.id,c1_0.active,c1_0.closing_time,c1_0.location,c1_0.name,c1_0.opening_time,c1_0.requires_approval,c1_0.type,r1_0.created_at,r1_0.decided_at,db1_0.id,db1_0.email,db1_0.full_name,db1_0.role,r1_0.decision_reason,r1_0.end_time,r1_0.start_time,r1_0.state,r1_0.user_id,u1_0.id,u1_0.email,u1_0.full_name,u1_0.role,r1_0.version from reservation r1_0 join court c1_0 on c1_0.id=r1_0.court_id left join app_user db1_0 on db1_0.id=r1_0.decided_by_id join app_user u1_0 on u1_0.id=r1_0.user_id where r1_0.id=?
Hibernate: select au1_0.id,au1_0.email,au1_0.full_name,au1_0.role from app_user au1_0 where au1_0.id=?
Hibernate: select r1_0.id,r1_0.approval_deadline,r1_0.cancelled_at,r1_0.court_id,c1_0.id,c1_0.active,c1_0.closing_time,c1_0.location,c1_0.name,c1_0.opening_time,c1_0.requires_approval,c1_0.type,r1_0.created_at,r1_0.decided_at,db1_0.id,db1_0.email,db1_0.full_name,db1_0.role,r1_0.decision_reason,r1_0.end_time,r1_0.start_time,r1_0.state,r1_0.user_id,u1_0.id,u1_0.email,u1_0.full_name,u1_0.role,r1_0.version from reservation r1_0 join court c1_0 on c1_0.id=r1_0.court_id left join app_user db1_0 on db1_0.id=r1_0.decided_by_id join app_user u1_0 on u1_0.id=r1_0.user_id where r1_0.id=?
[INFO] Tests run: 3, Failures: 0, Errors: 0, Skipped: 0, Time elapsed: 0.156 s -- in OP-04 Cancel - amended cancellable states (BR-03.1)
[INFO] Running OP-07 Expire Pending Approvals
2026-10-05T20:44:37.129+02:00  INFO 18696 --- [           main] t.c.s.AnnotationConfigContextLoaderUtils : Could not detect default configuration classes for test class [org.example.reservation.BaselineV02ApprovalVerificationTest$Op07Expire]: Op07Expire does not declare any static, non-private, non-final, nested classes annotated with @Configuration.
2026-10-05T20:44:37.131+02:00  INFO 18696 --- [           main] .b.t.c.SpringBootTestContextBootstrapper : Found @SpringBootConfiguration org.example.reservation.ReservationApplication for test class org.example.reservation.BaselineV02ApprovalVerificationTest$Op07Expire
Hibernate: select r1_0.id,r1_0.approval_deadline,r1_0.cancelled_at,r1_0.court_id,r1_0.created_at,r1_0.decided_at,r1_0.decided_by_id,r1_0.decision_reason,r1_0.end_time,r1_0.start_time,r1_0.state,r1_0.user_id,r1_0.version from reservation r1_0
Hibernate: select c1_0.id,c1_0.active,c1_0.closing_time,c1_0.location,c1_0.name,c1_0.opening_time,c1_0.requires_approval,c1_0.type from court c1_0 where c1_0.id=?
Hibernate: select au1_0.id,au1_0.email,au1_0.full_name,au1_0.role from app_user au1_0 where au1_0.id=?
Hibernate: delete from reservation where id=? and version=?
Hibernate: insert into court (active,closing_time,location,name,opening_time,requires_approval,type,id) values (?,?,?,?,?,?,?,default)
Hibernate: insert into court (active,closing_time,location,name,opening_time,requires_approval,type,id) values (?,?,?,?,?,?,?,default)
Hibernate: insert into app_user (email,full_name,role,id) values (?,?,?,default)
Hibernate: insert into app_user (email,full_name,role,id) values (?,?,?,default)
Hibernate: insert into app_user (email,full_name,role,id) values (?,?,?,default)
Hibernate: insert into app_user (email,full_name,role,id) values (?,?,?,default)
Hibernate: select au1_0.id,au1_0.email,au1_0.full_name,au1_0.role from app_user au1_0 where au1_0.id=?
Hibernate: select c1_0.id,c1_0.active,c1_0.closing_time,c1_0.location,c1_0.name,c1_0.opening_time,c1_0.requires_approval,c1_0.type from court c1_0 where c1_0.id=?
Hibernate: insert into reservation (approval_deadline,cancelled_at,court_id,created_at,decided_at,decided_by_id,decision_reason,end_time,start_time,state,user_id,version,id) values (?,?,?,?,?,?,?,?,?,?,?,?,default)
Hibernate: select au1_0.id,au1_0.email,au1_0.full_name,au1_0.role from app_user au1_0 where au1_0.id=?
Hibernate: select r1_0.id,r1_0.approval_deadline,r1_0.cancelled_at,r1_0.court_id,c1_0.id,c1_0.active,c1_0.closing_time,c1_0.location,c1_0.name,c1_0.opening_time,c1_0.requires_approval,c1_0.type,r1_0.created_at,r1_0.decided_at,db1_0.id,db1_0.email,db1_0.full_name,db1_0.role,r1_0.decision_reason,r1_0.end_time,r1_0.start_time,r1_0.state,r1_0.user_id,u1_0.id,u1_0.email,u1_0.full_name,u1_0.role,r1_0.version from reservation r1_0 join court c1_0 on c1_0.id=r1_0.court_id left join app_user db1_0 on db1_0.id=r1_0.decided_by_id join app_user u1_0 on u1_0.id=r1_0.user_id where r1_0.id=?
Hibernate: select c1_0.id,c1_0.active,c1_0.closing_time,c1_0.location,c1_0.name,c1_0.opening_time,c1_0.requires_approval,c1_0.type from court c1_0 where c1_0.id=? for update
Hibernate: select r1_0.id,r1_0.approval_deadline,r1_0.cancelled_at,r1_0.court_id,r1_0.created_at,r1_0.decided_at,r1_0.decided_by_id,r1_0.decision_reason,r1_0.end_time,r1_0.start_time,r1_0.state,r1_0.user_id,r1_0.version from reservation r1_0 where r1_0.court_id=? and r1_0.state in (?) and r1_0.start_time<? and ?<r1_0.end_time
Hibernate: update reservation set approval_deadline=?,cancelled_at=?,court_id=?,decided_at=?,decided_by_id=?,decision_reason=?,end_time=?,start_time=?,state=?,user_id=?,version=? where id=? and version=?
2026-10-05T20:44:37.169+02:00  INFO 18696 --- [           main] o.e.r.s.LoggingNotificationService       : NOTIFY approvers: reservation 45 for court 'Centre Court (approval)' awaits approval until 2026-09-20T10:00
Hibernate: select au1_0.id,au1_0.email,au1_0.full_name,au1_0.role from app_user au1_0 where au1_0.id=?
Hibernate: select r1_0.id,r1_0.approval_deadline,r1_0.cancelled_at,r1_0.court_id,c1_0.id,c1_0.active,c1_0.closing_time,c1_0.location,c1_0.name,c1_0.opening_time,c1_0.requires_approval,c1_0.type,r1_0.created_at,r1_0.decided_at,db1_0.id,db1_0.email,db1_0.full_name,db1_0.role,r1_0.decision_reason,r1_0.end_time,r1_0.start_time,r1_0.state,r1_0.user_id,u1_0.id,u1_0.email,u1_0.full_name,u1_0.role,r1_0.version from reservation r1_0 join court c1_0 on c1_0.id=r1_0.court_id left join app_user db1_0 on db1_0.id=r1_0.decided_by_id join app_user u1_0 on u1_0.id=r1_0.user_id where r1_0.id=?
Hibernate: update reservation set approval_deadline=?,cancelled_at=?,court_id=?,decided_at=?,decided_by_id=?,decision_reason=?,end_time=?,start_time=?,state=?,user_id=?,version=? where id=? and version=?
Hibernate: select r1_0.id,r1_0.approval_deadline,r1_0.cancelled_at,r1_0.court_id,r1_0.created_at,r1_0.decided_at,r1_0.decided_by_id,r1_0.decision_reason,r1_0.end_time,r1_0.start_time,r1_0.state,r1_0.user_id,r1_0.version from reservation r1_0 where r1_0.state='PENDING_APPROVAL' and r1_0.approval_deadline<=?
Hibernate: select r1_0.id,r1_0.approval_deadline,r1_0.cancelled_at,r1_0.court_id,c1_0.id,c1_0.active,c1_0.closing_time,c1_0.location,c1_0.name,c1_0.opening_time,c1_0.requires_approval,c1_0.type,r1_0.created_at,r1_0.decided_at,db1_0.id,db1_0.email,db1_0.full_name,db1_0.role,r1_0.decision_reason,r1_0.end_time,r1_0.start_time,r1_0.state,r1_0.user_id,u1_0.id,u1_0.email,u1_0.full_name,u1_0.role,r1_0.version from reservation r1_0 join court c1_0 on c1_0.id=r1_0.court_id left join app_user db1_0 on db1_0.id=r1_0.decided_by_id join app_user u1_0 on u1_0.id=r1_0.user_id where r1_0.id=?
Hibernate: select r1_0.id,r1_0.approval_deadline,r1_0.cancelled_at,r1_0.court_id,r1_0.created_at,r1_0.decided_at,r1_0.decided_by_id,r1_0.decision_reason,r1_0.end_time,r1_0.start_time,r1_0.state,r1_0.user_id,r1_0.version from reservation r1_0
Hibernate: select c1_0.id,c1_0.active,c1_0.closing_time,c1_0.location,c1_0.name,c1_0.opening_time,c1_0.requires_approval,c1_0.type from court c1_0 where c1_0.id=?
Hibernate: select au1_0.id,au1_0.email,au1_0.full_name,au1_0.role from app_user au1_0 where au1_0.id=?
Hibernate: delete from reservation where id=? and version=?
Hibernate: insert into court (active,closing_time,location,name,opening_time,requires_approval,type,id) values (?,?,?,?,?,?,?,default)
Hibernate: insert into court (active,closing_time,location,name,opening_time,requires_approval,type,id) values (?,?,?,?,?,?,?,default)
Hibernate: insert into app_user (email,full_name,role,id) values (?,?,?,default)
Hibernate: insert into app_user (email,full_name,role,id) values (?,?,?,default)
Hibernate: insert into app_user (email,full_name,role,id) values (?,?,?,default)
Hibernate: insert into app_user (email,full_name,role,id) values (?,?,?,default)
Hibernate: select au1_0.id,au1_0.email,au1_0.full_name,au1_0.role from app_user au1_0 where au1_0.id=?
Hibernate: select c1_0.id,c1_0.active,c1_0.closing_time,c1_0.location,c1_0.name,c1_0.opening_time,c1_0.requires_approval,c1_0.type from court c1_0 where c1_0.id=?
Hibernate: insert into reservation (approval_deadline,cancelled_at,court_id,created_at,decided_at,decided_by_id,decision_reason,end_time,start_time,state,user_id,version,id) values (?,?,?,?,?,?,?,?,?,?,?,?,default)
Hibernate: select au1_0.id,au1_0.email,au1_0.full_name,au1_0.role from app_user au1_0 where au1_0.id=?
Hibernate: select r1_0.id,r1_0.approval_deadline,r1_0.cancelled_at,r1_0.court_id,c1_0.id,c1_0.active,c1_0.closing_time,c1_0.location,c1_0.name,c1_0.opening_time,c1_0.requires_approval,c1_0.type,r1_0.created_at,r1_0.decided_at,db1_0.id,db1_0.email,db1_0.full_name,db1_0.role,r1_0.decision_reason,r1_0.end_time,r1_0.start_time,r1_0.state,r1_0.user_id,u1_0.id,u1_0.email,u1_0.full_name,u1_0.role,r1_0.version from reservation r1_0 join court c1_0 on c1_0.id=r1_0.court_id left join app_user db1_0 on db1_0.id=r1_0.decided_by_id join app_user u1_0 on u1_0.id=r1_0.user_id where r1_0.id=?
Hibernate: select c1_0.id,c1_0.active,c1_0.closing_time,c1_0.location,c1_0.name,c1_0.opening_time,c1_0.requires_approval,c1_0.type from court c1_0 where c1_0.id=? for update
Hibernate: select r1_0.id,r1_0.approval_deadline,r1_0.cancelled_at,r1_0.court_id,r1_0.created_at,r1_0.decided_at,r1_0.decided_by_id,r1_0.decision_reason,r1_0.end_time,r1_0.start_time,r1_0.state,r1_0.user_id,r1_0.version from reservation r1_0 where r1_0.court_id=? and r1_0.state in (?) and r1_0.start_time<? and ?<r1_0.end_time
Hibernate: update reservation set approval_deadline=?,cancelled_at=?,court_id=?,decided_at=?,decided_by_id=?,decision_reason=?,end_time=?,start_time=?,state=?,user_id=?,version=? where id=? and version=?
2026-10-05T20:44:37.200+02:00  INFO 18696 --- [           main] o.e.r.s.LoggingNotificationService       : NOTIFY approvers: reservation 46 for court 'Centre Court (approval)' awaits approval until 2026-09-20T10:00
Hibernate: select r1_0.id,r1_0.approval_deadline,r1_0.cancelled_at,r1_0.court_id,r1_0.created_at,r1_0.decided_at,r1_0.decided_by_id,r1_0.decision_reason,r1_0.end_time,r1_0.start_time,r1_0.state,r1_0.user_id,r1_0.version from reservation r1_0 where r1_0.state='PENDING_APPROVAL' and r1_0.approval_deadline<=?
Hibernate: select c1_0.id,c1_0.active,c1_0.closing_time,c1_0.location,c1_0.name,c1_0.opening_time,c1_0.requires_approval,c1_0.type from court c1_0 where c1_0.id=?
Hibernate: select au1_0.id,au1_0.email,au1_0.full_name,au1_0.role from app_user au1_0 where au1_0.id=?
Hibernate: select r1_0.id,r1_0.approval_deadline,r1_0.cancelled_at,r1_0.court_id,c1_0.id,c1_0.active,c1_0.closing_time,c1_0.location,c1_0.name,c1_0.opening_time,c1_0.requires_approval,c1_0.type,r1_0.created_at,r1_0.decided_at,db1_0.id,db1_0.email,db1_0.full_name,db1_0.role,r1_0.decision_reason,r1_0.end_time,r1_0.start_time,r1_0.state,r1_0.user_id,u1_0.id,u1_0.email,u1_0.full_name,u1_0.role,r1_0.version from reservation r1_0 join court c1_0 on c1_0.id=r1_0.court_id left join app_user db1_0 on db1_0.id=r1_0.decided_by_id join app_user u1_0 on u1_0.id=r1_0.user_id where r1_0.id=?
Hibernate: update reservation set approval_deadline=?,cancelled_at=?,court_id=?,decided_at=?,decided_by_id=?,decision_reason=?,end_time=?,start_time=?,state=?,user_id=?,version=? where id=? and version=?
2026-10-05T20:44:37.205+02:00  INFO 18696 --- [           main] o.e.r.s.LoggingNotificationService       : NOTIFY owner alice+1239750382526000@example.com: reservation 46 is now EXPIRED
2026-10-05T20:44:37.206+02:00  INFO 18696 --- [           main] o.e.r.service.ApprovalWorkflow           : OP-07: expired 1 pending approval request(s) at 2026-09-20T10:30
Hibernate: select r1_0.id,r1_0.approval_deadline,r1_0.cancelled_at,r1_0.court_id,c1_0.id,c1_0.active,c1_0.closing_time,c1_0.location,c1_0.name,c1_0.opening_time,c1_0.requires_approval,c1_0.type,r1_0.created_at,r1_0.decided_at,db1_0.id,db1_0.email,db1_0.full_name,db1_0.role,r1_0.decision_reason,r1_0.end_time,r1_0.start_time,r1_0.state,r1_0.user_id,u1_0.id,u1_0.email,u1_0.full_name,u1_0.role,r1_0.version from reservation r1_0 join court c1_0 on c1_0.id=r1_0.court_id left join app_user db1_0 on db1_0.id=r1_0.decided_by_id join app_user u1_0 on u1_0.id=r1_0.user_id where r1_0.id=?
Hibernate: select c1_0.id,c1_0.active,c1_0.closing_time,c1_0.location,c1_0.name,c1_0.opening_time,c1_0.requires_approval,c1_0.type from court c1_0 where c1_0.id=?
Hibernate: select r1_0.id,r1_0.approval_deadline,r1_0.cancelled_at,r1_0.court_id,r1_0.created_at,r1_0.decided_at,r1_0.decided_by_id,r1_0.decision_reason,r1_0.end_time,r1_0.start_time,r1_0.state,r1_0.user_id,r1_0.version from reservation r1_0 where r1_0.court_id=? and r1_0.state in (?) and r1_0.start_time<? and ?<r1_0.end_time
Hibernate: select r1_0.id,r1_0.approval_deadline,r1_0.cancelled_at,r1_0.court_id,r1_0.created_at,r1_0.decided_at,r1_0.decided_by_id,r1_0.decision_reason,r1_0.end_time,r1_0.start_time,r1_0.state,r1_0.user_id,r1_0.version from reservation r1_0 where r1_0.court_id=? and r1_0.state in (?) and r1_0.start_time<? and ?<r1_0.end_time
Hibernate: select r1_0.id,r1_0.approval_deadline,r1_0.cancelled_at,r1_0.court_id,r1_0.created_at,r1_0.decided_at,r1_0.decided_by_id,r1_0.decision_reason,r1_0.end_time,r1_0.start_time,r1_0.state,r1_0.user_id,r1_0.version from reservation r1_0
Hibernate: select c1_0.id,c1_0.active,c1_0.closing_time,c1_0.location,c1_0.name,c1_0.opening_time,c1_0.requires_approval,c1_0.type from court c1_0 where c1_0.id=?
Hibernate: select au1_0.id,au1_0.email,au1_0.full_name,au1_0.role from app_user au1_0 where au1_0.id=?
Hibernate: delete from reservation where id=? and version=?
Hibernate: insert into court (active,closing_time,location,name,opening_time,requires_approval,type,id) values (?,?,?,?,?,?,?,default)
Hibernate: insert into court (active,closing_time,location,name,opening_time,requires_approval,type,id) values (?,?,?,?,?,?,?,default)
Hibernate: insert into app_user (email,full_name,role,id) values (?,?,?,default)
Hibernate: insert into app_user (email,full_name,role,id) values (?,?,?,default)
Hibernate: insert into app_user (email,full_name,role,id) values (?,?,?,default)
Hibernate: insert into app_user (email,full_name,role,id) values (?,?,?,default)
Hibernate: select au1_0.id,au1_0.email,au1_0.full_name,au1_0.role from app_user au1_0 where au1_0.id=?
Hibernate: select c1_0.id,c1_0.active,c1_0.closing_time,c1_0.location,c1_0.name,c1_0.opening_time,c1_0.requires_approval,c1_0.type from court c1_0 where c1_0.id=?
Hibernate: insert into reservation (approval_deadline,cancelled_at,court_id,created_at,decided_at,decided_by_id,decision_reason,end_time,start_time,state,user_id,version,id) values (?,?,?,?,?,?,?,?,?,?,?,?,default)
Hibernate: select au1_0.id,au1_0.email,au1_0.full_name,au1_0.role from app_user au1_0 where au1_0.id=?
Hibernate: select r1_0.id,r1_0.approval_deadline,r1_0.cancelled_at,r1_0.court_id,c1_0.id,c1_0.active,c1_0.closing_time,c1_0.location,c1_0.name,c1_0.opening_time,c1_0.requires_approval,c1_0.type,r1_0.created_at,r1_0.decided_at,db1_0.id,db1_0.email,db1_0.full_name,db1_0.role,r1_0.decision_reason,r1_0.end_time,r1_0.start_time,r1_0.state,r1_0.user_id,u1_0.id,u1_0.email,u1_0.full_name,u1_0.role,r1_0.version from reservation r1_0 join court c1_0 on c1_0.id=r1_0.court_id left join app_user db1_0 on db1_0.id=r1_0.decided_by_id join app_user u1_0 on u1_0.id=r1_0.user_id where r1_0.id=?
Hibernate: select c1_0.id,c1_0.active,c1_0.closing_time,c1_0.location,c1_0.name,c1_0.opening_time,c1_0.requires_approval,c1_0.type from court c1_0 where c1_0.id=? for update
Hibernate: select r1_0.id,r1_0.approval_deadline,r1_0.cancelled_at,r1_0.court_id,r1_0.created_at,r1_0.decided_at,r1_0.decided_by_id,r1_0.decision_reason,r1_0.end_time,r1_0.start_time,r1_0.state,r1_0.user_id,r1_0.version from reservation r1_0 where r1_0.court_id=? and r1_0.state in (?) and r1_0.start_time<? and ?<r1_0.end_time
Hibernate: update reservation set approval_deadline=?,cancelled_at=?,court_id=?,decided_at=?,decided_by_id=?,decision_reason=?,end_time=?,start_time=?,state=?,user_id=?,version=? where id=? and version=?
2026-10-05T20:44:37.240+02:00  INFO 18696 --- [           main] o.e.r.s.LoggingNotificationService       : NOTIFY approvers: reservation 47 for court 'Centre Court (approval)' awaits approval until 2026-09-20T10:00
Hibernate: select r1_0.id,r1_0.approval_deadline,r1_0.cancelled_at,r1_0.court_id,r1_0.created_at,r1_0.decided_at,r1_0.decided_by_id,r1_0.decision_reason,r1_0.end_time,r1_0.start_time,r1_0.state,r1_0.user_id,r1_0.version from reservation r1_0 where r1_0.state='PENDING_APPROVAL' and r1_0.approval_deadline<=?
Hibernate: select r1_0.id,r1_0.approval_deadline,r1_0.cancelled_at,r1_0.court_id,c1_0.id,c1_0.active,c1_0.closing_time,c1_0.location,c1_0.name,c1_0.opening_time,c1_0.requires_approval,c1_0.type,r1_0.created_at,r1_0.decided_at,db1_0.id,db1_0.email,db1_0.full_name,db1_0.role,r1_0.decision_reason,r1_0.end_time,r1_0.start_time,r1_0.state,r1_0.user_id,u1_0.id,u1_0.email,u1_0.full_name,u1_0.role,r1_0.version from reservation r1_0 join court c1_0 on c1_0.id=r1_0.court_id left join app_user db1_0 on db1_0.id=r1_0.decided_by_id join app_user u1_0 on u1_0.id=r1_0.user_id where r1_0.id=?
Hibernate: select r1_0.id,r1_0.approval_deadline,r1_0.cancelled_at,r1_0.court_id,r1_0.created_at,r1_0.decided_at,r1_0.decided_by_id,r1_0.decision_reason,r1_0.end_time,r1_0.start_time,r1_0.state,r1_0.user_id,r1_0.version from reservation r1_0
Hibernate: select c1_0.id,c1_0.active,c1_0.closing_time,c1_0.location,c1_0.name,c1_0.opening_time,c1_0.requires_approval,c1_0.type from court c1_0 where c1_0.id=?
Hibernate: select au1_0.id,au1_0.email,au1_0.full_name,au1_0.role from app_user au1_0 where au1_0.id=?
Hibernate: delete from reservation where id=? and version=?
Hibernate: insert into court (active,closing_time,location,name,opening_time,requires_approval,type,id) values (?,?,?,?,?,?,?,default)
Hibernate: insert into court (active,closing_time,location,name,opening_time,requires_approval,type,id) values (?,?,?,?,?,?,?,default)
Hibernate: insert into app_user (email,full_name,role,id) values (?,?,?,default)
Hibernate: insert into app_user (email,full_name,role,id) values (?,?,?,default)
Hibernate: insert into app_user (email,full_name,role,id) values (?,?,?,default)
Hibernate: insert into app_user (email,full_name,role,id) values (?,?,?,default)
Hibernate: select au1_0.id,au1_0.email,au1_0.full_name,au1_0.role from app_user au1_0 where au1_0.id=?
Hibernate: select c1_0.id,c1_0.active,c1_0.closing_time,c1_0.location,c1_0.name,c1_0.opening_time,c1_0.requires_approval,c1_0.type from court c1_0 where c1_0.id=?
Hibernate: insert into reservation (approval_deadline,cancelled_at,court_id,created_at,decided_at,decided_by_id,decision_reason,end_time,start_time,state,user_id,version,id) values (?,?,?,?,?,?,?,?,?,?,?,?,default)
Hibernate: select au1_0.id,au1_0.email,au1_0.full_name,au1_0.role from app_user au1_0 where au1_0.id=?
Hibernate: select r1_0.id,r1_0.approval_deadline,r1_0.cancelled_at,r1_0.court_id,c1_0.id,c1_0.active,c1_0.closing_time,c1_0.location,c1_0.name,c1_0.opening_time,c1_0.requires_approval,c1_0.type,r1_0.created_at,r1_0.decided_at,db1_0.id,db1_0.email,db1_0.full_name,db1_0.role,r1_0.decision_reason,r1_0.end_time,r1_0.start_time,r1_0.state,r1_0.user_id,u1_0.id,u1_0.email,u1_0.full_name,u1_0.role,r1_0.version from reservation r1_0 join court c1_0 on c1_0.id=r1_0.court_id left join app_user db1_0 on db1_0.id=r1_0.decided_by_id join app_user u1_0 on u1_0.id=r1_0.user_id where r1_0.id=?
Hibernate: select c1_0.id,c1_0.active,c1_0.closing_time,c1_0.location,c1_0.name,c1_0.opening_time,c1_0.requires_approval,c1_0.type from court c1_0 where c1_0.id=? for update
Hibernate: select r1_0.id,r1_0.approval_deadline,r1_0.cancelled_at,r1_0.court_id,r1_0.created_at,r1_0.decided_at,r1_0.decided_by_id,r1_0.decision_reason,r1_0.end_time,r1_0.start_time,r1_0.state,r1_0.user_id,r1_0.version from reservation r1_0 where r1_0.court_id=? and r1_0.state in (?) and r1_0.start_time<? and ?<r1_0.end_time
Hibernate: update reservation set approval_deadline=?,cancelled_at=?,court_id=?,decided_at=?,decided_by_id=?,decision_reason=?,end_time=?,start_time=?,state=?,user_id=?,version=? where id=? and version=?
2026-10-05T20:44:37.258+02:00  INFO 18696 --- [           main] o.e.r.s.LoggingNotificationService       : NOTIFY approvers: reservation 48 for court 'Centre Court (approval)' awaits approval until 2026-09-20T10:00
Hibernate: select r1_0.id,r1_0.approval_deadline,r1_0.cancelled_at,r1_0.court_id,r1_0.created_at,r1_0.decided_at,r1_0.decided_by_id,r1_0.decision_reason,r1_0.end_time,r1_0.start_time,r1_0.state,r1_0.user_id,r1_0.version from reservation r1_0 where r1_0.state='PENDING_APPROVAL' and r1_0.approval_deadline<=?
Hibernate: select c1_0.id,c1_0.active,c1_0.closing_time,c1_0.location,c1_0.name,c1_0.opening_time,c1_0.requires_approval,c1_0.type from court c1_0 where c1_0.id=?
Hibernate: select au1_0.id,au1_0.email,au1_0.full_name,au1_0.role from app_user au1_0 where au1_0.id=?
Hibernate: select r1_0.id,r1_0.approval_deadline,r1_0.cancelled_at,r1_0.court_id,c1_0.id,c1_0.active,c1_0.closing_time,c1_0.location,c1_0.name,c1_0.opening_time,c1_0.requires_approval,c1_0.type,r1_0.created_at,r1_0.decided_at,db1_0.id,db1_0.email,db1_0.full_name,db1_0.role,r1_0.decision_reason,r1_0.end_time,r1_0.start_time,r1_0.state,r1_0.user_id,u1_0.id,u1_0.email,u1_0.full_name,u1_0.role,r1_0.version from reservation r1_0 join court c1_0 on c1_0.id=r1_0.court_id left join app_user db1_0 on db1_0.id=r1_0.decided_by_id join app_user u1_0 on u1_0.id=r1_0.user_id where r1_0.id=?
Hibernate: update reservation set approval_deadline=?,cancelled_at=?,court_id=?,decided_at=?,decided_by_id=?,decision_reason=?,end_time=?,start_time=?,state=?,user_id=?,version=? where id=? and version=?
2026-10-05T20:44:37.261+02:00  INFO 18696 --- [           main] o.e.r.s.LoggingNotificationService       : NOTIFY owner alice+1239750448527300@example.com: reservation 48 is now EXPIRED
2026-10-05T20:44:37.262+02:00  INFO 18696 --- [           main] o.e.r.service.ApprovalWorkflow           : OP-07: expired 1 pending approval request(s) at 2026-09-20T10:00
Hibernate: select r1_0.id,r1_0.approval_deadline,r1_0.cancelled_at,r1_0.court_id,c1_0.id,c1_0.active,c1_0.closing_time,c1_0.location,c1_0.name,c1_0.opening_time,c1_0.requires_approval,c1_0.type,r1_0.created_at,r1_0.decided_at,db1_0.id,db1_0.email,db1_0.full_name,db1_0.role,r1_0.decision_reason,r1_0.end_time,r1_0.start_time,r1_0.state,r1_0.user_id,u1_0.id,u1_0.email,u1_0.full_name,u1_0.role,r1_0.version from reservation r1_0 join court c1_0 on c1_0.id=r1_0.court_id left join app_user db1_0 on db1_0.id=r1_0.decided_by_id join app_user u1_0 on u1_0.id=r1_0.user_id where r1_0.id=?
Hibernate: select r1_0.id,r1_0.approval_deadline,r1_0.cancelled_at,r1_0.court_id,r1_0.created_at,r1_0.decided_at,r1_0.decided_by_id,r1_0.decision_reason,r1_0.end_time,r1_0.start_time,r1_0.state,r1_0.user_id,r1_0.version from reservation r1_0
Hibernate: select c1_0.id,c1_0.active,c1_0.closing_time,c1_0.location,c1_0.name,c1_0.opening_time,c1_0.requires_approval,c1_0.type from court c1_0 where c1_0.id=?
Hibernate: select au1_0.id,au1_0.email,au1_0.full_name,au1_0.role from app_user au1_0 where au1_0.id=?
Hibernate: delete from reservation where id=? and version=?
Hibernate: insert into court (active,closing_time,location,name,opening_time,requires_approval,type,id) values (?,?,?,?,?,?,?,default)
Hibernate: insert into court (active,closing_time,location,name,opening_time,requires_approval,type,id) values (?,?,?,?,?,?,?,default)
Hibernate: insert into app_user (email,full_name,role,id) values (?,?,?,default)
Hibernate: insert into app_user (email,full_name,role,id) values (?,?,?,default)
Hibernate: insert into app_user (email,full_name,role,id) values (?,?,?,default)
Hibernate: insert into app_user (email,full_name,role,id) values (?,?,?,default)
Hibernate: select au1_0.id,au1_0.email,au1_0.full_name,au1_0.role from app_user au1_0 where au1_0.id=?
Hibernate: select c1_0.id,c1_0.active,c1_0.closing_time,c1_0.location,c1_0.name,c1_0.opening_time,c1_0.requires_approval,c1_0.type from court c1_0 where c1_0.id=?
Hibernate: insert into reservation (approval_deadline,cancelled_at,court_id,created_at,decided_at,decided_by_id,decision_reason,end_time,start_time,state,user_id,version,id) values (?,?,?,?,?,?,?,?,?,?,?,?,default)
Hibernate: select au1_0.id,au1_0.email,au1_0.full_name,au1_0.role from app_user au1_0 where au1_0.id=?
Hibernate: select r1_0.id,r1_0.approval_deadline,r1_0.cancelled_at,r1_0.court_id,c1_0.id,c1_0.active,c1_0.closing_time,c1_0.location,c1_0.name,c1_0.opening_time,c1_0.requires_approval,c1_0.type,r1_0.created_at,r1_0.decided_at,db1_0.id,db1_0.email,db1_0.full_name,db1_0.role,r1_0.decision_reason,r1_0.end_time,r1_0.start_time,r1_0.state,r1_0.user_id,u1_0.id,u1_0.email,u1_0.full_name,u1_0.role,r1_0.version from reservation r1_0 join court c1_0 on c1_0.id=r1_0.court_id left join app_user db1_0 on db1_0.id=r1_0.decided_by_id join app_user u1_0 on u1_0.id=r1_0.user_id where r1_0.id=?
Hibernate: select c1_0.id,c1_0.active,c1_0.closing_time,c1_0.location,c1_0.name,c1_0.opening_time,c1_0.requires_approval,c1_0.type from court c1_0 where c1_0.id=? for update
Hibernate: select r1_0.id,r1_0.approval_deadline,r1_0.cancelled_at,r1_0.court_id,r1_0.created_at,r1_0.decided_at,r1_0.decided_by_id,r1_0.decision_reason,r1_0.end_time,r1_0.start_time,r1_0.state,r1_0.user_id,r1_0.version from reservation r1_0 where r1_0.court_id=? and r1_0.state in (?) and r1_0.start_time<? and ?<r1_0.end_time
Hibernate: update reservation set approval_deadline=?,cancelled_at=?,court_id=?,decided_at=?,decided_by_id=?,decision_reason=?,end_time=?,start_time=?,state=?,user_id=?,version=? where id=? and version=?
2026-10-05T20:44:37.286+02:00  INFO 18696 --- [           main] o.e.r.s.LoggingNotificationService       : NOTIFY approvers: reservation 49 for court 'Centre Court (approval)' awaits approval until 2026-09-20T10:00
Hibernate: select r1_0.id,r1_0.approval_deadline,r1_0.cancelled_at,r1_0.court_id,r1_0.created_at,r1_0.decided_at,r1_0.decided_by_id,r1_0.decision_reason,r1_0.end_time,r1_0.start_time,r1_0.state,r1_0.user_id,r1_0.version from reservation r1_0 where r1_0.state='PENDING_APPROVAL' and r1_0.approval_deadline<=?
Hibernate: select r1_0.id,r1_0.approval_deadline,r1_0.cancelled_at,r1_0.court_id,r1_0.created_at,r1_0.decided_at,r1_0.decided_by_id,r1_0.decision_reason,r1_0.end_time,r1_0.start_time,r1_0.state,r1_0.user_id,r1_0.version from reservation r1_0 where r1_0.state='PENDING_APPROVAL' and r1_0.approval_deadline<=?
[INFO] Tests run: 5, Failures: 0, Errors: 0, Skipped: 0, Time elapsed: 0.162 s -- in OP-07 Expire Pending Approvals
[INFO] Running OP-06 Reject Reservation
2026-10-05T20:44:37.292+02:00  INFO 18696 --- [           main] t.c.s.AnnotationConfigContextLoaderUtils : Could not detect default configuration classes for test class [org.example.reservation.BaselineV02ApprovalVerificationTest$Op06Reject]: Op06Reject does not declare any static, non-private, non-final, nested classes annotated with @Configuration.
2026-10-05T20:44:37.293+02:00  INFO 18696 --- [           main] .b.t.c.SpringBootTestContextBootstrapper : Found @SpringBootConfiguration org.example.reservation.ReservationApplication for test class org.example.reservation.BaselineV02ApprovalVerificationTest$Op06Reject
Hibernate: select r1_0.id,r1_0.approval_deadline,r1_0.cancelled_at,r1_0.court_id,r1_0.created_at,r1_0.decided_at,r1_0.decided_by_id,r1_0.decision_reason,r1_0.end_time,r1_0.start_time,r1_0.state,r1_0.user_id,r1_0.version from reservation r1_0
Hibernate: select c1_0.id,c1_0.active,c1_0.closing_time,c1_0.location,c1_0.name,c1_0.opening_time,c1_0.requires_approval,c1_0.type from court c1_0 where c1_0.id=?
Hibernate: select au1_0.id,au1_0.email,au1_0.full_name,au1_0.role from app_user au1_0 where au1_0.id=?
Hibernate: delete from reservation where id=? and version=?
Hibernate: insert into court (active,closing_time,location,name,opening_time,requires_approval,type,id) values (?,?,?,?,?,?,?,default)
Hibernate: insert into court (active,closing_time,location,name,opening_time,requires_approval,type,id) values (?,?,?,?,?,?,?,default)
Hibernate: insert into app_user (email,full_name,role,id) values (?,?,?,default)
Hibernate: insert into app_user (email,full_name,role,id) values (?,?,?,default)
Hibernate: insert into app_user (email,full_name,role,id) values (?,?,?,default)
Hibernate: insert into app_user (email,full_name,role,id) values (?,?,?,default)
Hibernate: select au1_0.id,au1_0.email,au1_0.full_name,au1_0.role from app_user au1_0 where au1_0.id=?
Hibernate: select c1_0.id,c1_0.active,c1_0.closing_time,c1_0.location,c1_0.name,c1_0.opening_time,c1_0.requires_approval,c1_0.type from court c1_0 where c1_0.id=?
Hibernate: insert into reservation (approval_deadline,cancelled_at,court_id,created_at,decided_at,decided_by_id,decision_reason,end_time,start_time,state,user_id,version,id) values (?,?,?,?,?,?,?,?,?,?,?,?,default)
Hibernate: select au1_0.id,au1_0.email,au1_0.full_name,au1_0.role from app_user au1_0 where au1_0.id=?
Hibernate: select r1_0.id,r1_0.approval_deadline,r1_0.cancelled_at,r1_0.court_id,c1_0.id,c1_0.active,c1_0.closing_time,c1_0.location,c1_0.name,c1_0.opening_time,c1_0.requires_approval,c1_0.type,r1_0.created_at,r1_0.decided_at,db1_0.id,db1_0.email,db1_0.full_name,db1_0.role,r1_0.decision_reason,r1_0.end_time,r1_0.start_time,r1_0.state,r1_0.user_id,u1_0.id,u1_0.email,u1_0.full_name,u1_0.role,r1_0.version from reservation r1_0 join court c1_0 on c1_0.id=r1_0.court_id left join app_user db1_0 on db1_0.id=r1_0.decided_by_id join app_user u1_0 on u1_0.id=r1_0.user_id where r1_0.id=?
Hibernate: select c1_0.id,c1_0.active,c1_0.closing_time,c1_0.location,c1_0.name,c1_0.opening_time,c1_0.requires_approval,c1_0.type from court c1_0 where c1_0.id=? for update
Hibernate: select r1_0.id,r1_0.approval_deadline,r1_0.cancelled_at,r1_0.court_id,r1_0.created_at,r1_0.decided_at,r1_0.decided_by_id,r1_0.decision_reason,r1_0.end_time,r1_0.start_time,r1_0.state,r1_0.user_id,r1_0.version from reservation r1_0 where r1_0.court_id=? and r1_0.state in (?) and r1_0.start_time<? and ?<r1_0.end_time
Hibernate: update reservation set approval_deadline=?,cancelled_at=?,court_id=?,decided_at=?,decided_by_id=?,decision_reason=?,end_time=?,start_time=?,state=?,user_id=?,version=? where id=? and version=?
2026-10-05T20:44:37.320+02:00  INFO 18696 --- [           main] o.e.r.s.LoggingNotificationService       : NOTIFY approvers: reservation 50 for court 'Centre Court (approval)' awaits approval until 2026-09-20T10:00
Hibernate: select au1_0.id,au1_0.email,au1_0.full_name,au1_0.role from app_user au1_0 where au1_0.id=?
Hibernate: select r1_0.id,r1_0.approval_deadline,r1_0.cancelled_at,r1_0.court_id,c1_0.id,c1_0.active,c1_0.closing_time,c1_0.location,c1_0.name,c1_0.opening_time,c1_0.requires_approval,c1_0.type,r1_0.created_at,r1_0.decided_at,db1_0.id,db1_0.email,db1_0.full_name,db1_0.role,r1_0.decision_reason,r1_0.end_time,r1_0.start_time,r1_0.state,r1_0.user_id,u1_0.id,u1_0.email,u1_0.full_name,u1_0.role,r1_0.version from reservation r1_0 join court c1_0 on c1_0.id=r1_0.court_id left join app_user db1_0 on db1_0.id=r1_0.decided_by_id join app_user u1_0 on u1_0.id=r1_0.user_id where r1_0.id=?
Hibernate: update reservation set approval_deadline=?,cancelled_at=?,court_id=?,decided_at=?,decided_by_id=?,decision_reason=?,end_time=?,start_time=?,state=?,user_id=?,version=? where id=? and version=?
2026-10-05T20:44:37.322+02:00  INFO 18696 --- [           main] o.e.r.s.LoggingNotificationService       : NOTIFY owner alice+1239750509230500@example.com: reservation 50 is now REJECTED (Court booked for a tournament)
Hibernate: select c1_0.id,c1_0.active,c1_0.closing_time,c1_0.location,c1_0.name,c1_0.opening_time,c1_0.requires_approval,c1_0.type from court c1_0 where c1_0.id=?
Hibernate: select r1_0.id,r1_0.approval_deadline,r1_0.cancelled_at,r1_0.court_id,r1_0.created_at,r1_0.decided_at,r1_0.decided_by_id,r1_0.decision_reason,r1_0.end_time,r1_0.start_time,r1_0.state,r1_0.user_id,r1_0.version from reservation r1_0 where r1_0.court_id=? and r1_0.state in (?) and r1_0.start_time<? and ?<r1_0.end_time
Hibernate: select r1_0.id,r1_0.approval_deadline,r1_0.cancelled_at,r1_0.court_id,r1_0.created_at,r1_0.decided_at,r1_0.decided_by_id,r1_0.decision_reason,r1_0.end_time,r1_0.start_time,r1_0.state,r1_0.user_id,r1_0.version from reservation r1_0 where r1_0.court_id=? and r1_0.state in (?) and r1_0.start_time<? and ?<r1_0.end_time
Hibernate: select r1_0.id,r1_0.approval_deadline,r1_0.cancelled_at,r1_0.court_id,r1_0.created_at,r1_0.decided_at,r1_0.decided_by_id,r1_0.decision_reason,r1_0.end_time,r1_0.start_time,r1_0.state,r1_0.user_id,r1_0.version from reservation r1_0
Hibernate: select c1_0.id,c1_0.active,c1_0.closing_time,c1_0.location,c1_0.name,c1_0.opening_time,c1_0.requires_approval,c1_0.type from court c1_0 where c1_0.id=?
Hibernate: select au1_0.id,au1_0.email,au1_0.full_name,au1_0.role from app_user au1_0 where au1_0.id=?
Hibernate: select au1_0.id,au1_0.email,au1_0.full_name,au1_0.role from app_user au1_0 where au1_0.id=?
Hibernate: delete from reservation where id=? and version=?
Hibernate: insert into court (active,closing_time,location,name,opening_time,requires_approval,type,id) values (?,?,?,?,?,?,?,default)
Hibernate: insert into court (active,closing_time,location,name,opening_time,requires_approval,type,id) values (?,?,?,?,?,?,?,default)
Hibernate: insert into app_user (email,full_name,role,id) values (?,?,?,default)
Hibernate: insert into app_user (email,full_name,role,id) values (?,?,?,default)
Hibernate: insert into app_user (email,full_name,role,id) values (?,?,?,default)
Hibernate: insert into app_user (email,full_name,role,id) values (?,?,?,default)
Hibernate: select au1_0.id,au1_0.email,au1_0.full_name,au1_0.role from app_user au1_0 where au1_0.id=?
Hibernate: select c1_0.id,c1_0.active,c1_0.closing_time,c1_0.location,c1_0.name,c1_0.opening_time,c1_0.requires_approval,c1_0.type from court c1_0 where c1_0.id=?
Hibernate: insert into reservation (approval_deadline,cancelled_at,court_id,created_at,decided_at,decided_by_id,decision_reason,end_time,start_time,state,user_id,version,id) values (?,?,?,?,?,?,?,?,?,?,?,?,default)
Hibernate: select au1_0.id,au1_0.email,au1_0.full_name,au1_0.role from app_user au1_0 where au1_0.id=?
Hibernate: select r1_0.id,r1_0.approval_deadline,r1_0.cancelled_at,r1_0.court_id,c1_0.id,c1_0.active,c1_0.closing_time,c1_0.location,c1_0.name,c1_0.opening_time,c1_0.requires_approval,c1_0.type,r1_0.created_at,r1_0.decided_at,db1_0.id,db1_0.email,db1_0.full_name,db1_0.role,r1_0.decision_reason,r1_0.end_time,r1_0.start_time,r1_0.state,r1_0.user_id,u1_0.id,u1_0.email,u1_0.full_name,u1_0.role,r1_0.version from reservation r1_0 join court c1_0 on c1_0.id=r1_0.court_id left join app_user db1_0 on db1_0.id=r1_0.decided_by_id join app_user u1_0 on u1_0.id=r1_0.user_id where r1_0.id=?
Hibernate: select c1_0.id,c1_0.active,c1_0.closing_time,c1_0.location,c1_0.name,c1_0.opening_time,c1_0.requires_approval,c1_0.type from court c1_0 where c1_0.id=? for update
Hibernate: select r1_0.id,r1_0.approval_deadline,r1_0.cancelled_at,r1_0.court_id,r1_0.created_at,r1_0.decided_at,r1_0.decided_by_id,r1_0.decision_reason,r1_0.end_time,r1_0.start_time,r1_0.state,r1_0.user_id,r1_0.version from reservation r1_0 where r1_0.court_id=? and r1_0.state in (?) and r1_0.start_time<? and ?<r1_0.end_time
Hibernate: update reservation set approval_deadline=?,cancelled_at=?,court_id=?,decided_at=?,decided_by_id=?,decision_reason=?,end_time=?,start_time=?,state=?,user_id=?,version=? where id=? and version=?
2026-10-05T20:44:37.348+02:00  INFO 18696 --- [           main] o.e.r.s.LoggingNotificationService       : NOTIFY approvers: reservation 51 for court 'Centre Court (approval)' awaits approval until 2026-09-20T10:00
Hibernate: select au1_0.id,au1_0.email,au1_0.full_name,au1_0.role from app_user au1_0 where au1_0.id=?
Hibernate: select r1_0.id,r1_0.approval_deadline,r1_0.cancelled_at,r1_0.court_id,c1_0.id,c1_0.active,c1_0.closing_time,c1_0.location,c1_0.name,c1_0.opening_time,c1_0.requires_approval,c1_0.type,r1_0.created_at,r1_0.decided_at,db1_0.id,db1_0.email,db1_0.full_name,db1_0.role,r1_0.decision_reason,r1_0.end_time,r1_0.start_time,r1_0.state,r1_0.user_id,u1_0.id,u1_0.email,u1_0.full_name,u1_0.role,r1_0.version from reservation r1_0 join court c1_0 on c1_0.id=r1_0.court_id left join app_user db1_0 on db1_0.id=r1_0.decided_by_id join app_user u1_0 on u1_0.id=r1_0.user_id where r1_0.id=?
Hibernate: update reservation set approval_deadline=?,cancelled_at=?,court_id=?,decided_at=?,decided_by_id=?,decision_reason=?,end_time=?,start_time=?,state=?,user_id=?,version=? where id=? and version=?
2026-10-05T20:44:37.350+02:00  INFO 18696 --- [           main] o.e.r.s.LoggingNotificationService       : NOTIFY owner alice+1239750536220500@example.com: reservation 51 is now REJECTED (no)
Hibernate: select au1_0.id,au1_0.email,au1_0.full_name,au1_0.role from app_user au1_0 where au1_0.id=?
Hibernate: select r1_0.id,r1_0.approval_deadline,r1_0.cancelled_at,r1_0.court_id,c1_0.id,c1_0.active,c1_0.closing_time,c1_0.location,c1_0.name,c1_0.opening_time,c1_0.requires_approval,c1_0.type,r1_0.created_at,r1_0.decided_at,db1_0.id,db1_0.email,db1_0.full_name,db1_0.role,r1_0.decision_reason,r1_0.end_time,r1_0.start_time,r1_0.state,r1_0.user_id,u1_0.id,u1_0.email,u1_0.full_name,u1_0.role,r1_0.version from reservation r1_0 join court c1_0 on c1_0.id=r1_0.court_id left join app_user db1_0 on db1_0.id=r1_0.decided_by_id join app_user u1_0 on u1_0.id=r1_0.user_id where r1_0.id=?
Hibernate: select c1_0.id,c1_0.active,c1_0.closing_time,c1_0.location,c1_0.name,c1_0.opening_time,c1_0.requires_approval,c1_0.type from court c1_0 where c1_0.id=? for update
Hibernate: select r1_0.id,r1_0.approval_deadline,r1_0.cancelled_at,r1_0.court_id,c1_0.id,c1_0.active,c1_0.closing_time,c1_0.location,c1_0.name,c1_0.opening_time,c1_0.requires_approval,c1_0.type,r1_0.created_at,r1_0.decided_at,db1_0.id,db1_0.email,db1_0.full_name,db1_0.role,r1_0.decision_reason,r1_0.end_time,r1_0.start_time,r1_0.state,r1_0.user_id,u1_0.id,u1_0.email,u1_0.full_name,u1_0.role,r1_0.version from reservation r1_0 join court c1_0 on c1_0.id=r1_0.court_id left join app_user db1_0 on db1_0.id=r1_0.decided_by_id join app_user u1_0 on u1_0.id=r1_0.user_id where r1_0.id=?
Hibernate: select r1_0.id,r1_0.approval_deadline,r1_0.cancelled_at,r1_0.court_id,r1_0.created_at,r1_0.decided_at,r1_0.decided_by_id,r1_0.decision_reason,r1_0.end_time,r1_0.start_time,r1_0.state,r1_0.user_id,r1_0.version from reservation r1_0
Hibernate: select c1_0.id,c1_0.active,c1_0.closing_time,c1_0.location,c1_0.name,c1_0.opening_time,c1_0.requires_approval,c1_0.type from court c1_0 where c1_0.id=?
Hibernate: select au1_0.id,au1_0.email,au1_0.full_name,au1_0.role from app_user au1_0 where au1_0.id=?
Hibernate: select au1_0.id,au1_0.email,au1_0.full_name,au1_0.role from app_user au1_0 where au1_0.id=?
Hibernate: delete from reservation where id=? and version=?
Hibernate: insert into court (active,closing_time,location,name,opening_time,requires_approval,type,id) values (?,?,?,?,?,?,?,default)
Hibernate: insert into court (active,closing_time,location,name,opening_time,requires_approval,type,id) values (?,?,?,?,?,?,?,default)
Hibernate: insert into app_user (email,full_name,role,id) values (?,?,?,default)
Hibernate: insert into app_user (email,full_name,role,id) values (?,?,?,default)
Hibernate: insert into app_user (email,full_name,role,id) values (?,?,?,default)
Hibernate: insert into app_user (email,full_name,role,id) values (?,?,?,default)
Hibernate: select au1_0.id,au1_0.email,au1_0.full_name,au1_0.role from app_user au1_0 where au1_0.id=?
Hibernate: select c1_0.id,c1_0.active,c1_0.closing_time,c1_0.location,c1_0.name,c1_0.opening_time,c1_0.requires_approval,c1_0.type from court c1_0 where c1_0.id=?
Hibernate: insert into reservation (approval_deadline,cancelled_at,court_id,created_at,decided_at,decided_by_id,decision_reason,end_time,start_time,state,user_id,version,id) values (?,?,?,?,?,?,?,?,?,?,?,?,default)
Hibernate: select au1_0.id,au1_0.email,au1_0.full_name,au1_0.role from app_user au1_0 where au1_0.id=?
Hibernate: select r1_0.id,r1_0.approval_deadline,r1_0.cancelled_at,r1_0.court_id,c1_0.id,c1_0.active,c1_0.closing_time,c1_0.location,c1_0.name,c1_0.opening_time,c1_0.requires_approval,c1_0.type,r1_0.created_at,r1_0.decided_at,db1_0.id,db1_0.email,db1_0.full_name,db1_0.role,r1_0.decision_reason,r1_0.end_time,r1_0.start_time,r1_0.state,r1_0.user_id,u1_0.id,u1_0.email,u1_0.full_name,u1_0.role,r1_0.version from reservation r1_0 join court c1_0 on c1_0.id=r1_0.court_id left join app_user db1_0 on db1_0.id=r1_0.decided_by_id join app_user u1_0 on u1_0.id=r1_0.user_id where r1_0.id=?
Hibernate: select c1_0.id,c1_0.active,c1_0.closing_time,c1_0.location,c1_0.name,c1_0.opening_time,c1_0.requires_approval,c1_0.type from court c1_0 where c1_0.id=? for update
Hibernate: select r1_0.id,r1_0.approval_deadline,r1_0.cancelled_at,r1_0.court_id,r1_0.created_at,r1_0.decided_at,r1_0.decided_by_id,r1_0.decision_reason,r1_0.end_time,r1_0.start_time,r1_0.state,r1_0.user_id,r1_0.version from reservation r1_0 where r1_0.court_id=? and r1_0.state in (?) and r1_0.start_time<? and ?<r1_0.end_time
Hibernate: update reservation set approval_deadline=?,cancelled_at=?,court_id=?,decided_at=?,decided_by_id=?,decision_reason=?,end_time=?,start_time=?,state=?,user_id=?,version=? where id=? and version=?
2026-10-05T20:44:37.377+02:00  INFO 18696 --- [           main] o.e.r.s.LoggingNotificationService       : NOTIFY approvers: reservation 52 for court 'Centre Court (approval)' awaits approval until 2026-09-20T10:00
Hibernate: select au1_0.id,au1_0.email,au1_0.full_name,au1_0.role from app_user au1_0 where au1_0.id=?
Hibernate: select r1_0.id,r1_0.approval_deadline,r1_0.cancelled_at,r1_0.court_id,c1_0.id,c1_0.active,c1_0.closing_time,c1_0.location,c1_0.name,c1_0.opening_time,c1_0.requires_approval,c1_0.type,r1_0.created_at,r1_0.decided_at,db1_0.id,db1_0.email,db1_0.full_name,db1_0.role,r1_0.decision_reason,r1_0.end_time,r1_0.start_time,r1_0.state,r1_0.user_id,u1_0.id,u1_0.email,u1_0.full_name,u1_0.role,r1_0.version from reservation r1_0 join court c1_0 on c1_0.id=r1_0.court_id left join app_user db1_0 on db1_0.id=r1_0.decided_by_id join app_user u1_0 on u1_0.id=r1_0.user_id where r1_0.id=?
Hibernate: select r1_0.id,r1_0.approval_deadline,r1_0.cancelled_at,r1_0.court_id,c1_0.id,c1_0.active,c1_0.closing_time,c1_0.location,c1_0.name,c1_0.opening_time,c1_0.requires_approval,c1_0.type,r1_0.created_at,r1_0.decided_at,db1_0.id,db1_0.email,db1_0.full_name,db1_0.role,r1_0.decision_reason,r1_0.end_time,r1_0.start_time,r1_0.state,r1_0.user_id,u1_0.id,u1_0.email,u1_0.full_name,u1_0.role,r1_0.version from reservation r1_0 join court c1_0 on c1_0.id=r1_0.court_id left join app_user db1_0 on db1_0.id=r1_0.decided_by_id join app_user u1_0 on u1_0.id=r1_0.user_id where r1_0.id=?
Hibernate: select r1_0.id,r1_0.approval_deadline,r1_0.cancelled_at,r1_0.court_id,r1_0.created_at,r1_0.decided_at,r1_0.decided_by_id,r1_0.decision_reason,r1_0.end_time,r1_0.start_time,r1_0.state,r1_0.user_id,r1_0.version from reservation r1_0
Hibernate: select c1_0.id,c1_0.active,c1_0.closing_time,c1_0.location,c1_0.name,c1_0.opening_time,c1_0.requires_approval,c1_0.type from court c1_0 where c1_0.id=?
Hibernate: select au1_0.id,au1_0.email,au1_0.full_name,au1_0.role from app_user au1_0 where au1_0.id=?
Hibernate: delete from reservation where id=? and version=?
Hibernate: insert into court (active,closing_time,location,name,opening_time,requires_approval,type,id) values (?,?,?,?,?,?,?,default)
Hibernate: insert into court (active,closing_time,location,name,opening_time,requires_approval,type,id) values (?,?,?,?,?,?,?,default)
Hibernate: insert into app_user (email,full_name,role,id) values (?,?,?,default)
Hibernate: insert into app_user (email,full_name,role,id) values (?,?,?,default)
Hibernate: insert into app_user (email,full_name,role,id) values (?,?,?,default)
Hibernate: insert into app_user (email,full_name,role,id) values (?,?,?,default)
Hibernate: select au1_0.id,au1_0.email,au1_0.full_name,au1_0.role from app_user au1_0 where au1_0.id=?
Hibernate: select c1_0.id,c1_0.active,c1_0.closing_time,c1_0.location,c1_0.name,c1_0.opening_time,c1_0.requires_approval,c1_0.type from court c1_0 where c1_0.id=?
Hibernate: insert into reservation (approval_deadline,cancelled_at,court_id,created_at,decided_at,decided_by_id,decision_reason,end_time,start_time,state,user_id,version,id) values (?,?,?,?,?,?,?,?,?,?,?,?,default)
Hibernate: select au1_0.id,au1_0.email,au1_0.full_name,au1_0.role from app_user au1_0 where au1_0.id=?
Hibernate: select r1_0.id,r1_0.approval_deadline,r1_0.cancelled_at,r1_0.court_id,c1_0.id,c1_0.active,c1_0.closing_time,c1_0.location,c1_0.name,c1_0.opening_time,c1_0.requires_approval,c1_0.type,r1_0.created_at,r1_0.decided_at,db1_0.id,db1_0.email,db1_0.full_name,db1_0.role,r1_0.decision_reason,r1_0.end_time,r1_0.start_time,r1_0.state,r1_0.user_id,u1_0.id,u1_0.email,u1_0.full_name,u1_0.role,r1_0.version from reservation r1_0 join court c1_0 on c1_0.id=r1_0.court_id left join app_user db1_0 on db1_0.id=r1_0.decided_by_id join app_user u1_0 on u1_0.id=r1_0.user_id where r1_0.id=?
Hibernate: select c1_0.id,c1_0.active,c1_0.closing_time,c1_0.location,c1_0.name,c1_0.opening_time,c1_0.requires_approval,c1_0.type from court c1_0 where c1_0.id=? for update
Hibernate: select r1_0.id,r1_0.approval_deadline,r1_0.cancelled_at,r1_0.court_id,r1_0.created_at,r1_0.decided_at,r1_0.decided_by_id,r1_0.decision_reason,r1_0.end_time,r1_0.start_time,r1_0.state,r1_0.user_id,r1_0.version from reservation r1_0 where r1_0.court_id=? and r1_0.state in (?) and r1_0.start_time<? and ?<r1_0.end_time
Hibernate: update reservation set approval_deadline=?,cancelled_at=?,court_id=?,decided_at=?,decided_by_id=?,decision_reason=?,end_time=?,start_time=?,state=?,user_id=?,version=? where id=? and version=?
2026-10-05T20:44:37.406+02:00  INFO 18696 --- [           main] o.e.r.s.LoggingNotificationService       : NOTIFY owner alice+1239750593849100@example.com: reservation 53 for court 'Court 2 (self-service)' is CONFIRMED
Hibernate: select au1_0.id,au1_0.email,au1_0.full_name,au1_0.role from app_user au1_0 where au1_0.id=?
Hibernate: select r1_0.id,r1_0.approval_deadline,r1_0.cancelled_at,r1_0.court_id,c1_0.id,c1_0.active,c1_0.closing_time,c1_0.location,c1_0.name,c1_0.opening_time,c1_0.requires_approval,c1_0.type,r1_0.created_at,r1_0.decided_at,db1_0.id,db1_0.email,db1_0.full_name,db1_0.role,r1_0.decision_reason,r1_0.end_time,r1_0.start_time,r1_0.state,r1_0.user_id,u1_0.id,u1_0.email,u1_0.full_name,u1_0.role,r1_0.version from reservation r1_0 join court c1_0 on c1_0.id=r1_0.court_id left join app_user db1_0 on db1_0.id=r1_0.decided_by_id join app_user u1_0 on u1_0.id=r1_0.user_id where r1_0.id=?
Hibernate: select r1_0.id,r1_0.approval_deadline,r1_0.cancelled_at,r1_0.court_id,c1_0.id,c1_0.active,c1_0.closing_time,c1_0.location,c1_0.name,c1_0.opening_time,c1_0.requires_approval,c1_0.type,r1_0.created_at,r1_0.decided_at,db1_0.id,db1_0.email,db1_0.full_name,db1_0.role,r1_0.decision_reason,r1_0.end_time,r1_0.start_time,r1_0.state,r1_0.user_id,u1_0.id,u1_0.email,u1_0.full_name,u1_0.role,r1_0.version from reservation r1_0 join court c1_0 on c1_0.id=r1_0.court_id left join app_user db1_0 on db1_0.id=r1_0.decided_by_id join app_user u1_0 on u1_0.id=r1_0.user_id where r1_0.id=?
Hibernate: select r1_0.id,r1_0.approval_deadline,r1_0.cancelled_at,r1_0.court_id,r1_0.created_at,r1_0.decided_at,r1_0.decided_by_id,r1_0.decision_reason,r1_0.end_time,r1_0.start_time,r1_0.state,r1_0.user_id,r1_0.version from reservation r1_0
Hibernate: select c1_0.id,c1_0.active,c1_0.closing_time,c1_0.location,c1_0.name,c1_0.opening_time,c1_0.requires_approval,c1_0.type from court c1_0 where c1_0.id=?
Hibernate: select au1_0.id,au1_0.email,au1_0.full_name,au1_0.role from app_user au1_0 where au1_0.id=?
Hibernate: delete from reservation where id=? and version=?
Hibernate: insert into court (active,closing_time,location,name,opening_time,requires_approval,type,id) values (?,?,?,?,?,?,?,default)
Hibernate: insert into court (active,closing_time,location,name,opening_time,requires_approval,type,id) values (?,?,?,?,?,?,?,default)
Hibernate: insert into app_user (email,full_name,role,id) values (?,?,?,default)
Hibernate: insert into app_user (email,full_name,role,id) values (?,?,?,default)
Hibernate: insert into app_user (email,full_name,role,id) values (?,?,?,default)
Hibernate: insert into app_user (email,full_name,role,id) values (?,?,?,default)
Hibernate: select au1_0.id,au1_0.email,au1_0.full_name,au1_0.role from app_user au1_0 where au1_0.id=?
Hibernate: select c1_0.id,c1_0.active,c1_0.closing_time,c1_0.location,c1_0.name,c1_0.opening_time,c1_0.requires_approval,c1_0.type from court c1_0 where c1_0.id=?
Hibernate: insert into reservation (approval_deadline,cancelled_at,court_id,created_at,decided_at,decided_by_id,decision_reason,end_time,start_time,state,user_id,version,id) values (?,?,?,?,?,?,?,?,?,?,?,?,default)
Hibernate: select au1_0.id,au1_0.email,au1_0.full_name,au1_0.role from app_user au1_0 where au1_0.id=?
Hibernate: select r1_0.id,r1_0.approval_deadline,r1_0.cancelled_at,r1_0.court_id,c1_0.id,c1_0.active,c1_0.closing_time,c1_0.location,c1_0.name,c1_0.opening_time,c1_0.requires_approval,c1_0.type,r1_0.created_at,r1_0.decided_at,db1_0.id,db1_0.email,db1_0.full_name,db1_0.role,r1_0.decision_reason,r1_0.end_time,r1_0.start_time,r1_0.state,r1_0.user_id,u1_0.id,u1_0.email,u1_0.full_name,u1_0.role,r1_0.version from reservation r1_0 join court c1_0 on c1_0.id=r1_0.court_id left join app_user db1_0 on db1_0.id=r1_0.decided_by_id join app_user u1_0 on u1_0.id=r1_0.user_id where r1_0.id=?
Hibernate: select c1_0.id,c1_0.active,c1_0.closing_time,c1_0.location,c1_0.name,c1_0.opening_time,c1_0.requires_approval,c1_0.type from court c1_0 where c1_0.id=? for update
Hibernate: select r1_0.id,r1_0.approval_deadline,r1_0.cancelled_at,r1_0.court_id,r1_0.created_at,r1_0.decided_at,r1_0.decided_by_id,r1_0.decision_reason,r1_0.end_time,r1_0.start_time,r1_0.state,r1_0.user_id,r1_0.version from reservation r1_0 where r1_0.court_id=? and r1_0.state in (?) and r1_0.start_time<? and ?<r1_0.end_time
Hibernate: update reservation set approval_deadline=?,cancelled_at=?,court_id=?,decided_at=?,decided_by_id=?,decision_reason=?,end_time=?,start_time=?,state=?,user_id=?,version=? where id=? and version=?
2026-10-05T20:44:37.426+02:00  INFO 18696 --- [           main] o.e.r.s.LoggingNotificationService       : NOTIFY approvers: reservation 54 for court 'Centre Court (approval)' awaits approval until 2026-09-20T10:00
Hibernate: select au1_0.id,au1_0.email,au1_0.full_name,au1_0.role from app_user au1_0 where au1_0.id=?
Hibernate: select r1_0.id,r1_0.approval_deadline,r1_0.cancelled_at,r1_0.court_id,c1_0.id,c1_0.active,c1_0.closing_time,c1_0.location,c1_0.name,c1_0.opening_time,c1_0.requires_approval,c1_0.type,r1_0.created_at,r1_0.decided_at,db1_0.id,db1_0.email,db1_0.full_name,db1_0.role,r1_0.decision_reason,r1_0.end_time,r1_0.start_time,r1_0.state,r1_0.user_id,u1_0.id,u1_0.email,u1_0.full_name,u1_0.role,r1_0.version from reservation r1_0 join court c1_0 on c1_0.id=r1_0.court_id left join app_user db1_0 on db1_0.id=r1_0.decided_by_id join app_user u1_0 on u1_0.id=r1_0.user_id where r1_0.id=?
Hibernate: update reservation set approval_deadline=?,cancelled_at=?,court_id=?,decided_at=?,decided_by_id=?,decision_reason=?,end_time=?,start_time=?,state=?,user_id=?,version=? where id=? and version=?
2026-10-05T20:44:37.429+02:00  INFO 18696 --- [           main] o.e.r.s.LoggingNotificationService       : NOTIFY owner alice+1239750616717500@example.com: reservation 54 is now REJECTED (late refusal)
[INFO] Tests run: 5, Failures: 0, Errors: 0, Skipped: 0, Time elapsed: 0.139 s -- in OP-06 Reject Reservation
[INFO] Running OP-05 Approve Reservation
2026-10-05T20:44:37.433+02:00  INFO 18696 --- [           main] t.c.s.AnnotationConfigContextLoaderUtils : Could not detect default configuration classes for test class [org.example.reservation.BaselineV02ApprovalVerificationTest$Op05Approve]: Op05Approve does not declare any static, non-private, non-final, nested classes annotated with @Configuration.
2026-10-05T20:44:37.436+02:00  INFO 18696 --- [           main] .b.t.c.SpringBootTestContextBootstrapper : Found @SpringBootConfiguration org.example.reservation.ReservationApplication for test class org.example.reservation.BaselineV02ApprovalVerificationTest$Op05Approve
Hibernate: select r1_0.id,r1_0.approval_deadline,r1_0.cancelled_at,r1_0.court_id,r1_0.created_at,r1_0.decided_at,r1_0.decided_by_id,r1_0.decision_reason,r1_0.end_time,r1_0.start_time,r1_0.state,r1_0.user_id,r1_0.version from reservation r1_0
Hibernate: select c1_0.id,c1_0.active,c1_0.closing_time,c1_0.location,c1_0.name,c1_0.opening_time,c1_0.requires_approval,c1_0.type from court c1_0 where c1_0.id=?
Hibernate: select au1_0.id,au1_0.email,au1_0.full_name,au1_0.role from app_user au1_0 where au1_0.id=?
Hibernate: select au1_0.id,au1_0.email,au1_0.full_name,au1_0.role from app_user au1_0 where au1_0.id=?
Hibernate: delete from reservation where id=? and version=?
Hibernate: insert into court (active,closing_time,location,name,opening_time,requires_approval,type,id) values (?,?,?,?,?,?,?,default)
Hibernate: insert into court (active,closing_time,location,name,opening_time,requires_approval,type,id) values (?,?,?,?,?,?,?,default)
Hibernate: insert into app_user (email,full_name,role,id) values (?,?,?,default)
Hibernate: insert into app_user (email,full_name,role,id) values (?,?,?,default)
Hibernate: insert into app_user (email,full_name,role,id) values (?,?,?,default)
Hibernate: insert into app_user (email,full_name,role,id) values (?,?,?,default)
Hibernate: select au1_0.id,au1_0.email,au1_0.full_name,au1_0.role from app_user au1_0 where au1_0.id=?
Hibernate: select c1_0.id,c1_0.active,c1_0.closing_time,c1_0.location,c1_0.name,c1_0.opening_time,c1_0.requires_approval,c1_0.type from court c1_0 where c1_0.id=?
Hibernate: insert into reservation (approval_deadline,cancelled_at,court_id,created_at,decided_at,decided_by_id,decision_reason,end_time,start_time,state,user_id,version,id) values (?,?,?,?,?,?,?,?,?,?,?,?,default)
Hibernate: select au1_0.id,au1_0.email,au1_0.full_name,au1_0.role from app_user au1_0 where au1_0.id=?
Hibernate: select r1_0.id,r1_0.approval_deadline,r1_0.cancelled_at,r1_0.court_id,c1_0.id,c1_0.active,c1_0.closing_time,c1_0.location,c1_0.name,c1_0.opening_time,c1_0.requires_approval,c1_0.type,r1_0.created_at,r1_0.decided_at,db1_0.id,db1_0.email,db1_0.full_name,db1_0.role,r1_0.decision_reason,r1_0.end_time,r1_0.start_time,r1_0.state,r1_0.user_id,u1_0.id,u1_0.email,u1_0.full_name,u1_0.role,r1_0.version from reservation r1_0 join court c1_0 on c1_0.id=r1_0.court_id left join app_user db1_0 on db1_0.id=r1_0.decided_by_id join app_user u1_0 on u1_0.id=r1_0.user_id where r1_0.id=?
Hibernate: select c1_0.id,c1_0.active,c1_0.closing_time,c1_0.location,c1_0.name,c1_0.opening_time,c1_0.requires_approval,c1_0.type from court c1_0 where c1_0.id=? for update
Hibernate: select r1_0.id,r1_0.approval_deadline,r1_0.cancelled_at,r1_0.court_id,r1_0.created_at,r1_0.decided_at,r1_0.decided_by_id,r1_0.decision_reason,r1_0.end_time,r1_0.start_time,r1_0.state,r1_0.user_id,r1_0.version from reservation r1_0 where r1_0.court_id=? and r1_0.state in (?) and r1_0.start_time<? and ?<r1_0.end_time
Hibernate: update reservation set approval_deadline=?,cancelled_at=?,court_id=?,decided_at=?,decided_by_id=?,decision_reason=?,end_time=?,start_time=?,state=?,user_id=?,version=? where id=? and version=?
2026-10-05T20:44:37.468+02:00  INFO 18696 --- [           main] o.e.r.s.LoggingNotificationService       : NOTIFY approvers: reservation 55 for court 'Centre Court (approval)' awaits approval until 2026-09-20T10:00
Hibernate: select au1_0.id,au1_0.email,au1_0.full_name,au1_0.role from app_user au1_0 where au1_0.id=?
Hibernate: select r1_0.id,r1_0.approval_deadline,r1_0.cancelled_at,r1_0.court_id,c1_0.id,c1_0.active,c1_0.closing_time,c1_0.location,c1_0.name,c1_0.opening_time,c1_0.requires_approval,c1_0.type,r1_0.created_at,r1_0.decided_at,db1_0.id,db1_0.email,db1_0.full_name,db1_0.role,r1_0.decision_reason,r1_0.end_time,r1_0.start_time,r1_0.state,r1_0.user_id,u1_0.id,u1_0.email,u1_0.full_name,u1_0.role,r1_0.version from reservation r1_0 join court c1_0 on c1_0.id=r1_0.court_id left join app_user db1_0 on db1_0.id=r1_0.decided_by_id join app_user u1_0 on u1_0.id=r1_0.user_id where r1_0.id=?
Hibernate: select c1_0.id,c1_0.active,c1_0.closing_time,c1_0.location,c1_0.name,c1_0.opening_time,c1_0.requires_approval,c1_0.type from court c1_0 where c1_0.id=? for update
Hibernate: select r1_0.id,r1_0.approval_deadline,r1_0.cancelled_at,r1_0.court_id,r1_0.created_at,r1_0.decided_at,r1_0.decided_by_id,r1_0.decision_reason,r1_0.end_time,r1_0.start_time,r1_0.state,r1_0.user_id,r1_0.version from reservation r1_0 where r1_0.court_id=? and r1_0.state in (?) and r1_0.start_time<? and ?<r1_0.end_time
Hibernate: update reservation set approval_deadline=?,cancelled_at=?,court_id=?,decided_at=?,decided_by_id=?,decision_reason=?,end_time=?,start_time=?,state=?,user_id=?,version=? where id=? and version=?
2026-10-05T20:44:37.474+02:00  INFO 18696 --- [           main] o.e.r.s.LoggingNotificationService       : NOTIFY owner alice+1239750649109900@example.com: reservation 55 for court 'Centre Court (approval)' is CONFIRMED
Hibernate: select c1_0.id,c1_0.active,c1_0.closing_time,c1_0.location,c1_0.name,c1_0.opening_time,c1_0.requires_approval,c1_0.type from court c1_0 where c1_0.id=?
Hibernate: select r1_0.id,r1_0.approval_deadline,r1_0.cancelled_at,r1_0.court_id,r1_0.created_at,r1_0.decided_at,r1_0.decided_by_id,r1_0.decision_reason,r1_0.end_time,r1_0.start_time,r1_0.state,r1_0.user_id,r1_0.version from reservation r1_0 where r1_0.court_id=? and r1_0.state in (?) and r1_0.start_time<? and ?<r1_0.end_time
Hibernate: select r1_0.id,r1_0.approval_deadline,r1_0.cancelled_at,r1_0.court_id,r1_0.created_at,r1_0.decided_at,r1_0.decided_by_id,r1_0.decision_reason,r1_0.end_time,r1_0.start_time,r1_0.state,r1_0.user_id,r1_0.version from reservation r1_0 where r1_0.court_id=? and r1_0.state in (?) and r1_0.start_time<? and ?<r1_0.end_time
Hibernate: select au1_0.id,au1_0.email,au1_0.full_name,au1_0.role from app_user au1_0 where au1_0.id=?
Hibernate: select au1_0.id,au1_0.email,au1_0.full_name,au1_0.role from app_user au1_0 where au1_0.id=?
Hibernate: select r1_0.id,r1_0.approval_deadline,r1_0.cancelled_at,r1_0.court_id,r1_0.created_at,r1_0.decided_at,r1_0.decided_by_id,r1_0.decision_reason,r1_0.end_time,r1_0.start_time,r1_0.state,r1_0.user_id,r1_0.version from reservation r1_0
Hibernate: select c1_0.id,c1_0.active,c1_0.closing_time,c1_0.location,c1_0.name,c1_0.opening_time,c1_0.requires_approval,c1_0.type from court c1_0 where c1_0.id=?
Hibernate: select au1_0.id,au1_0.email,au1_0.full_name,au1_0.role from app_user au1_0 where au1_0.id=?
Hibernate: select au1_0.id,au1_0.email,au1_0.full_name,au1_0.role from app_user au1_0 where au1_0.id=?
Hibernate: delete from reservation where id=? and version=?
Hibernate: insert into court (active,closing_time,location,name,opening_time,requires_approval,type,id) values (?,?,?,?,?,?,?,default)
Hibernate: insert into court (active,closing_time,location,name,opening_time,requires_approval,type,id) values (?,?,?,?,?,?,?,default)
Hibernate: insert into app_user (email,full_name,role,id) values (?,?,?,default)
Hibernate: insert into app_user (email,full_name,role,id) values (?,?,?,default)
Hibernate: insert into app_user (email,full_name,role,id) values (?,?,?,default)
Hibernate: insert into app_user (email,full_name,role,id) values (?,?,?,default)
Hibernate: select au1_0.id,au1_0.email,au1_0.full_name,au1_0.role from app_user au1_0 where au1_0.id=?
Hibernate: select c1_0.id,c1_0.active,c1_0.closing_time,c1_0.location,c1_0.name,c1_0.opening_time,c1_0.requires_approval,c1_0.type from court c1_0 where c1_0.id=?
Hibernate: insert into reservation (approval_deadline,cancelled_at,court_id,created_at,decided_at,decided_by_id,decision_reason,end_time,start_time,state,user_id,version,id) values (?,?,?,?,?,?,?,?,?,?,?,?,default)
Hibernate: select au1_0.id,au1_0.email,au1_0.full_name,au1_0.role from app_user au1_0 where au1_0.id=?
Hibernate: select r1_0.id,r1_0.approval_deadline,r1_0.cancelled_at,r1_0.court_id,c1_0.id,c1_0.active,c1_0.closing_time,c1_0.location,c1_0.name,c1_0.opening_time,c1_0.requires_approval,c1_0.type,r1_0.created_at,r1_0.decided_at,db1_0.id,db1_0.email,db1_0.full_name,db1_0.role,r1_0.decision_reason,r1_0.end_time,r1_0.start_time,r1_0.state,r1_0.user_id,u1_0.id,u1_0.email,u1_0.full_name,u1_0.role,r1_0.version from reservation r1_0 join court c1_0 on c1_0.id=r1_0.court_id left join app_user db1_0 on db1_0.id=r1_0.decided_by_id join app_user u1_0 on u1_0.id=r1_0.user_id where r1_0.id=?
Hibernate: select c1_0.id,c1_0.active,c1_0.closing_time,c1_0.location,c1_0.name,c1_0.opening_time,c1_0.requires_approval,c1_0.type from court c1_0 where c1_0.id=? for update
Hibernate: select r1_0.id,r1_0.approval_deadline,r1_0.cancelled_at,r1_0.court_id,r1_0.created_at,r1_0.decided_at,r1_0.decided_by_id,r1_0.decision_reason,r1_0.end_time,r1_0.start_time,r1_0.state,r1_0.user_id,r1_0.version from reservation r1_0 where r1_0.court_id=? and r1_0.state in (?) and r1_0.start_time<? and ?<r1_0.end_time
Hibernate: update reservation set approval_deadline=?,cancelled_at=?,court_id=?,decided_at=?,decided_by_id=?,decision_reason=?,end_time=?,start_time=?,state=?,user_id=?,version=? where id=? and version=?
2026-10-05T20:44:37.503+02:00  INFO 18696 --- [           main] o.e.r.s.LoggingNotificationService       : NOTIFY approvers: reservation 56 for court 'Centre Court (approval)' awaits approval until 2026-09-20T10:00
Hibernate: select au1_0.id,au1_0.email,au1_0.full_name,au1_0.role from app_user au1_0 where au1_0.id=?
Hibernate: select r1_0.id,r1_0.approval_deadline,r1_0.cancelled_at,r1_0.court_id,c1_0.id,c1_0.active,c1_0.closing_time,c1_0.location,c1_0.name,c1_0.opening_time,c1_0.requires_approval,c1_0.type,r1_0.created_at,r1_0.decided_at,db1_0.id,db1_0.email,db1_0.full_name,db1_0.role,r1_0.decision_reason,r1_0.end_time,r1_0.start_time,r1_0.state,r1_0.user_id,u1_0.id,u1_0.email,u1_0.full_name,u1_0.role,r1_0.version from reservation r1_0 join court c1_0 on c1_0.id=r1_0.court_id left join app_user db1_0 on db1_0.id=r1_0.decided_by_id join app_user u1_0 on u1_0.id=r1_0.user_id where r1_0.id=?
Hibernate: select r1_0.id,r1_0.approval_deadline,r1_0.cancelled_at,r1_0.court_id,c1_0.id,c1_0.active,c1_0.closing_time,c1_0.location,c1_0.name,c1_0.opening_time,c1_0.requires_approval,c1_0.type,r1_0.created_at,r1_0.decided_at,db1_0.id,db1_0.email,db1_0.full_name,db1_0.role,r1_0.decision_reason,r1_0.end_time,r1_0.start_time,r1_0.state,r1_0.user_id,u1_0.id,u1_0.email,u1_0.full_name,u1_0.role,r1_0.version from reservation r1_0 join court c1_0 on c1_0.id=r1_0.court_id left join app_user db1_0 on db1_0.id=r1_0.decided_by_id join app_user u1_0 on u1_0.id=r1_0.user_id where r1_0.id=?
Hibernate: select r1_0.id,r1_0.approval_deadline,r1_0.cancelled_at,r1_0.court_id,r1_0.created_at,r1_0.decided_at,r1_0.decided_by_id,r1_0.decision_reason,r1_0.end_time,r1_0.start_time,r1_0.state,r1_0.user_id,r1_0.version from reservation r1_0
Hibernate: select c1_0.id,c1_0.active,c1_0.closing_time,c1_0.location,c1_0.name,c1_0.opening_time,c1_0.requires_approval,c1_0.type from court c1_0 where c1_0.id=?
Hibernate: select au1_0.id,au1_0.email,au1_0.full_name,au1_0.role from app_user au1_0 where au1_0.id=?
Hibernate: delete from reservation where id=? and version=?
Hibernate: insert into court (active,closing_time,location,name,opening_time,requires_approval,type,id) values (?,?,?,?,?,?,?,default)
Hibernate: insert into court (active,closing_time,location,name,opening_time,requires_approval,type,id) values (?,?,?,?,?,?,?,default)
Hibernate: insert into app_user (email,full_name,role,id) values (?,?,?,default)
Hibernate: insert into app_user (email,full_name,role,id) values (?,?,?,default)
Hibernate: insert into app_user (email,full_name,role,id) values (?,?,?,default)
Hibernate: insert into app_user (email,full_name,role,id) values (?,?,?,default)
Hibernate: select au1_0.id,au1_0.email,au1_0.full_name,au1_0.role from app_user au1_0 where au1_0.id=?
Hibernate: select c1_0.id,c1_0.active,c1_0.closing_time,c1_0.location,c1_0.name,c1_0.opening_time,c1_0.requires_approval,c1_0.type from court c1_0 where c1_0.id=?
Hibernate: insert into reservation (approval_deadline,cancelled_at,court_id,created_at,decided_at,decided_by_id,decision_reason,end_time,start_time,state,user_id,version,id) values (?,?,?,?,?,?,?,?,?,?,?,?,default)
Hibernate: select au1_0.id,au1_0.email,au1_0.full_name,au1_0.role from app_user au1_0 where au1_0.id=?
Hibernate: select r1_0.id,r1_0.approval_deadline,r1_0.cancelled_at,r1_0.court_id,c1_0.id,c1_0.active,c1_0.closing_time,c1_0.location,c1_0.name,c1_0.opening_time,c1_0.requires_approval,c1_0.type,r1_0.created_at,r1_0.decided_at,db1_0.id,db1_0.email,db1_0.full_name,db1_0.role,r1_0.decision_reason,r1_0.end_time,r1_0.start_time,r1_0.state,r1_0.user_id,u1_0.id,u1_0.email,u1_0.full_name,u1_0.role,r1_0.version from reservation r1_0 join court c1_0 on c1_0.id=r1_0.court_id left join app_user db1_0 on db1_0.id=r1_0.decided_by_id join app_user u1_0 on u1_0.id=r1_0.user_id where r1_0.id=?
Hibernate: select c1_0.id,c1_0.active,c1_0.closing_time,c1_0.location,c1_0.name,c1_0.opening_time,c1_0.requires_approval,c1_0.type from court c1_0 where c1_0.id=? for update
Hibernate: select r1_0.id,r1_0.approval_deadline,r1_0.cancelled_at,r1_0.court_id,r1_0.created_at,r1_0.decided_at,r1_0.decided_by_id,r1_0.decision_reason,r1_0.end_time,r1_0.start_time,r1_0.state,r1_0.user_id,r1_0.version from reservation r1_0 where r1_0.court_id=? and r1_0.state in (?) and r1_0.start_time<? and ?<r1_0.end_time
Hibernate: update reservation set approval_deadline=?,cancelled_at=?,court_id=?,decided_at=?,decided_by_id=?,decision_reason=?,end_time=?,start_time=?,state=?,user_id=?,version=? where id=? and version=?
2026-10-05T20:44:37.533+02:00  INFO 18696 --- [           main] o.e.r.s.LoggingNotificationService       : NOTIFY approvers: reservation 57 for court 'Centre Court (approval)' awaits approval until 2026-09-20T10:00
Hibernate: select au1_0.id,au1_0.email,au1_0.full_name,au1_0.role from app_user au1_0 where au1_0.id=?
Hibernate: select r1_0.id,r1_0.approval_deadline,r1_0.cancelled_at,r1_0.court_id,c1_0.id,c1_0.active,c1_0.closing_time,c1_0.location,c1_0.name,c1_0.opening_time,c1_0.requires_approval,c1_0.type,r1_0.created_at,r1_0.decided_at,db1_0.id,db1_0.email,db1_0.full_name,db1_0.role,r1_0.decision_reason,r1_0.end_time,r1_0.start_time,r1_0.state,r1_0.user_id,u1_0.id,u1_0.email,u1_0.full_name,u1_0.role,r1_0.version from reservation r1_0 join court c1_0 on c1_0.id=r1_0.court_id left join app_user db1_0 on db1_0.id=r1_0.decided_by_id join app_user u1_0 on u1_0.id=r1_0.user_id where r1_0.id=?
Hibernate: select r1_0.id,r1_0.approval_deadline,r1_0.cancelled_at,r1_0.court_id,c1_0.id,c1_0.active,c1_0.closing_time,c1_0.location,c1_0.name,c1_0.opening_time,c1_0.requires_approval,c1_0.type,r1_0.created_at,r1_0.decided_at,db1_0.id,db1_0.email,db1_0.full_name,db1_0.role,r1_0.decision_reason,r1_0.end_time,r1_0.start_time,r1_0.state,r1_0.user_id,u1_0.id,u1_0.email,u1_0.full_name,u1_0.role,r1_0.version from reservation r1_0 join court c1_0 on c1_0.id=r1_0.court_id left join app_user db1_0 on db1_0.id=r1_0.decided_by_id join app_user u1_0 on u1_0.id=r1_0.user_id where r1_0.id=?
Hibernate: select au1_0.id,au1_0.email,au1_0.full_name,au1_0.role from app_user au1_0 where au1_0.id=?
Hibernate: select r1_0.id,r1_0.approval_deadline,r1_0.cancelled_at,r1_0.court_id,c1_0.id,c1_0.active,c1_0.closing_time,c1_0.location,c1_0.name,c1_0.opening_time,c1_0.requires_approval,c1_0.type,r1_0.created_at,r1_0.decided_at,db1_0.id,db1_0.email,db1_0.full_name,db1_0.role,r1_0.decision_reason,r1_0.end_time,r1_0.start_time,r1_0.state,r1_0.user_id,u1_0.id,u1_0.email,u1_0.full_name,u1_0.role,r1_0.version from reservation r1_0 join court c1_0 on c1_0.id=r1_0.court_id left join app_user db1_0 on db1_0.id=r1_0.decided_by_id join app_user u1_0 on u1_0.id=r1_0.user_id where r1_0.id=?
Hibernate: select c1_0.id,c1_0.active,c1_0.closing_time,c1_0.location,c1_0.name,c1_0.opening_time,c1_0.requires_approval,c1_0.type from court c1_0 where c1_0.id=? for update
Hibernate: select r1_0.id,r1_0.approval_deadline,r1_0.cancelled_at,r1_0.court_id,r1_0.created_at,r1_0.decided_at,r1_0.decided_by_id,r1_0.decision_reason,r1_0.end_time,r1_0.start_time,r1_0.state,r1_0.user_id,r1_0.version from reservation r1_0 where r1_0.court_id=? and r1_0.state in (?) and r1_0.start_time<? and ?<r1_0.end_time
Hibernate: update reservation set approval_deadline=?,cancelled_at=?,court_id=?,decided_at=?,decided_by_id=?,decision_reason=?,end_time=?,start_time=?,state=?,user_id=?,version=? where id=? and version=?
2026-10-05T20:44:37.539+02:00  INFO 18696 --- [           main] o.e.r.s.LoggingNotificationService       : NOTIFY owner erik+1239750720297700@example.com: reservation 57 for court 'Centre Court (approval)' is CONFIRMED
Hibernate: select r1_0.id,r1_0.approval_deadline,r1_0.cancelled_at,r1_0.court_id,r1_0.created_at,r1_0.decided_at,r1_0.decided_by_id,r1_0.decision_reason,r1_0.end_time,r1_0.start_time,r1_0.state,r1_0.user_id,r1_0.version from reservation r1_0
Hibernate: select c1_0.id,c1_0.active,c1_0.closing_time,c1_0.location,c1_0.name,c1_0.opening_time,c1_0.requires_approval,c1_0.type from court c1_0 where c1_0.id=?
Hibernate: select au1_0.id,au1_0.email,au1_0.full_name,au1_0.role from app_user au1_0 where au1_0.id=?
Hibernate: select au1_0.id,au1_0.email,au1_0.full_name,au1_0.role from app_user au1_0 where au1_0.id=?
Hibernate: delete from reservation where id=? and version=?
Hibernate: insert into court (active,closing_time,location,name,opening_time,requires_approval,type,id) values (?,?,?,?,?,?,?,default)
Hibernate: insert into court (active,closing_time,location,name,opening_time,requires_approval,type,id) values (?,?,?,?,?,?,?,default)
Hibernate: insert into app_user (email,full_name,role,id) values (?,?,?,default)
Hibernate: insert into app_user (email,full_name,role,id) values (?,?,?,default)
Hibernate: insert into app_user (email,full_name,role,id) values (?,?,?,default)
Hibernate: insert into app_user (email,full_name,role,id) values (?,?,?,default)
Hibernate: select au1_0.id,au1_0.email,au1_0.full_name,au1_0.role from app_user au1_0 where au1_0.id=?
Hibernate: select c1_0.id,c1_0.active,c1_0.closing_time,c1_0.location,c1_0.name,c1_0.opening_time,c1_0.requires_approval,c1_0.type from court c1_0 where c1_0.id=?
Hibernate: insert into reservation (approval_deadline,cancelled_at,court_id,created_at,decided_at,decided_by_id,decision_reason,end_time,start_time,state,user_id,version,id) values (?,?,?,?,?,?,?,?,?,?,?,?,default)
Hibernate: select au1_0.id,au1_0.email,au1_0.full_name,au1_0.role from app_user au1_0 where au1_0.id=?
Hibernate: select r1_0.id,r1_0.approval_deadline,r1_0.cancelled_at,r1_0.court_id,c1_0.id,c1_0.active,c1_0.closing_time,c1_0.location,c1_0.name,c1_0.opening_time,c1_0.requires_approval,c1_0.type,r1_0.created_at,r1_0.decided_at,db1_0.id,db1_0.email,db1_0.full_name,db1_0.role,r1_0.decision_reason,r1_0.end_time,r1_0.start_time,r1_0.state,r1_0.user_id,u1_0.id,u1_0.email,u1_0.full_name,u1_0.role,r1_0.version from reservation r1_0 join court c1_0 on c1_0.id=r1_0.court_id left join app_user db1_0 on db1_0.id=r1_0.decided_by_id join app_user u1_0 on u1_0.id=r1_0.user_id where r1_0.id=?
Hibernate: select c1_0.id,c1_0.active,c1_0.closing_time,c1_0.location,c1_0.name,c1_0.opening_time,c1_0.requires_approval,c1_0.type from court c1_0 where c1_0.id=? for update
Hibernate: select r1_0.id,r1_0.approval_deadline,r1_0.cancelled_at,r1_0.court_id,r1_0.created_at,r1_0.decided_at,r1_0.decided_by_id,r1_0.decision_reason,r1_0.end_time,r1_0.start_time,r1_0.state,r1_0.user_id,r1_0.version from reservation r1_0 where r1_0.court_id=? and r1_0.state in (?) and r1_0.start_time<? and ?<r1_0.end_time
Hibernate: update reservation set approval_deadline=?,cancelled_at=?,court_id=?,decided_at=?,decided_by_id=?,decision_reason=?,end_time=?,start_time=?,state=?,user_id=?,version=? where id=? and version=?
2026-10-05T20:44:37.556+02:00  INFO 18696 --- [           main] o.e.r.s.LoggingNotificationService       : NOTIFY approvers: reservation 58 for court 'Centre Court (approval)' awaits approval until 2026-09-20T10:00
Hibernate: select au1_0.id,au1_0.email,au1_0.full_name,au1_0.role from app_user au1_0 where au1_0.id=?
Hibernate: select r1_0.id,r1_0.approval_deadline,r1_0.cancelled_at,r1_0.court_id,c1_0.id,c1_0.active,c1_0.closing_time,c1_0.location,c1_0.name,c1_0.opening_time,c1_0.requires_approval,c1_0.type,r1_0.created_at,r1_0.decided_at,db1_0.id,db1_0.email,db1_0.full_name,db1_0.role,r1_0.decision_reason,r1_0.end_time,r1_0.start_time,r1_0.state,r1_0.user_id,u1_0.id,u1_0.email,u1_0.full_name,u1_0.role,r1_0.version from reservation r1_0 join court c1_0 on c1_0.id=r1_0.court_id left join app_user db1_0 on db1_0.id=r1_0.decided_by_id join app_user u1_0 on u1_0.id=r1_0.user_id where r1_0.id=?
Hibernate: select c1_0.id,c1_0.active,c1_0.closing_time,c1_0.location,c1_0.name,c1_0.opening_time,c1_0.requires_approval,c1_0.type from court c1_0 where c1_0.id=? for update
Hibernate: select r1_0.id,r1_0.approval_deadline,r1_0.cancelled_at,r1_0.court_id,c1_0.id,c1_0.active,c1_0.closing_time,c1_0.location,c1_0.name,c1_0.opening_time,c1_0.requires_approval,c1_0.type,r1_0.created_at,r1_0.decided_at,db1_0.id,db1_0.email,db1_0.full_name,db1_0.role,r1_0.decision_reason,r1_0.end_time,r1_0.start_time,r1_0.state,r1_0.user_id,u1_0.id,u1_0.email,u1_0.full_name,u1_0.role,r1_0.version from reservation r1_0 join court c1_0 on c1_0.id=r1_0.court_id left join app_user db1_0 on db1_0.id=r1_0.decided_by_id join app_user u1_0 on u1_0.id=r1_0.user_id where r1_0.id=?
Hibernate: update reservation set approval_deadline=?,cancelled_at=?,court_id=?,decided_at=?,decided_by_id=?,decision_reason=?,end_time=?,start_time=?,state=?,user_id=?,version=? where id=? and version=?
2026-10-05T20:44:37.563+02:00  INFO 18696 --- [           main] o.e.r.s.LoggingNotificationService       : NOTIFY owner alice+1239750745206700@example.com: reservation 58 is now EXPIRED
Hibernate: select r1_0.id,r1_0.approval_deadline,r1_0.cancelled_at,r1_0.court_id,c1_0.id,c1_0.active,c1_0.closing_time,c1_0.location,c1_0.name,c1_0.opening_time,c1_0.requires_approval,c1_0.type,r1_0.created_at,r1_0.decided_at,db1_0.id,db1_0.email,db1_0.full_name,db1_0.role,r1_0.decision_reason,r1_0.end_time,r1_0.start_time,r1_0.state,r1_0.user_id,u1_0.id,u1_0.email,u1_0.full_name,u1_0.role,r1_0.version from reservation r1_0 join court c1_0 on c1_0.id=r1_0.court_id left join app_user db1_0 on db1_0.id=r1_0.decided_by_id join app_user u1_0 on u1_0.id=r1_0.user_id where r1_0.id=?
Hibernate: select r1_0.id,r1_0.approval_deadline,r1_0.cancelled_at,r1_0.court_id,r1_0.created_at,r1_0.decided_at,r1_0.decided_by_id,r1_0.decision_reason,r1_0.end_time,r1_0.start_time,r1_0.state,r1_0.user_id,r1_0.version from reservation r1_0
Hibernate: select c1_0.id,c1_0.active,c1_0.closing_time,c1_0.location,c1_0.name,c1_0.opening_time,c1_0.requires_approval,c1_0.type from court c1_0 where c1_0.id=?
Hibernate: select au1_0.id,au1_0.email,au1_0.full_name,au1_0.role from app_user au1_0 where au1_0.id=?
Hibernate: delete from reservation where id=? and version=?
Hibernate: insert into court (active,closing_time,location,name,opening_time,requires_approval,type,id) values (?,?,?,?,?,?,?,default)
Hibernate: insert into court (active,closing_time,location,name,opening_time,requires_approval,type,id) values (?,?,?,?,?,?,?,default)
Hibernate: insert into app_user (email,full_name,role,id) values (?,?,?,default)
Hibernate: insert into app_user (email,full_name,role,id) values (?,?,?,default)
Hibernate: insert into app_user (email,full_name,role,id) values (?,?,?,default)
Hibernate: insert into app_user (email,full_name,role,id) values (?,?,?,default)
Hibernate: select au1_0.id,au1_0.email,au1_0.full_name,au1_0.role from app_user au1_0 where au1_0.id=?
Hibernate: select c1_0.id,c1_0.active,c1_0.closing_time,c1_0.location,c1_0.name,c1_0.opening_time,c1_0.requires_approval,c1_0.type from court c1_0 where c1_0.id=?
Hibernate: insert into reservation (approval_deadline,cancelled_at,court_id,created_at,decided_at,decided_by_id,decision_reason,end_time,start_time,state,user_id,version,id) values (?,?,?,?,?,?,?,?,?,?,?,?,default)
Hibernate: select au1_0.id,au1_0.email,au1_0.full_name,au1_0.role from app_user au1_0 where au1_0.id=?
Hibernate: select r1_0.id,r1_0.approval_deadline,r1_0.cancelled_at,r1_0.court_id,c1_0.id,c1_0.active,c1_0.closing_time,c1_0.location,c1_0.name,c1_0.opening_time,c1_0.requires_approval,c1_0.type,r1_0.created_at,r1_0.decided_at,db1_0.id,db1_0.email,db1_0.full_name,db1_0.role,r1_0.decision_reason,r1_0.end_time,r1_0.start_time,r1_0.state,r1_0.user_id,u1_0.id,u1_0.email,u1_0.full_name,u1_0.role,r1_0.version from reservation r1_0 join court c1_0 on c1_0.id=r1_0.court_id left join app_user db1_0 on db1_0.id=r1_0.decided_by_id join app_user u1_0 on u1_0.id=r1_0.user_id where r1_0.id=?
Hibernate: select c1_0.id,c1_0.active,c1_0.closing_time,c1_0.location,c1_0.name,c1_0.opening_time,c1_0.requires_approval,c1_0.type from court c1_0 where c1_0.id=? for update
Hibernate: select r1_0.id,r1_0.approval_deadline,r1_0.cancelled_at,r1_0.court_id,r1_0.created_at,r1_0.decided_at,r1_0.decided_by_id,r1_0.decision_reason,r1_0.end_time,r1_0.start_time,r1_0.state,r1_0.user_id,r1_0.version from reservation r1_0 where r1_0.court_id=? and r1_0.state in (?) and r1_0.start_time<? and ?<r1_0.end_time
Hibernate: update reservation set approval_deadline=?,cancelled_at=?,court_id=?,decided_at=?,decided_by_id=?,decision_reason=?,end_time=?,start_time=?,state=?,user_id=?,version=? where id=? and version=?
2026-10-05T20:44:37.579+02:00  INFO 18696 --- [           main] o.e.r.s.LoggingNotificationService       : NOTIFY approvers: reservation 59 for court 'Centre Court (approval)' awaits approval until 2026-09-20T10:00
Hibernate: select au1_0.id,au1_0.email,au1_0.full_name,au1_0.role from app_user au1_0 where au1_0.id=?
Hibernate: select c1_0.id,c1_0.active,c1_0.closing_time,c1_0.location,c1_0.name,c1_0.opening_time,c1_0.requires_approval,c1_0.type from court c1_0 where c1_0.id=?
Hibernate: insert into reservation (approval_deadline,cancelled_at,court_id,created_at,decided_at,decided_by_id,decision_reason,end_time,start_time,state,user_id,version,id) values (?,?,?,?,?,?,?,?,?,?,?,?,default)
Hibernate: select au1_0.id,au1_0.email,au1_0.full_name,au1_0.role from app_user au1_0 where au1_0.id=?
Hibernate: select r1_0.id,r1_0.approval_deadline,r1_0.cancelled_at,r1_0.court_id,c1_0.id,c1_0.active,c1_0.closing_time,c1_0.location,c1_0.name,c1_0.opening_time,c1_0.requires_approval,c1_0.type,r1_0.created_at,r1_0.decided_at,db1_0.id,db1_0.email,db1_0.full_name,db1_0.role,r1_0.decision_reason,r1_0.end_time,r1_0.start_time,r1_0.state,r1_0.user_id,u1_0.id,u1_0.email,u1_0.full_name,u1_0.role,r1_0.version from reservation r1_0 join court c1_0 on c1_0.id=r1_0.court_id left join app_user db1_0 on db1_0.id=r1_0.decided_by_id join app_user u1_0 on u1_0.id=r1_0.user_id where r1_0.id=?
Hibernate: select c1_0.id,c1_0.active,c1_0.closing_time,c1_0.location,c1_0.name,c1_0.opening_time,c1_0.requires_approval,c1_0.type from court c1_0 where c1_0.id=? for update
Hibernate: select r1_0.id,r1_0.approval_deadline,r1_0.cancelled_at,r1_0.court_id,r1_0.created_at,r1_0.decided_at,r1_0.decided_by_id,r1_0.decision_reason,r1_0.end_time,r1_0.start_time,r1_0.state,r1_0.user_id,r1_0.version from reservation r1_0 where r1_0.court_id=? and r1_0.state in (?) and r1_0.start_time<? and ?<r1_0.end_time
Hibernate: update reservation set approval_deadline=?,cancelled_at=?,court_id=?,decided_at=?,decided_by_id=?,decision_reason=?,end_time=?,start_time=?,state=?,user_id=?,version=? where id=? and version=?
2026-10-05T20:44:37.585+02:00  INFO 18696 --- [           main] o.e.r.s.LoggingNotificationService       : NOTIFY approvers: reservation 60 for court 'Centre Court (approval)' awaits approval until 2026-09-20T10:30
Hibernate: select au1_0.id,au1_0.email,au1_0.full_name,au1_0.role from app_user au1_0 where au1_0.id=?
Hibernate: select r1_0.id,r1_0.approval_deadline,r1_0.cancelled_at,r1_0.court_id,c1_0.id,c1_0.active,c1_0.closing_time,c1_0.location,c1_0.name,c1_0.opening_time,c1_0.requires_approval,c1_0.type,r1_0.created_at,r1_0.decided_at,db1_0.id,db1_0.email,db1_0.full_name,db1_0.role,r1_0.decision_reason,r1_0.end_time,r1_0.start_time,r1_0.state,r1_0.user_id,u1_0.id,u1_0.email,u1_0.full_name,u1_0.role,r1_0.version from reservation r1_0 join court c1_0 on c1_0.id=r1_0.court_id left join app_user db1_0 on db1_0.id=r1_0.decided_by_id join app_user u1_0 on u1_0.id=r1_0.user_id where r1_0.id=?
Hibernate: select c1_0.id,c1_0.active,c1_0.closing_time,c1_0.location,c1_0.name,c1_0.opening_time,c1_0.requires_approval,c1_0.type from court c1_0 where c1_0.id=? for update
Hibernate: select r1_0.id,r1_0.approval_deadline,r1_0.cancelled_at,r1_0.court_id,r1_0.created_at,r1_0.decided_at,r1_0.decided_by_id,r1_0.decision_reason,r1_0.end_time,r1_0.start_time,r1_0.state,r1_0.user_id,r1_0.version from reservation r1_0 where r1_0.court_id=? and r1_0.state in (?) and r1_0.start_time<? and ?<r1_0.end_time
Hibernate: update reservation set approval_deadline=?,cancelled_at=?,court_id=?,decided_at=?,decided_by_id=?,decision_reason=?,end_time=?,start_time=?,state=?,user_id=?,version=? where id=? and version=?
2026-10-05T20:44:37.589+02:00  INFO 18696 --- [           main] o.e.r.s.LoggingNotificationService       : NOTIFY owner bob+1239750771621600@example.com: reservation 60 for court 'Centre Court (approval)' is CONFIRMED
Hibernate: select au1_0.id,au1_0.email,au1_0.full_name,au1_0.role from app_user au1_0 where au1_0.id=?
Hibernate: select r1_0.id,r1_0.approval_deadline,r1_0.cancelled_at,r1_0.court_id,c1_0.id,c1_0.active,c1_0.closing_time,c1_0.location,c1_0.name,c1_0.opening_time,c1_0.requires_approval,c1_0.type,r1_0.created_at,r1_0.decided_at,db1_0.id,db1_0.email,db1_0.full_name,db1_0.role,r1_0.decision_reason,r1_0.end_time,r1_0.start_time,r1_0.state,r1_0.user_id,u1_0.id,u1_0.email,u1_0.full_name,u1_0.role,r1_0.version from reservation r1_0 join court c1_0 on c1_0.id=r1_0.court_id left join app_user db1_0 on db1_0.id=r1_0.decided_by_id join app_user u1_0 on u1_0.id=r1_0.user_id where r1_0.id=?
Hibernate: select c1_0.id,c1_0.active,c1_0.closing_time,c1_0.location,c1_0.name,c1_0.opening_time,c1_0.requires_approval,c1_0.type from court c1_0 where c1_0.id=? for update
Hibernate: select r1_0.id,r1_0.approval_deadline,r1_0.cancelled_at,r1_0.court_id,r1_0.created_at,r1_0.decided_at,r1_0.decided_by_id,r1_0.decision_reason,r1_0.end_time,r1_0.start_time,r1_0.state,r1_0.user_id,r1_0.version from reservation r1_0 where r1_0.court_id=? and r1_0.state in (?) and r1_0.start_time<? and ?<r1_0.end_time
Hibernate: select au1_0.id,au1_0.email,au1_0.full_name,au1_0.role from app_user au1_0 where au1_0.id=?
Hibernate: select r1_0.id,r1_0.approval_deadline,r1_0.cancelled_at,r1_0.court_id,c1_0.id,c1_0.active,c1_0.closing_time,c1_0.location,c1_0.name,c1_0.opening_time,c1_0.requires_approval,c1_0.type,r1_0.created_at,r1_0.decided_at,db1_0.id,db1_0.email,db1_0.full_name,db1_0.role,r1_0.decision_reason,r1_0.end_time,r1_0.start_time,r1_0.state,r1_0.user_id,u1_0.id,u1_0.email,u1_0.full_name,u1_0.role,r1_0.version from reservation r1_0 join court c1_0 on c1_0.id=r1_0.court_id left join app_user db1_0 on db1_0.id=r1_0.decided_by_id join app_user u1_0 on u1_0.id=r1_0.user_id where r1_0.id=?
Hibernate: select r1_0.id,r1_0.approval_deadline,r1_0.cancelled_at,r1_0.court_id,r1_0.created_at,r1_0.decided_at,r1_0.decided_by_id,r1_0.decision_reason,r1_0.end_time,r1_0.start_time,r1_0.state,r1_0.user_id,r1_0.version from reservation r1_0
Hibernate: select c1_0.id,c1_0.active,c1_0.closing_time,c1_0.location,c1_0.name,c1_0.opening_time,c1_0.requires_approval,c1_0.type from court c1_0 where c1_0.id=?
Hibernate: select au1_0.id,au1_0.email,au1_0.full_name,au1_0.role from app_user au1_0 where au1_0.id=?
Hibernate: select au1_0.id,au1_0.email,au1_0.full_name,au1_0.role from app_user au1_0 where au1_0.id=?
Hibernate: select au1_0.id,au1_0.email,au1_0.full_name,au1_0.role from app_user au1_0 where au1_0.id=?
Hibernate: delete from reservation where id=? and version=?
Hibernate: delete from reservation where id=? and version=?
Hibernate: insert into court (active,closing_time,location,name,opening_time,requires_approval,type,id) values (?,?,?,?,?,?,?,default)
Hibernate: insert into court (active,closing_time,location,name,opening_time,requires_approval,type,id) values (?,?,?,?,?,?,?,default)
Hibernate: insert into app_user (email,full_name,role,id) values (?,?,?,default)
Hibernate: insert into app_user (email,full_name,role,id) values (?,?,?,default)
Hibernate: insert into app_user (email,full_name,role,id) values (?,?,?,default)
Hibernate: insert into app_user (email,full_name,role,id) values (?,?,?,default)
Hibernate: select au1_0.id,au1_0.email,au1_0.full_name,au1_0.role from app_user au1_0 where au1_0.id=?
Hibernate: select c1_0.id,c1_0.active,c1_0.closing_time,c1_0.location,c1_0.name,c1_0.opening_time,c1_0.requires_approval,c1_0.type from court c1_0 where c1_0.id=?
Hibernate: insert into reservation (approval_deadline,cancelled_at,court_id,created_at,decided_at,decided_by_id,decision_reason,end_time,start_time,state,user_id,version,id) values (?,?,?,?,?,?,?,?,?,?,?,?,default)
Hibernate: select au1_0.id,au1_0.email,au1_0.full_name,au1_0.role from app_user au1_0 where au1_0.id=?
Hibernate: select r1_0.id,r1_0.approval_deadline,r1_0.cancelled_at,r1_0.court_id,c1_0.id,c1_0.active,c1_0.closing_time,c1_0.location,c1_0.name,c1_0.opening_time,c1_0.requires_approval,c1_0.type,r1_0.created_at,r1_0.decided_at,db1_0.id,db1_0.email,db1_0.full_name,db1_0.role,r1_0.decision_reason,r1_0.end_time,r1_0.start_time,r1_0.state,r1_0.user_id,u1_0.id,u1_0.email,u1_0.full_name,u1_0.role,r1_0.version from reservation r1_0 join court c1_0 on c1_0.id=r1_0.court_id left join app_user db1_0 on db1_0.id=r1_0.decided_by_id join app_user u1_0 on u1_0.id=r1_0.user_id where r1_0.id=?
Hibernate: select c1_0.id,c1_0.active,c1_0.closing_time,c1_0.location,c1_0.name,c1_0.opening_time,c1_0.requires_approval,c1_0.type from court c1_0 where c1_0.id=? for update
Hibernate: select r1_0.id,r1_0.approval_deadline,r1_0.cancelled_at,r1_0.court_id,r1_0.created_at,r1_0.decided_at,r1_0.decided_by_id,r1_0.decision_reason,r1_0.end_time,r1_0.start_time,r1_0.state,r1_0.user_id,r1_0.version from reservation r1_0 where r1_0.court_id=? and r1_0.state in (?) and r1_0.start_time<? and ?<r1_0.end_time
Hibernate: update reservation set approval_deadline=?,cancelled_at=?,court_id=?,decided_at=?,decided_by_id=?,decision_reason=?,end_time=?,start_time=?,state=?,user_id=?,version=? where id=? and version=?
2026-10-05T20:44:37.614+02:00  INFO 18696 --- [           main] o.e.r.s.LoggingNotificationService       : NOTIFY approvers: reservation 61 for court 'Centre Court (approval)' awaits approval until 2026-09-20T10:00
Hibernate: select c1_0.id,c1_0.active,c1_0.closing_time,c1_0.location,c1_0.name,c1_0.opening_time,c1_0.requires_approval,c1_0.type from court c1_0 where c1_0.id=?
Hibernate: select c1_0.id,c1_0.active,c1_0.closing_time,c1_0.location,c1_0.name,c1_0.opening_time,c1_0.requires_approval,c1_0.type from court c1_0 where c1_0.id=?
Hibernate: update court set active=?,closing_time=?,location=?,name=?,opening_time=?,requires_approval=?,type=? where id=?
Hibernate: select au1_0.id,au1_0.email,au1_0.full_name,au1_0.role from app_user au1_0 where au1_0.id=?
Hibernate: select r1_0.id,r1_0.approval_deadline,r1_0.cancelled_at,r1_0.court_id,c1_0.id,c1_0.active,c1_0.closing_time,c1_0.location,c1_0.name,c1_0.opening_time,c1_0.requires_approval,c1_0.type,r1_0.created_at,r1_0.decided_at,db1_0.id,db1_0.email,db1_0.full_name,db1_0.role,r1_0.decision_reason,r1_0.end_time,r1_0.start_time,r1_0.state,r1_0.user_id,u1_0.id,u1_0.email,u1_0.full_name,u1_0.role,r1_0.version from reservation r1_0 join court c1_0 on c1_0.id=r1_0.court_id left join app_user db1_0 on db1_0.id=r1_0.decided_by_id join app_user u1_0 on u1_0.id=r1_0.user_id where r1_0.id=?
Hibernate: select c1_0.id,c1_0.active,c1_0.closing_time,c1_0.location,c1_0.name,c1_0.opening_time,c1_0.requires_approval,c1_0.type from court c1_0 where c1_0.id=? for update
Hibernate: select r1_0.id,r1_0.approval_deadline,r1_0.cancelled_at,r1_0.court_id,c1_0.id,c1_0.active,c1_0.closing_time,c1_0.location,c1_0.name,c1_0.opening_time,c1_0.requires_approval,c1_0.type,r1_0.created_at,r1_0.decided_at,db1_0.id,db1_0.email,db1_0.full_name,db1_0.role,r1_0.decision_reason,r1_0.end_time,r1_0.start_time,r1_0.state,r1_0.user_id,u1_0.id,u1_0.email,u1_0.full_name,u1_0.role,r1_0.version from reservation r1_0 join court c1_0 on c1_0.id=r1_0.court_id left join app_user db1_0 on db1_0.id=r1_0.decided_by_id join app_user u1_0 on u1_0.id=r1_0.user_id where r1_0.id=?
Hibernate: select r1_0.id,r1_0.approval_deadline,r1_0.cancelled_at,r1_0.court_id,r1_0.created_at,r1_0.decided_at,r1_0.decided_by_id,r1_0.decision_reason,r1_0.end_time,r1_0.start_time,r1_0.state,r1_0.user_id,r1_0.version from reservation r1_0
Hibernate: select c1_0.id,c1_0.active,c1_0.closing_time,c1_0.location,c1_0.name,c1_0.opening_time,c1_0.requires_approval,c1_0.type from court c1_0 where c1_0.id=?
Hibernate: select au1_0.id,au1_0.email,au1_0.full_name,au1_0.role from app_user au1_0 where au1_0.id=?
Hibernate: delete from reservation where id=? and version=?
Hibernate: insert into court (active,closing_time,location,name,opening_time,requires_approval,type,id) values (?,?,?,?,?,?,?,default)
Hibernate: insert into court (active,closing_time,location,name,opening_time,requires_approval,type,id) values (?,?,?,?,?,?,?,default)
Hibernate: insert into app_user (email,full_name,role,id) values (?,?,?,default)
Hibernate: insert into app_user (email,full_name,role,id) values (?,?,?,default)
Hibernate: insert into app_user (email,full_name,role,id) values (?,?,?,default)
Hibernate: insert into app_user (email,full_name,role,id) values (?,?,?,default)
Hibernate: select au1_0.id,au1_0.email,au1_0.full_name,au1_0.role from app_user au1_0 where au1_0.id=?
Hibernate: select c1_0.id,c1_0.active,c1_0.closing_time,c1_0.location,c1_0.name,c1_0.opening_time,c1_0.requires_approval,c1_0.type from court c1_0 where c1_0.id=?
Hibernate: insert into reservation (approval_deadline,cancelled_at,court_id,created_at,decided_at,decided_by_id,decision_reason,end_time,start_time,state,user_id,version,id) values (?,?,?,?,?,?,?,?,?,?,?,?,default)
Hibernate: select au1_0.id,au1_0.email,au1_0.full_name,au1_0.role from app_user au1_0 where au1_0.id=?
Hibernate: select r1_0.id,r1_0.approval_deadline,r1_0.cancelled_at,r1_0.court_id,c1_0.id,c1_0.active,c1_0.closing_time,c1_0.location,c1_0.name,c1_0.opening_time,c1_0.requires_approval,c1_0.type,r1_0.created_at,r1_0.decided_at,db1_0.id,db1_0.email,db1_0.full_name,db1_0.role,r1_0.decision_reason,r1_0.end_time,r1_0.start_time,r1_0.state,r1_0.user_id,u1_0.id,u1_0.email,u1_0.full_name,u1_0.role,r1_0.version from reservation r1_0 join court c1_0 on c1_0.id=r1_0.court_id left join app_user db1_0 on db1_0.id=r1_0.decided_by_id join app_user u1_0 on u1_0.id=r1_0.user_id where r1_0.id=?
Hibernate: select c1_0.id,c1_0.active,c1_0.closing_time,c1_0.location,c1_0.name,c1_0.opening_time,c1_0.requires_approval,c1_0.type from court c1_0 where c1_0.id=? for update
Hibernate: select r1_0.id,r1_0.approval_deadline,r1_0.cancelled_at,r1_0.court_id,c1_0.id,c1_0.active,c1_0.closing_time,c1_0.location,c1_0.name,c1_0.opening_time,c1_0.requires_approval,c1_0.type,r1_0.created_at,r1_0.decided_at,db1_0.id,db1_0.email,db1_0.full_name,db1_0.role,r1_0.decision_reason,r1_0.end_time,r1_0.start_time,r1_0.state,r1_0.user_id,u1_0.id,u1_0.email,u1_0.full_name,u1_0.role,r1_0.version from reservation r1_0 join court c1_0 on c1_0.id=r1_0.court_id left join app_user db1_0 on db1_0.id=r1_0.decided_by_id join app_user u1_0 on u1_0.id=r1_0.user_id where r1_0.id=?
Hibernate: select r1_0.id,r1_0.approval_deadline,r1_0.cancelled_at,r1_0.court_id,r1_0.created_at,r1_0.decided_at,r1_0.decided_by_id,r1_0.decision_reason,r1_0.end_time,r1_0.start_time,r1_0.state,r1_0.user_id,r1_0.version from reservation r1_0
Hibernate: select c1_0.id,c1_0.active,c1_0.closing_time,c1_0.location,c1_0.name,c1_0.opening_time,c1_0.requires_approval,c1_0.type from court c1_0 where c1_0.id=?
Hibernate: select au1_0.id,au1_0.email,au1_0.full_name,au1_0.role from app_user au1_0 where au1_0.id=?
Hibernate: delete from reservation where id=? and version=?
Hibernate: insert into court (active,closing_time,location,name,opening_time,requires_approval,type,id) values (?,?,?,?,?,?,?,default)
Hibernate: insert into court (active,closing_time,location,name,opening_time,requires_approval,type,id) values (?,?,?,?,?,?,?,default)
Hibernate: insert into app_user (email,full_name,role,id) values (?,?,?,default)
Hibernate: insert into app_user (email,full_name,role,id) values (?,?,?,default)
Hibernate: insert into app_user (email,full_name,role,id) values (?,?,?,default)
Hibernate: insert into app_user (email,full_name,role,id) values (?,?,?,default)
Hibernate: select au1_0.id,au1_0.email,au1_0.full_name,au1_0.role from app_user au1_0 where au1_0.id=?
Hibernate: select c1_0.id,c1_0.active,c1_0.closing_time,c1_0.location,c1_0.name,c1_0.opening_time,c1_0.requires_approval,c1_0.type from court c1_0 where c1_0.id=?
Hibernate: insert into reservation (approval_deadline,cancelled_at,court_id,created_at,decided_at,decided_by_id,decision_reason,end_time,start_time,state,user_id,version,id) values (?,?,?,?,?,?,?,?,?,?,?,?,default)
Hibernate: select au1_0.id,au1_0.email,au1_0.full_name,au1_0.role from app_user au1_0 where au1_0.id=?
Hibernate: select r1_0.id,r1_0.approval_deadline,r1_0.cancelled_at,r1_0.court_id,c1_0.id,c1_0.active,c1_0.closing_time,c1_0.location,c1_0.name,c1_0.opening_time,c1_0.requires_approval,c1_0.type,r1_0.created_at,r1_0.decided_at,db1_0.id,db1_0.email,db1_0.full_name,db1_0.role,r1_0.decision_reason,r1_0.end_time,r1_0.start_time,r1_0.state,r1_0.user_id,u1_0.id,u1_0.email,u1_0.full_name,u1_0.role,r1_0.version from reservation r1_0 join court c1_0 on c1_0.id=r1_0.court_id left join app_user db1_0 on db1_0.id=r1_0.decided_by_id join app_user u1_0 on u1_0.id=r1_0.user_id where r1_0.id=?
Hibernate: select c1_0.id,c1_0.active,c1_0.closing_time,c1_0.location,c1_0.name,c1_0.opening_time,c1_0.requires_approval,c1_0.type from court c1_0 where c1_0.id=? for update
Hibernate: select r1_0.id,r1_0.approval_deadline,r1_0.cancelled_at,r1_0.court_id,r1_0.created_at,r1_0.decided_at,r1_0.decided_by_id,r1_0.decision_reason,r1_0.end_time,r1_0.start_time,r1_0.state,r1_0.user_id,r1_0.version from reservation r1_0 where r1_0.court_id=? and r1_0.state in (?) and r1_0.start_time<? and ?<r1_0.end_time
Hibernate: update reservation set approval_deadline=?,cancelled_at=?,court_id=?,decided_at=?,decided_by_id=?,decision_reason=?,end_time=?,start_time=?,state=?,user_id=?,version=? where id=? and version=?
2026-10-05T20:44:37.669+02:00  INFO 18696 --- [           main] o.e.r.s.LoggingNotificationService       : NOTIFY approvers: reservation 63 for court 'Centre Court (approval)' awaits approval until 2026-09-20T10:00
Hibernate: select au1_0.id,au1_0.email,au1_0.full_name,au1_0.role from app_user au1_0 where au1_0.id=?
Hibernate: select r1_0.id,r1_0.approval_deadline,r1_0.cancelled_at,r1_0.court_id,c1_0.id,c1_0.active,c1_0.closing_time,c1_0.location,c1_0.name,c1_0.opening_time,c1_0.requires_approval,c1_0.type,r1_0.created_at,r1_0.decided_at,db1_0.id,db1_0.email,db1_0.full_name,db1_0.role,r1_0.decision_reason,r1_0.end_time,r1_0.start_time,r1_0.state,r1_0.user_id,u1_0.id,u1_0.email,u1_0.full_name,u1_0.role,r1_0.version from reservation r1_0 join court c1_0 on c1_0.id=r1_0.court_id left join app_user db1_0 on db1_0.id=r1_0.decided_by_id join app_user u1_0 on u1_0.id=r1_0.user_id where r1_0.id=?
Hibernate: select c1_0.id,c1_0.active,c1_0.closing_time,c1_0.location,c1_0.name,c1_0.opening_time,c1_0.requires_approval,c1_0.type from court c1_0 where c1_0.id=? for update
Hibernate: select r1_0.id,r1_0.approval_deadline,r1_0.cancelled_at,r1_0.court_id,r1_0.created_at,r1_0.decided_at,r1_0.decided_by_id,r1_0.decision_reason,r1_0.end_time,r1_0.start_time,r1_0.state,r1_0.user_id,r1_0.version from reservation r1_0 where r1_0.court_id=? and r1_0.state in (?) and r1_0.start_time<? and ?<r1_0.end_time
Hibernate: update reservation set approval_deadline=?,cancelled_at=?,court_id=?,decided_at=?,decided_by_id=?,decision_reason=?,end_time=?,start_time=?,state=?,user_id=?,version=? where id=? and version=?
2026-10-05T20:44:37.672+02:00  INFO 18696 --- [           main] o.e.r.s.LoggingNotificationService       : NOTIFY owner alice+1239750857105000@example.com: reservation 63 for court 'Centre Court (approval)' is CONFIRMED
Hibernate: select au1_0.id,au1_0.email,au1_0.full_name,au1_0.role from app_user au1_0 where au1_0.id=?
Hibernate: select r1_0.id,r1_0.approval_deadline,r1_0.cancelled_at,r1_0.court_id,c1_0.id,c1_0.active,c1_0.closing_time,c1_0.location,c1_0.name,c1_0.opening_time,c1_0.requires_approval,c1_0.type,r1_0.created_at,r1_0.decided_at,db1_0.id,db1_0.email,db1_0.full_name,db1_0.role,r1_0.decision_reason,r1_0.end_time,r1_0.start_time,r1_0.state,r1_0.user_id,u1_0.id,u1_0.email,u1_0.full_name,u1_0.role,r1_0.version from reservation r1_0 join court c1_0 on c1_0.id=r1_0.court_id left join app_user db1_0 on db1_0.id=r1_0.decided_by_id join app_user u1_0 on u1_0.id=r1_0.user_id where r1_0.id=?
Hibernate: select c1_0.id,c1_0.active,c1_0.closing_time,c1_0.location,c1_0.name,c1_0.opening_time,c1_0.requires_approval,c1_0.type from court c1_0 where c1_0.id=? for update
Hibernate: select r1_0.id,r1_0.approval_deadline,r1_0.cancelled_at,r1_0.court_id,r1_0.created_at,r1_0.decided_at,r1_0.decided_by_id,r1_0.decision_reason,r1_0.end_time,r1_0.start_time,r1_0.state,r1_0.user_id,r1_0.version from reservation r1_0
Hibernate: select c1_0.id,c1_0.active,c1_0.closing_time,c1_0.location,c1_0.name,c1_0.opening_time,c1_0.requires_approval,c1_0.type from court c1_0 where c1_0.id=?
Hibernate: select au1_0.id,au1_0.email,au1_0.full_name,au1_0.role from app_user au1_0 where au1_0.id=?
Hibernate: select au1_0.id,au1_0.email,au1_0.full_name,au1_0.role from app_user au1_0 where au1_0.id=?
Hibernate: delete from reservation where id=? and version=?
Hibernate: insert into court (active,closing_time,location,name,opening_time,requires_approval,type,id) values (?,?,?,?,?,?,?,default)
Hibernate: insert into court (active,closing_time,location,name,opening_time,requires_approval,type,id) values (?,?,?,?,?,?,?,default)
Hibernate: insert into app_user (email,full_name,role,id) values (?,?,?,default)
Hibernate: insert into app_user (email,full_name,role,id) values (?,?,?,default)
Hibernate: insert into app_user (email,full_name,role,id) values (?,?,?,default)
Hibernate: insert into app_user (email,full_name,role,id) values (?,?,?,default)
Hibernate: select au1_0.id,au1_0.email,au1_0.full_name,au1_0.role from app_user au1_0 where au1_0.id=?
Hibernate: select c1_0.id,c1_0.active,c1_0.closing_time,c1_0.location,c1_0.name,c1_0.opening_time,c1_0.requires_approval,c1_0.type from court c1_0 where c1_0.id=?
Hibernate: insert into reservation (approval_deadline,cancelled_at,court_id,created_at,decided_at,decided_by_id,decision_reason,end_time,start_time,state,user_id,version,id) values (?,?,?,?,?,?,?,?,?,?,?,?,default)
Hibernate: select au1_0.id,au1_0.email,au1_0.full_name,au1_0.role from app_user au1_0 where au1_0.id=?
Hibernate: select r1_0.id,r1_0.approval_deadline,r1_0.cancelled_at,r1_0.court_id,c1_0.id,c1_0.active,c1_0.closing_time,c1_0.location,c1_0.name,c1_0.opening_time,c1_0.requires_approval,c1_0.type,r1_0.created_at,r1_0.decided_at,db1_0.id,db1_0.email,db1_0.full_name,db1_0.role,r1_0.decision_reason,r1_0.end_time,r1_0.start_time,r1_0.state,r1_0.user_id,u1_0.id,u1_0.email,u1_0.full_name,u1_0.role,r1_0.version from reservation r1_0 join court c1_0 on c1_0.id=r1_0.court_id left join app_user db1_0 on db1_0.id=r1_0.decided_by_id join app_user u1_0 on u1_0.id=r1_0.user_id where r1_0.id=?
Hibernate: select c1_0.id,c1_0.active,c1_0.closing_time,c1_0.location,c1_0.name,c1_0.opening_time,c1_0.requires_approval,c1_0.type from court c1_0 where c1_0.id=? for update
Hibernate: select r1_0.id,r1_0.approval_deadline,r1_0.cancelled_at,r1_0.court_id,r1_0.created_at,r1_0.decided_at,r1_0.decided_by_id,r1_0.decision_reason,r1_0.end_time,r1_0.start_time,r1_0.state,r1_0.user_id,r1_0.version from reservation r1_0 where r1_0.court_id=? and r1_0.state in (?) and r1_0.start_time<? and ?<r1_0.end_time
Hibernate: update reservation set approval_deadline=?,cancelled_at=?,court_id=?,decided_at=?,decided_by_id=?,decision_reason=?,end_time=?,start_time=?,state=?,user_id=?,version=? where id=? and version=?
2026-10-05T20:44:37.689+02:00  INFO 18696 --- [           main] o.e.r.s.LoggingNotificationService       : NOTIFY approvers: reservation 64 for court 'Centre Court (approval)' awaits approval until 2026-09-20T10:00
Hibernate: select au1_0.id,au1_0.email,au1_0.full_name,au1_0.role from app_user au1_0 where au1_0.id=?
Hibernate: select c1_0.id,c1_0.active,c1_0.closing_time,c1_0.location,c1_0.name,c1_0.opening_time,c1_0.requires_approval,c1_0.type from court c1_0 where c1_0.id=?
Hibernate: insert into reservation (approval_deadline,cancelled_at,court_id,created_at,decided_at,decided_by_id,decision_reason,end_time,start_time,state,user_id,version,id) values (?,?,?,?,?,?,?,?,?,?,?,?,default)
Hibernate: select au1_0.id,au1_0.email,au1_0.full_name,au1_0.role from app_user au1_0 where au1_0.id=?
Hibernate: select r1_0.id,r1_0.approval_deadline,r1_0.cancelled_at,r1_0.court_id,c1_0.id,c1_0.active,c1_0.closing_time,c1_0.location,c1_0.name,c1_0.opening_time,c1_0.requires_approval,c1_0.type,r1_0.created_at,r1_0.decided_at,db1_0.id,db1_0.email,db1_0.full_name,db1_0.role,r1_0.decision_reason,r1_0.end_time,r1_0.start_time,r1_0.state,r1_0.user_id,u1_0.id,u1_0.email,u1_0.full_name,u1_0.role,r1_0.version from reservation r1_0 join court c1_0 on c1_0.id=r1_0.court_id left join app_user db1_0 on db1_0.id=r1_0.decided_by_id join app_user u1_0 on u1_0.id=r1_0.user_id where r1_0.id=?
Hibernate: select c1_0.id,c1_0.active,c1_0.closing_time,c1_0.location,c1_0.name,c1_0.opening_time,c1_0.requires_approval,c1_0.type from court c1_0 where c1_0.id=? for update
Hibernate: select r1_0.id,r1_0.approval_deadline,r1_0.cancelled_at,r1_0.court_id,r1_0.created_at,r1_0.decided_at,r1_0.decided_by_id,r1_0.decision_reason,r1_0.end_time,r1_0.start_time,r1_0.state,r1_0.user_id,r1_0.version from reservation r1_0 where r1_0.court_id=? and r1_0.state in (?) and r1_0.start_time<? and ?<r1_0.end_time
Hibernate: update reservation set approval_deadline=?,cancelled_at=?,court_id=?,decided_at=?,decided_by_id=?,decision_reason=?,end_time=?,start_time=?,state=?,user_id=?,version=? where id=? and version=?
2026-10-05T20:44:37.696+02:00  INFO 18696 --- [           main] o.e.r.s.LoggingNotificationService       : NOTIFY approvers: reservation 65 for court 'Centre Court (approval)' awaits approval until 2026-09-20T10:30
Hibernate: select au1_0.id,au1_0.email,au1_0.full_name,au1_0.role from app_user au1_0 where au1_0.id=?
Hibernate: select au1_0.id,au1_0.email,au1_0.full_name,au1_0.role from app_user au1_0 where au1_0.id=?
Hibernate: select r1_0.id,r1_0.approval_deadline,r1_0.cancelled_at,r1_0.court_id,c1_0.id,c1_0.active,c1_0.closing_time,c1_0.location,c1_0.name,c1_0.opening_time,c1_0.requires_approval,c1_0.type,r1_0.created_at,r1_0.decided_at,db1_0.id,db1_0.email,db1_0.full_name,db1_0.role,r1_0.decision_reason,r1_0.end_time,r1_0.start_time,r1_0.state,r1_0.user_id,u1_0.id,u1_0.email,u1_0.full_name,u1_0.role,r1_0.version from reservation r1_0 join court c1_0 on c1_0.id=r1_0.court_id left join app_user db1_0 on db1_0.id=r1_0.decided_by_id join app_user u1_0 on u1_0.id=r1_0.user_id where r1_0.id=?
Hibernate: select r1_0.id,r1_0.approval_deadline,r1_0.cancelled_at,r1_0.court_id,c1_0.id,c1_0.active,c1_0.closing_time,c1_0.location,c1_0.name,c1_0.opening_time,c1_0.requires_approval,c1_0.type,r1_0.created_at,r1_0.decided_at,db1_0.id,db1_0.email,db1_0.full_name,db1_0.role,r1_0.decision_reason,r1_0.end_time,r1_0.start_time,r1_0.state,r1_0.user_id,u1_0.id,u1_0.email,u1_0.full_name,u1_0.role,r1_0.version from reservation r1_0 join court c1_0 on c1_0.id=r1_0.court_id left join app_user db1_0 on db1_0.id=r1_0.decided_by_id join app_user u1_0 on u1_0.id=r1_0.user_id where r1_0.id=?
Hibernate: select c1_0.id,c1_0.active,c1_0.closing_time,c1_0.location,c1_0.name,c1_0.opening_time,c1_0.requires_approval,c1_0.type from court c1_0 where c1_0.id=? for update
Hibernate: select c1_0.id,c1_0.active,c1_0.closing_time,c1_0.location,c1_0.name,c1_0.opening_time,c1_0.requires_approval,c1_0.type from court c1_0 where c1_0.id=? for update
Hibernate: select r1_0.id,r1_0.approval_deadline,r1_0.cancelled_at,r1_0.court_id,r1_0.created_at,r1_0.decided_at,r1_0.decided_by_id,r1_0.decision_reason,r1_0.end_time,r1_0.start_time,r1_0.state,r1_0.user_id,r1_0.version from reservation r1_0 where r1_0.court_id=? and r1_0.state in (?) and r1_0.start_time<? and ?<r1_0.end_time
Hibernate: update reservation set approval_deadline=?,cancelled_at=?,court_id=?,decided_at=?,decided_by_id=?,decision_reason=?,end_time=?,start_time=?,state=?,user_id=?,version=? where id=? and version=?
2026-10-05T20:44:37.702+02:00  INFO 18696 --- [pool-4-thread-2] o.e.r.s.LoggingNotificationService       : NOTIFY owner bob+1239750881060500@example.com: reservation 65 for court 'Centre Court (approval)' is CONFIRMED
Hibernate: select r1_0.id,r1_0.approval_deadline,r1_0.cancelled_at,r1_0.court_id,r1_0.created_at,r1_0.decided_at,r1_0.decided_by_id,r1_0.decision_reason,r1_0.end_time,r1_0.start_time,r1_0.state,r1_0.user_id,r1_0.version from reservation r1_0 where r1_0.court_id=? and r1_0.state in (?) and r1_0.start_time<? and ?<r1_0.end_time
Hibernate: select au1_0.id,au1_0.email,au1_0.full_name,au1_0.role from app_user au1_0 where au1_0.id=?
Hibernate: select r1_0.id,r1_0.approval_deadline,r1_0.cancelled_at,r1_0.court_id,c1_0.id,c1_0.active,c1_0.closing_time,c1_0.location,c1_0.name,c1_0.opening_time,c1_0.requires_approval,c1_0.type,r1_0.created_at,r1_0.decided_at,db1_0.id,db1_0.email,db1_0.full_name,db1_0.role,r1_0.decision_reason,r1_0.end_time,r1_0.start_time,r1_0.state,r1_0.user_id,u1_0.id,u1_0.email,u1_0.full_name,u1_0.role,r1_0.version from reservation r1_0 join court c1_0 on c1_0.id=r1_0.court_id left join app_user db1_0 on db1_0.id=r1_0.decided_by_id join app_user u1_0 on u1_0.id=r1_0.user_id where r1_0.id=?
Hibernate: select r1_0.id,r1_0.approval_deadline,r1_0.cancelled_at,r1_0.court_id,c1_0.id,c1_0.active,c1_0.closing_time,c1_0.location,c1_0.name,c1_0.opening_time,c1_0.requires_approval,c1_0.type,r1_0.created_at,r1_0.decided_at,db1_0.id,db1_0.email,db1_0.full_name,db1_0.role,r1_0.decision_reason,r1_0.end_time,r1_0.start_time,r1_0.state,r1_0.user_id,u1_0.id,u1_0.email,u1_0.full_name,u1_0.role,r1_0.version from reservation r1_0 join court c1_0 on c1_0.id=r1_0.court_id left join app_user db1_0 on db1_0.id=r1_0.decided_by_id join app_user u1_0 on u1_0.id=r1_0.user_id where r1_0.id=?
Hibernate: select r1_0.id,r1_0.approval_deadline,r1_0.cancelled_at,r1_0.court_id,c1_0.id,c1_0.active,c1_0.closing_time,c1_0.location,c1_0.name,c1_0.opening_time,c1_0.requires_approval,c1_0.type,r1_0.created_at,r1_0.decided_at,db1_0.id,db1_0.email,db1_0.full_name,db1_0.role,r1_0.decision_reason,r1_0.end_time,r1_0.start_time,r1_0.state,r1_0.user_id,u1_0.id,u1_0.email,u1_0.full_name,u1_0.role,r1_0.version from reservation r1_0 join court c1_0 on c1_0.id=r1_0.court_id left join app_user db1_0 on db1_0.id=r1_0.decided_by_id join app_user u1_0 on u1_0.id=r1_0.user_id where r1_0.id=?
Hibernate: select r1_0.id,r1_0.approval_deadline,r1_0.cancelled_at,r1_0.court_id,c1_0.id,c1_0.active,c1_0.closing_time,c1_0.location,c1_0.name,c1_0.opening_time,c1_0.requires_approval,c1_0.type,r1_0.created_at,r1_0.decided_at,db1_0.id,db1_0.email,db1_0.full_name,db1_0.role,r1_0.decision_reason,r1_0.end_time,r1_0.start_time,r1_0.state,r1_0.user_id,u1_0.id,u1_0.email,u1_0.full_name,u1_0.role,r1_0.version from reservation r1_0 join court c1_0 on c1_0.id=r1_0.court_id left join app_user db1_0 on db1_0.id=r1_0.decided_by_id join app_user u1_0 on u1_0.id=r1_0.user_id where r1_0.id=?
[INFO] Tests run: 9, Failures: 0, Errors: 0, Skipped: 0, Time elapsed: 0.277 s -- in OP-05 Approve Reservation
[INFO] Running OP-02 Check Availability - approval disclosure (REQ-13)
2026-10-05T20:44:37.713+02:00  INFO 18696 --- [           main] t.c.s.AnnotationConfigContextLoaderUtils : Could not detect default configuration classes for test class [org.example.reservation.BaselineV02ApprovalVerificationTest$Op02Extended]: Op02Extended does not declare any static, non-private, non-final, nested classes annotated with @Configuration.
2026-10-05T20:44:37.714+02:00  INFO 18696 --- [           main] .b.t.c.SpringBootTestContextBootstrapper : Found @SpringBootConfiguration org.example.reservation.ReservationApplication for test class org.example.reservation.BaselineV02ApprovalVerificationTest$Op02Extended
Hibernate: select r1_0.id,r1_0.approval_deadline,r1_0.cancelled_at,r1_0.court_id,r1_0.created_at,r1_0.decided_at,r1_0.decided_by_id,r1_0.decision_reason,r1_0.end_time,r1_0.start_time,r1_0.state,r1_0.user_id,r1_0.version from reservation r1_0
Hibernate: select c1_0.id,c1_0.active,c1_0.closing_time,c1_0.location,c1_0.name,c1_0.opening_time,c1_0.requires_approval,c1_0.type from court c1_0 where c1_0.id=?
Hibernate: select au1_0.id,au1_0.email,au1_0.full_name,au1_0.role from app_user au1_0 where au1_0.id=?
Hibernate: select au1_0.id,au1_0.email,au1_0.full_name,au1_0.role from app_user au1_0 where au1_0.id=?
Hibernate: select au1_0.id,au1_0.email,au1_0.full_name,au1_0.role from app_user au1_0 where au1_0.id=?
Hibernate: delete from reservation where id=? and version=?
Hibernate: delete from reservation where id=? and version=?
Hibernate: insert into court (active,closing_time,location,name,opening_time,requires_approval,type,id) values (?,?,?,?,?,?,?,default)
Hibernate: insert into court (active,closing_time,location,name,opening_time,requires_approval,type,id) values (?,?,?,?,?,?,?,default)
Hibernate: insert into app_user (email,full_name,role,id) values (?,?,?,default)
Hibernate: insert into app_user (email,full_name,role,id) values (?,?,?,default)
Hibernate: insert into app_user (email,full_name,role,id) values (?,?,?,default)
Hibernate: insert into app_user (email,full_name,role,id) values (?,?,?,default)
Hibernate: select c1_0.id,c1_0.active,c1_0.closing_time,c1_0.location,c1_0.name,c1_0.opening_time,c1_0.requires_approval,c1_0.type from court c1_0 where c1_0.id=?
Hibernate: select r1_0.id,r1_0.approval_deadline,r1_0.cancelled_at,r1_0.court_id,r1_0.created_at,r1_0.decided_at,r1_0.decided_by_id,r1_0.decision_reason,r1_0.end_time,r1_0.start_time,r1_0.state,r1_0.user_id,r1_0.version from reservation r1_0 where r1_0.court_id=? and r1_0.state in (?) and r1_0.start_time<? and ?<r1_0.end_time
Hibernate: select r1_0.id,r1_0.approval_deadline,r1_0.cancelled_at,r1_0.court_id,r1_0.created_at,r1_0.decided_at,r1_0.decided_by_id,r1_0.decision_reason,r1_0.end_time,r1_0.start_time,r1_0.state,r1_0.user_id,r1_0.version from reservation r1_0 where r1_0.court_id=? and r1_0.state in (?) and r1_0.start_time<? and ?<r1_0.end_time
Hibernate: select r1_0.id,r1_0.approval_deadline,r1_0.cancelled_at,r1_0.court_id,r1_0.created_at,r1_0.decided_at,r1_0.decided_by_id,r1_0.decision_reason,r1_0.end_time,r1_0.start_time,r1_0.state,r1_0.user_id,r1_0.version from reservation r1_0
Hibernate: insert into court (active,closing_time,location,name,opening_time,requires_approval,type,id) values (?,?,?,?,?,?,?,default)
Hibernate: insert into court (active,closing_time,location,name,opening_time,requires_approval,type,id) values (?,?,?,?,?,?,?,default)
Hibernate: insert into app_user (email,full_name,role,id) values (?,?,?,default)
Hibernate: insert into app_user (email,full_name,role,id) values (?,?,?,default)
Hibernate: insert into app_user (email,full_name,role,id) values (?,?,?,default)
Hibernate: insert into app_user (email,full_name,role,id) values (?,?,?,default)
Hibernate: select au1_0.id,au1_0.email,au1_0.full_name,au1_0.role from app_user au1_0 where au1_0.id=?
Hibernate: select c1_0.id,c1_0.active,c1_0.closing_time,c1_0.location,c1_0.name,c1_0.opening_time,c1_0.requires_approval,c1_0.type from court c1_0 where c1_0.id=?
Hibernate: insert into reservation (approval_deadline,cancelled_at,court_id,created_at,decided_at,decided_by_id,decision_reason,end_time,start_time,state,user_id,version,id) values (?,?,?,?,?,?,?,?,?,?,?,?,default)
Hibernate: select au1_0.id,au1_0.email,au1_0.full_name,au1_0.role from app_user au1_0 where au1_0.id=?
Hibernate: select r1_0.id,r1_0.approval_deadline,r1_0.cancelled_at,r1_0.court_id,c1_0.id,c1_0.active,c1_0.closing_time,c1_0.location,c1_0.name,c1_0.opening_time,c1_0.requires_approval,c1_0.type,r1_0.created_at,r1_0.decided_at,db1_0.id,db1_0.email,db1_0.full_name,db1_0.role,r1_0.decision_reason,r1_0.end_time,r1_0.start_time,r1_0.state,r1_0.user_id,u1_0.id,u1_0.email,u1_0.full_name,u1_0.role,r1_0.version from reservation r1_0 join court c1_0 on c1_0.id=r1_0.court_id left join app_user db1_0 on db1_0.id=r1_0.decided_by_id join app_user u1_0 on u1_0.id=r1_0.user_id where r1_0.id=?
Hibernate: select c1_0.id,c1_0.active,c1_0.closing_time,c1_0.location,c1_0.name,c1_0.opening_time,c1_0.requires_approval,c1_0.type from court c1_0 where c1_0.id=? for update
Hibernate: select r1_0.id,r1_0.approval_deadline,r1_0.cancelled_at,r1_0.court_id,r1_0.created_at,r1_0.decided_at,r1_0.decided_by_id,r1_0.decision_reason,r1_0.end_time,r1_0.start_time,r1_0.state,r1_0.user_id,r1_0.version from reservation r1_0 where r1_0.court_id=? and r1_0.state in (?) and r1_0.start_time<? and ?<r1_0.end_time
Hibernate: update reservation set approval_deadline=?,cancelled_at=?,court_id=?,decided_at=?,decided_by_id=?,decision_reason=?,end_time=?,start_time=?,state=?,user_id=?,version=? where id=? and version=?
2026-10-05T20:44:37.751+02:00  INFO 18696 --- [           main] o.e.r.s.LoggingNotificationService       : NOTIFY approvers: reservation 66 for court 'Centre Court (approval)' awaits approval until 2026-09-20T10:00
Hibernate: select au1_0.id,au1_0.email,au1_0.full_name,au1_0.role from app_user au1_0 where au1_0.id=?
Hibernate: select c1_0.id,c1_0.active,c1_0.closing_time,c1_0.location,c1_0.name,c1_0.opening_time,c1_0.requires_approval,c1_0.type from court c1_0 where c1_0.id=?
Hibernate: insert into reservation (approval_deadline,cancelled_at,court_id,created_at,decided_at,decided_by_id,decision_reason,end_time,start_time,state,user_id,version,id) values (?,?,?,?,?,?,?,?,?,?,?,?,default)
Hibernate: select au1_0.id,au1_0.email,au1_0.full_name,au1_0.role from app_user au1_0 where au1_0.id=?
Hibernate: select r1_0.id,r1_0.approval_deadline,r1_0.cancelled_at,r1_0.court_id,c1_0.id,c1_0.active,c1_0.closing_time,c1_0.location,c1_0.name,c1_0.opening_time,c1_0.requires_approval,c1_0.type,r1_0.created_at,r1_0.decided_at,db1_0.id,db1_0.email,db1_0.full_name,db1_0.role,r1_0.decision_reason,r1_0.end_time,r1_0.start_time,r1_0.state,r1_0.user_id,u1_0.id,u1_0.email,u1_0.full_name,u1_0.role,r1_0.version from reservation r1_0 join court c1_0 on c1_0.id=r1_0.court_id left join app_user db1_0 on db1_0.id=r1_0.decided_by_id join app_user u1_0 on u1_0.id=r1_0.user_id where r1_0.id=?
Hibernate: select c1_0.id,c1_0.active,c1_0.closing_time,c1_0.location,c1_0.name,c1_0.opening_time,c1_0.requires_approval,c1_0.type from court c1_0 where c1_0.id=? for update
Hibernate: select r1_0.id,r1_0.approval_deadline,r1_0.cancelled_at,r1_0.court_id,r1_0.created_at,r1_0.decided_at,r1_0.decided_by_id,r1_0.decision_reason,r1_0.end_time,r1_0.start_time,r1_0.state,r1_0.user_id,r1_0.version from reservation r1_0 where r1_0.court_id=? and r1_0.state in (?) and r1_0.start_time<? and ?<r1_0.end_time
Hibernate: update reservation set approval_deadline=?,cancelled_at=?,court_id=?,decided_at=?,decided_by_id=?,decision_reason=?,end_time=?,start_time=?,state=?,user_id=?,version=? where id=? and version=?
2026-10-05T20:44:37.756+02:00  INFO 18696 --- [           main] o.e.r.s.LoggingNotificationService       : NOTIFY approvers: reservation 67 for court 'Centre Court (approval)' awaits approval until 2026-09-20T10:00
Hibernate: select c1_0.id,c1_0.active,c1_0.closing_time,c1_0.location,c1_0.name,c1_0.opening_time,c1_0.requires_approval,c1_0.type from court c1_0 where c1_0.id=?
Hibernate: select r1_0.id,r1_0.approval_deadline,r1_0.cancelled_at,r1_0.court_id,r1_0.created_at,r1_0.decided_at,r1_0.decided_by_id,r1_0.decision_reason,r1_0.end_time,r1_0.start_time,r1_0.state,r1_0.user_id,r1_0.version from reservation r1_0 where r1_0.court_id=? and r1_0.state in (?) and r1_0.start_time<? and ?<r1_0.end_time
Hibernate: select au1_0.id,au1_0.email,au1_0.full_name,au1_0.role from app_user au1_0 where au1_0.id=?
Hibernate: select au1_0.id,au1_0.email,au1_0.full_name,au1_0.role from app_user au1_0 where au1_0.id=?
Hibernate: select r1_0.id,r1_0.approval_deadline,r1_0.cancelled_at,r1_0.court_id,r1_0.created_at,r1_0.decided_at,r1_0.decided_by_id,r1_0.decision_reason,r1_0.end_time,r1_0.start_time,r1_0.state,r1_0.user_id,r1_0.version from reservation r1_0 where r1_0.court_id=? and r1_0.state in (?) and r1_0.start_time<? and ?<r1_0.end_time
[INFO] Tests run: 2, Failures: 0, Errors: 0, Skipped: 0, Time elapsed: 0.051 s -- in OP-02 Check Availability - approval disclosure (REQ-13)
[INFO] Running OP-03 Confirm - the approval branch (REQ-09)
2026-10-05T20:44:37.767+02:00  INFO 18696 --- [           main] t.c.s.AnnotationConfigContextLoaderUtils : Could not detect default configuration classes for test class [org.example.reservation.BaselineV02ApprovalVerificationTest$Op03Changed]: Op03Changed does not declare any static, non-private, non-final, nested classes annotated with @Configuration.
2026-10-05T20:44:37.768+02:00  INFO 18696 --- [           main] .b.t.c.SpringBootTestContextBootstrapper : Found @SpringBootConfiguration org.example.reservation.ReservationApplication for test class org.example.reservation.BaselineV02ApprovalVerificationTest$Op03Changed
Hibernate: select r1_0.id,r1_0.approval_deadline,r1_0.cancelled_at,r1_0.court_id,r1_0.created_at,r1_0.decided_at,r1_0.decided_by_id,r1_0.decision_reason,r1_0.end_time,r1_0.start_time,r1_0.state,r1_0.user_id,r1_0.version from reservation r1_0
Hibernate: select c1_0.id,c1_0.active,c1_0.closing_time,c1_0.location,c1_0.name,c1_0.opening_time,c1_0.requires_approval,c1_0.type from court c1_0 where c1_0.id=?
Hibernate: select au1_0.id,au1_0.email,au1_0.full_name,au1_0.role from app_user au1_0 where au1_0.id=?
Hibernate: select au1_0.id,au1_0.email,au1_0.full_name,au1_0.role from app_user au1_0 where au1_0.id=?
Hibernate: delete from reservation where id=? and version=?
Hibernate: delete from reservation where id=? and version=?
Hibernate: insert into court (active,closing_time,location,name,opening_time,requires_approval,type,id) values (?,?,?,?,?,?,?,default)
Hibernate: insert into court (active,closing_time,location,name,opening_time,requires_approval,type,id) values (?,?,?,?,?,?,?,default)
Hibernate: insert into app_user (email,full_name,role,id) values (?,?,?,default)
Hibernate: insert into app_user (email,full_name,role,id) values (?,?,?,default)
Hibernate: insert into app_user (email,full_name,role,id) values (?,?,?,default)
Hibernate: insert into app_user (email,full_name,role,id) values (?,?,?,default)
Hibernate: select au1_0.id,au1_0.email,au1_0.full_name,au1_0.role from app_user au1_0 where au1_0.id=?
Hibernate: select c1_0.id,c1_0.active,c1_0.closing_time,c1_0.location,c1_0.name,c1_0.opening_time,c1_0.requires_approval,c1_0.type from court c1_0 where c1_0.id=?
Hibernate: insert into reservation (approval_deadline,cancelled_at,court_id,created_at,decided_at,decided_by_id,decision_reason,end_time,start_time,state,user_id,version,id) values (?,?,?,?,?,?,?,?,?,?,?,?,default)
Hibernate: select au1_0.id,au1_0.email,au1_0.full_name,au1_0.role from app_user au1_0 where au1_0.id=?
Hibernate: select r1_0.id,r1_0.approval_deadline,r1_0.cancelled_at,r1_0.court_id,c1_0.id,c1_0.active,c1_0.closing_time,c1_0.location,c1_0.name,c1_0.opening_time,c1_0.requires_approval,c1_0.type,r1_0.created_at,r1_0.decided_at,db1_0.id,db1_0.email,db1_0.full_name,db1_0.role,r1_0.decision_reason,r1_0.end_time,r1_0.start_time,r1_0.state,r1_0.user_id,u1_0.id,u1_0.email,u1_0.full_name,u1_0.role,r1_0.version from reservation r1_0 join court c1_0 on c1_0.id=r1_0.court_id left join app_user db1_0 on db1_0.id=r1_0.decided_by_id join app_user u1_0 on u1_0.id=r1_0.user_id where r1_0.id=?
Hibernate: select c1_0.id,c1_0.active,c1_0.closing_time,c1_0.location,c1_0.name,c1_0.opening_time,c1_0.requires_approval,c1_0.type from court c1_0 where c1_0.id=? for update
Hibernate: select r1_0.id,r1_0.approval_deadline,r1_0.cancelled_at,r1_0.court_id,r1_0.created_at,r1_0.decided_at,r1_0.decided_by_id,r1_0.decision_reason,r1_0.end_time,r1_0.start_time,r1_0.state,r1_0.user_id,r1_0.version from reservation r1_0 where r1_0.court_id=? and r1_0.state in (?) and r1_0.start_time<? and ?<r1_0.end_time
Hibernate: update reservation set approval_deadline=?,cancelled_at=?,court_id=?,decided_at=?,decided_by_id=?,decision_reason=?,end_time=?,start_time=?,state=?,user_id=?,version=? where id=? and version=?
2026-10-05T20:44:37.787+02:00  INFO 18696 --- [           main] o.e.r.s.LoggingNotificationService       : NOTIFY approvers: reservation 68 for court 'Centre Court (approval)' awaits approval until 2026-09-20T10:00
Hibernate: select c1_0.id,c1_0.active,c1_0.closing_time,c1_0.location,c1_0.name,c1_0.opening_time,c1_0.requires_approval,c1_0.type from court c1_0 where c1_0.id=?
Hibernate: select r1_0.id,r1_0.approval_deadline,r1_0.cancelled_at,r1_0.court_id,r1_0.created_at,r1_0.decided_at,r1_0.decided_by_id,r1_0.decision_reason,r1_0.end_time,r1_0.start_time,r1_0.state,r1_0.user_id,r1_0.version from reservation r1_0 where r1_0.court_id=? and r1_0.state in (?) and r1_0.start_time<? and ?<r1_0.end_time
Hibernate: select au1_0.id,au1_0.email,au1_0.full_name,au1_0.role from app_user au1_0 where au1_0.id=?
Hibernate: select r1_0.id,r1_0.approval_deadline,r1_0.cancelled_at,r1_0.court_id,r1_0.created_at,r1_0.decided_at,r1_0.decided_by_id,r1_0.decision_reason,r1_0.end_time,r1_0.start_time,r1_0.state,r1_0.user_id,r1_0.version from reservation r1_0 where r1_0.court_id=? and r1_0.state in (?) and r1_0.start_time<? and ?<r1_0.end_time
Hibernate: select r1_0.id,r1_0.approval_deadline,r1_0.cancelled_at,r1_0.court_id,r1_0.created_at,r1_0.decided_at,r1_0.decided_by_id,r1_0.decision_reason,r1_0.end_time,r1_0.start_time,r1_0.state,r1_0.user_id,r1_0.version from reservation r1_0
Hibernate: select c1_0.id,c1_0.active,c1_0.closing_time,c1_0.location,c1_0.name,c1_0.opening_time,c1_0.requires_approval,c1_0.type from court c1_0 where c1_0.id=?
Hibernate: select au1_0.id,au1_0.email,au1_0.full_name,au1_0.role from app_user au1_0 where au1_0.id=?
Hibernate: delete from reservation where id=? and version=?
Hibernate: insert into court (active,closing_time,location,name,opening_time,requires_approval,type,id) values (?,?,?,?,?,?,?,default)
Hibernate: insert into court (active,closing_time,location,name,opening_time,requires_approval,type,id) values (?,?,?,?,?,?,?,default)
Hibernate: insert into app_user (email,full_name,role,id) values (?,?,?,default)
Hibernate: insert into app_user (email,full_name,role,id) values (?,?,?,default)
Hibernate: insert into app_user (email,full_name,role,id) values (?,?,?,default)
Hibernate: insert into app_user (email,full_name,role,id) values (?,?,?,default)
Hibernate: select au1_0.id,au1_0.email,au1_0.full_name,au1_0.role from app_user au1_0 where au1_0.id=?
Hibernate: select c1_0.id,c1_0.active,c1_0.closing_time,c1_0.location,c1_0.name,c1_0.opening_time,c1_0.requires_approval,c1_0.type from court c1_0 where c1_0.id=?
Hibernate: insert into reservation (approval_deadline,cancelled_at,court_id,created_at,decided_at,decided_by_id,decision_reason,end_time,start_time,state,user_id,version,id) values (?,?,?,?,?,?,?,?,?,?,?,?,default)
Hibernate: select au1_0.id,au1_0.email,au1_0.full_name,au1_0.role from app_user au1_0 where au1_0.id=?
Hibernate: select r1_0.id,r1_0.approval_deadline,r1_0.cancelled_at,r1_0.court_id,c1_0.id,c1_0.active,c1_0.closing_time,c1_0.location,c1_0.name,c1_0.opening_time,c1_0.requires_approval,c1_0.type,r1_0.created_at,r1_0.decided_at,db1_0.id,db1_0.email,db1_0.full_name,db1_0.role,r1_0.decision_reason,r1_0.end_time,r1_0.start_time,r1_0.state,r1_0.user_id,u1_0.id,u1_0.email,u1_0.full_name,u1_0.role,r1_0.version from reservation r1_0 join court c1_0 on c1_0.id=r1_0.court_id left join app_user db1_0 on db1_0.id=r1_0.decided_by_id join app_user u1_0 on u1_0.id=r1_0.user_id where r1_0.id=?
Hibernate: select c1_0.id,c1_0.active,c1_0.closing_time,c1_0.location,c1_0.name,c1_0.opening_time,c1_0.requires_approval,c1_0.type from court c1_0 where c1_0.id=? for update
Hibernate: select r1_0.id,r1_0.approval_deadline,r1_0.cancelled_at,r1_0.court_id,r1_0.created_at,r1_0.decided_at,r1_0.decided_by_id,r1_0.decision_reason,r1_0.end_time,r1_0.start_time,r1_0.state,r1_0.user_id,r1_0.version from reservation r1_0 where r1_0.court_id=? and r1_0.state in (?) and r1_0.start_time<? and ?<r1_0.end_time
Hibernate: update reservation set approval_deadline=?,cancelled_at=?,court_id=?,decided_at=?,decided_by_id=?,decision_reason=?,end_time=?,start_time=?,state=?,user_id=?,version=? where id=? and version=?
2026-10-05T20:44:37.807+02:00  INFO 18696 --- [           main] o.e.r.s.LoggingNotificationService       : NOTIFY owner alice+1239750997481100@example.com: reservation 69 for court 'Court 2 (self-service)' is CONFIRMED
Hibernate: select r1_0.id,r1_0.approval_deadline,r1_0.cancelled_at,r1_0.court_id,r1_0.created_at,r1_0.decided_at,r1_0.decided_by_id,r1_0.decision_reason,r1_0.end_time,r1_0.start_time,r1_0.state,r1_0.user_id,r1_0.version from reservation r1_0
Hibernate: select c1_0.id,c1_0.active,c1_0.closing_time,c1_0.location,c1_0.name,c1_0.opening_time,c1_0.requires_approval,c1_0.type from court c1_0 where c1_0.id=?
Hibernate: select au1_0.id,au1_0.email,au1_0.full_name,au1_0.role from app_user au1_0 where au1_0.id=?
Hibernate: delete from reservation where id=? and version=?
Hibernate: insert into court (active,closing_time,location,name,opening_time,requires_approval,type,id) values (?,?,?,?,?,?,?,default)
Hibernate: insert into court (active,closing_time,location,name,opening_time,requires_approval,type,id) values (?,?,?,?,?,?,?,default)
Hibernate: insert into app_user (email,full_name,role,id) values (?,?,?,default)
Hibernate: insert into app_user (email,full_name,role,id) values (?,?,?,default)
Hibernate: insert into app_user (email,full_name,role,id) values (?,?,?,default)
Hibernate: insert into app_user (email,full_name,role,id) values (?,?,?,default)
Hibernate: select au1_0.id,au1_0.email,au1_0.full_name,au1_0.role from app_user au1_0 where au1_0.id=?
Hibernate: select c1_0.id,c1_0.active,c1_0.closing_time,c1_0.location,c1_0.name,c1_0.opening_time,c1_0.requires_approval,c1_0.type from court c1_0 where c1_0.id=?
Hibernate: insert into reservation (approval_deadline,cancelled_at,court_id,created_at,decided_at,decided_by_id,decision_reason,end_time,start_time,state,user_id,version,id) values (?,?,?,?,?,?,?,?,?,?,?,?,default)
Hibernate: select au1_0.id,au1_0.email,au1_0.full_name,au1_0.role from app_user au1_0 where au1_0.id=?
Hibernate: select r1_0.id,r1_0.approval_deadline,r1_0.cancelled_at,r1_0.court_id,c1_0.id,c1_0.active,c1_0.closing_time,c1_0.location,c1_0.name,c1_0.opening_time,c1_0.requires_approval,c1_0.type,r1_0.created_at,r1_0.decided_at,db1_0.id,db1_0.email,db1_0.full_name,db1_0.role,r1_0.decision_reason,r1_0.end_time,r1_0.start_time,r1_0.state,r1_0.user_id,u1_0.id,u1_0.email,u1_0.full_name,u1_0.role,r1_0.version from reservation r1_0 join court c1_0 on c1_0.id=r1_0.court_id left join app_user db1_0 on db1_0.id=r1_0.decided_by_id join app_user u1_0 on u1_0.id=r1_0.user_id where r1_0.id=?
Hibernate: select c1_0.id,c1_0.active,c1_0.closing_time,c1_0.location,c1_0.name,c1_0.opening_time,c1_0.requires_approval,c1_0.type from court c1_0 where c1_0.id=? for update
Hibernate: select r1_0.id,r1_0.approval_deadline,r1_0.cancelled_at,r1_0.court_id,r1_0.created_at,r1_0.decided_at,r1_0.decided_by_id,r1_0.decision_reason,r1_0.end_time,r1_0.start_time,r1_0.state,r1_0.user_id,r1_0.version from reservation r1_0 where r1_0.court_id=? and r1_0.state in (?) and r1_0.start_time<? and ?<r1_0.end_time
Hibernate: update reservation set approval_deadline=?,cancelled_at=?,court_id=?,decided_at=?,decided_by_id=?,decision_reason=?,end_time=?,start_time=?,state=?,user_id=?,version=? where id=? and version=?
2026-10-05T20:44:37.823+02:00  INFO 18696 --- [           main] o.e.r.s.LoggingNotificationService       : NOTIFY approvers: reservation 70 for court 'Centre Court (approval)' awaits approval until 2026-09-20T10:00
Hibernate: select au1_0.id,au1_0.email,au1_0.full_name,au1_0.role from app_user au1_0 where au1_0.id=?
Hibernate: select r1_0.id,r1_0.approval_deadline,r1_0.cancelled_at,r1_0.court_id,c1_0.id,c1_0.active,c1_0.closing_time,c1_0.location,c1_0.name,c1_0.opening_time,c1_0.requires_approval,c1_0.type,r1_0.created_at,r1_0.decided_at,db1_0.id,db1_0.email,db1_0.full_name,db1_0.role,r1_0.decision_reason,r1_0.end_time,r1_0.start_time,r1_0.state,r1_0.user_id,u1_0.id,u1_0.email,u1_0.full_name,u1_0.role,r1_0.version from reservation r1_0 join court c1_0 on c1_0.id=r1_0.court_id left join app_user db1_0 on db1_0.id=r1_0.decided_by_id join app_user u1_0 on u1_0.id=r1_0.user_id where r1_0.id=?
Hibernate: select c1_0.id,c1_0.active,c1_0.closing_time,c1_0.location,c1_0.name,c1_0.opening_time,c1_0.requires_approval,c1_0.type from court c1_0 where c1_0.id=? for update
Hibernate: select r1_0.id,r1_0.approval_deadline,r1_0.cancelled_at,r1_0.court_id,r1_0.created_at,r1_0.decided_at,r1_0.decided_by_id,r1_0.decision_reason,r1_0.end_time,r1_0.start_time,r1_0.state,r1_0.user_id,r1_0.version from reservation r1_0 where r1_0.court_id=? and r1_0.state in (?) and r1_0.start_time<? and ?<r1_0.end_time
Hibernate: update reservation set approval_deadline=?,cancelled_at=?,court_id=?,decided_at=?,decided_by_id=?,decision_reason=?,end_time=?,start_time=?,state=?,user_id=?,version=? where id=? and version=?
2026-10-05T20:44:37.831+02:00  INFO 18696 --- [           main] o.e.r.s.LoggingNotificationService       : NOTIFY owner alice+1239751014027400@example.com: reservation 70 for court 'Centre Court (approval)' is CONFIRMED
Hibernate: select au1_0.id,au1_0.email,au1_0.full_name,au1_0.role from app_user au1_0 where au1_0.id=?
Hibernate: select c1_0.id,c1_0.active,c1_0.closing_time,c1_0.location,c1_0.name,c1_0.opening_time,c1_0.requires_approval,c1_0.type from court c1_0 where c1_0.id=?
Hibernate: insert into reservation (approval_deadline,cancelled_at,court_id,created_at,decided_at,decided_by_id,decision_reason,end_time,start_time,state,user_id,version,id) values (?,?,?,?,?,?,?,?,?,?,?,?,default)
Hibernate: select au1_0.id,au1_0.email,au1_0.full_name,au1_0.role from app_user au1_0 where au1_0.id=?
Hibernate: select r1_0.id,r1_0.approval_deadline,r1_0.cancelled_at,r1_0.court_id,c1_0.id,c1_0.active,c1_0.closing_time,c1_0.location,c1_0.name,c1_0.opening_time,c1_0.requires_approval,c1_0.type,r1_0.created_at,r1_0.decided_at,db1_0.id,db1_0.email,db1_0.full_name,db1_0.role,r1_0.decision_reason,r1_0.end_time,r1_0.start_time,r1_0.state,r1_0.user_id,u1_0.id,u1_0.email,u1_0.full_name,u1_0.role,r1_0.version from reservation r1_0 join court c1_0 on c1_0.id=r1_0.court_id left join app_user db1_0 on db1_0.id=r1_0.decided_by_id join app_user u1_0 on u1_0.id=r1_0.user_id where r1_0.id=?
Hibernate: select c1_0.id,c1_0.active,c1_0.closing_time,c1_0.location,c1_0.name,c1_0.opening_time,c1_0.requires_approval,c1_0.type from court c1_0 where c1_0.id=? for update
Hibernate: select r1_0.id,r1_0.approval_deadline,r1_0.cancelled_at,r1_0.court_id,r1_0.created_at,r1_0.decided_at,r1_0.decided_by_id,r1_0.decision_reason,r1_0.end_time,r1_0.start_time,r1_0.state,r1_0.user_id,r1_0.version from reservation r1_0 where r1_0.court_id=? and r1_0.state in (?) and r1_0.start_time<? and ?<r1_0.end_time
Hibernate: select au1_0.id,au1_0.email,au1_0.full_name,au1_0.role from app_user au1_0 where au1_0.id=?
Hibernate: select au1_0.id,au1_0.email,au1_0.full_name,au1_0.role from app_user au1_0 where au1_0.id=?
Hibernate: select r1_0.id,r1_0.approval_deadline,r1_0.cancelled_at,r1_0.court_id,c1_0.id,c1_0.active,c1_0.closing_time,c1_0.location,c1_0.name,c1_0.opening_time,c1_0.requires_approval,c1_0.type,r1_0.created_at,r1_0.decided_at,db1_0.id,db1_0.email,db1_0.full_name,db1_0.role,r1_0.decision_reason,r1_0.end_time,r1_0.start_time,r1_0.state,r1_0.user_id,u1_0.id,u1_0.email,u1_0.full_name,u1_0.role,r1_0.version from reservation r1_0 join court c1_0 on c1_0.id=r1_0.court_id left join app_user db1_0 on db1_0.id=r1_0.decided_by_id join app_user u1_0 on u1_0.id=r1_0.user_id where r1_0.id=?
Hibernate: select r1_0.id,r1_0.approval_deadline,r1_0.cancelled_at,r1_0.court_id,r1_0.created_at,r1_0.decided_at,r1_0.decided_by_id,r1_0.decision_reason,r1_0.end_time,r1_0.start_time,r1_0.state,r1_0.user_id,r1_0.version from reservation r1_0
Hibernate: select c1_0.id,c1_0.active,c1_0.closing_time,c1_0.location,c1_0.name,c1_0.opening_time,c1_0.requires_approval,c1_0.type from court c1_0 where c1_0.id=?
Hibernate: select au1_0.id,au1_0.email,au1_0.full_name,au1_0.role from app_user au1_0 where au1_0.id=?
Hibernate: select au1_0.id,au1_0.email,au1_0.full_name,au1_0.role from app_user au1_0 where au1_0.id=?
Hibernate: select au1_0.id,au1_0.email,au1_0.full_name,au1_0.role from app_user au1_0 where au1_0.id=?
Hibernate: delete from reservation where id=? and version=?
Hibernate: delete from reservation where id=? and version=?
Hibernate: insert into court (active,closing_time,location,name,opening_time,requires_approval,type,id) values (?,?,?,?,?,?,?,default)
Hibernate: insert into court (active,closing_time,location,name,opening_time,requires_approval,type,id) values (?,?,?,?,?,?,?,default)
Hibernate: insert into app_user (email,full_name,role,id) values (?,?,?,default)
Hibernate: insert into app_user (email,full_name,role,id) values (?,?,?,default)
Hibernate: insert into app_user (email,full_name,role,id) values (?,?,?,default)
Hibernate: insert into app_user (email,full_name,role,id) values (?,?,?,default)
Hibernate: select au1_0.id,au1_0.email,au1_0.full_name,au1_0.role from app_user au1_0 where au1_0.id=?
Hibernate: select c1_0.id,c1_0.active,c1_0.closing_time,c1_0.location,c1_0.name,c1_0.opening_time,c1_0.requires_approval,c1_0.type from court c1_0 where c1_0.id=?
Hibernate: insert into reservation (approval_deadline,cancelled_at,court_id,created_at,decided_at,decided_by_id,decision_reason,end_time,start_time,state,user_id,version,id) values (?,?,?,?,?,?,?,?,?,?,?,?,default)
Hibernate: select au1_0.id,au1_0.email,au1_0.full_name,au1_0.role from app_user au1_0 where au1_0.id=?
Hibernate: select r1_0.id,r1_0.approval_deadline,r1_0.cancelled_at,r1_0.court_id,c1_0.id,c1_0.active,c1_0.closing_time,c1_0.location,c1_0.name,c1_0.opening_time,c1_0.requires_approval,c1_0.type,r1_0.created_at,r1_0.decided_at,db1_0.id,db1_0.email,db1_0.full_name,db1_0.role,r1_0.decision_reason,r1_0.end_time,r1_0.start_time,r1_0.state,r1_0.user_id,u1_0.id,u1_0.email,u1_0.full_name,u1_0.role,r1_0.version from reservation r1_0 join court c1_0 on c1_0.id=r1_0.court_id left join app_user db1_0 on db1_0.id=r1_0.decided_by_id join app_user u1_0 on u1_0.id=r1_0.user_id where r1_0.id=?
Hibernate: select c1_0.id,c1_0.active,c1_0.closing_time,c1_0.location,c1_0.name,c1_0.opening_time,c1_0.requires_approval,c1_0.type from court c1_0 where c1_0.id=? for update
Hibernate: select r1_0.id,r1_0.approval_deadline,r1_0.cancelled_at,r1_0.court_id,r1_0.created_at,r1_0.decided_at,r1_0.decided_by_id,r1_0.decision_reason,r1_0.end_time,r1_0.start_time,r1_0.state,r1_0.user_id,r1_0.version from reservation r1_0 where r1_0.court_id=? and r1_0.state in (?) and r1_0.start_time<? and ?<r1_0.end_time
Hibernate: update reservation set approval_deadline=?,cancelled_at=?,court_id=?,decided_at=?,decided_by_id=?,decision_reason=?,end_time=?,start_time=?,state=?,user_id=?,version=? where id=? and version=?
2026-10-05T20:44:37.860+02:00  INFO 18696 --- [           main] o.e.r.s.LoggingNotificationService       : NOTIFY approvers: reservation 72 for court 'Centre Court (approval)' awaits approval until 2026-09-20T10:00
[INFO] Tests run: 4, Failures: 0, Errors: 0, Skipped: 0, Time elapsed: 0.100 s -- in OP-03 Confirm - the approval branch (REQ-09)
[INFO] Tests run: 0, Failures: 0, Errors: 0, Skipped: 0, Time elapsed: 0.916 s -- in org.example.reservation.BaselineV02ApprovalVerificationTest
[INFO] Running org.example.reservation.C03LifecycleConcurrencyTest
2026-10-05T20:44:37.869+02:00  INFO 18696 --- [           main] .b.t.c.SpringBootTestContextBootstrapper : Found @SpringBootConfiguration org.example.reservation.ReservationApplication for test class org.example.reservation.C03LifecycleConcurrencyTest

  .   ____          _            __ _ _
 /\\ / ___'_ __ _ _(_)_ __  __ _ \ \ \ \
( ( )\___ | '_ | '_| | '_ \/ _` | \ \ \ \
 \\/  ___)| |_)| | | | | || (_| |  ) ) ) )
  '  |____| .__|_| |_|_| |_\__, | / / / /
 =========|_|==============|___/=/_/_/_/

 :: Spring Boot ::                (v3.5.8)

2026-10-05T20:44:37.911+02:00  INFO 18696 --- [           main] o.e.r.C03LifecycleConcurrencyTest        : Starting C03LifecycleConcurrencyTest using Java 21.0.4 with PID 18696 (started by rosti in C:\Users\rosti\IdeaProjects\SWIReservationSystem)
2026-10-05T20:44:37.911+02:00  INFO 18696 --- [           main] o.e.r.C03LifecycleConcurrencyTest        : No active profile set, falling back to 1 default profile: "default"
2026-10-05T20:44:38.211+02:00  INFO 18696 --- [           main] .s.d.r.c.RepositoryConfigurationDelegate : Bootstrapping Spring Data JPA repositories in DEFAULT mode.
2026-10-05T20:44:38.240+02:00  INFO 18696 --- [           main] .s.d.r.c.RepositoryConfigurationDelegate : Finished Spring Data repository scanning in 27 ms. Found 3 JPA repository interfaces.
2026-10-05T20:44:38.479+02:00  INFO 18696 --- [           main] o.hibernate.jpa.internal.util.LogHelper  : HHH000204: Processing PersistenceUnitInfo [name: default]
2026-10-05T20:44:38.482+02:00  INFO 18696 --- [           main] o.h.c.internal.RegionFactoryInitiator    : HHH000026: Second-level cache disabled
2026-10-05T20:44:38.510+02:00  INFO 18696 --- [           main] o.s.o.j.p.SpringPersistenceUnitInfo      : No LoadTimeWeaver setup: ignoring JPA class transformer
2026-10-05T20:44:38.511+02:00  INFO 18696 --- [           main] com.zaxxer.hikari.HikariDataSource       : HikariPool-2 - Starting...
2026-10-05T20:44:38.512+02:00  INFO 18696 --- [           main] com.zaxxer.hikari.pool.HikariPool        : HikariPool-2 - Added connection conn16: url=jdbc:h2:mem:swi_test user=SA
2026-10-05T20:44:38.512+02:00  INFO 18696 --- [           main] com.zaxxer.hikari.HikariDataSource       : HikariPool-2 - Start completed.
2026-10-05T20:44:38.513+02:00  INFO 18696 --- [           main] org.hibernate.orm.connections.pooling    : HHH10001005: Database info:
	Database JDBC URL [Connecting through datasource 'HikariDataSource (HikariPool-2)']
	Database driver: undefined/unknown
	Database version: 2.3.232
	Autocommit mode: undefined/unknown
	Isolation level: undefined/unknown
	Minimum pool size: undefined/unknown
	Maximum pool size: undefined/unknown
2026-10-05T20:44:38.579+02:00  INFO 18696 --- [           main] o.h.e.t.j.p.i.JtaPlatformInitiator       : HHH000489: No JTA platform available (set 'hibernate.transaction.jta.platform' to enable JTA platform integration)
Hibernate: drop table if exists app_user cascade 
Hibernate: drop table if exists court cascade 
Hibernate: drop table if exists reservation cascade 
Hibernate: create table app_user (id bigint generated by default as identity, email varchar(255) not null unique, full_name varchar(255) not null, role enum ('MEMBER','STAFF') not null, primary key (id))
Hibernate: create table court (active boolean not null, closing_time time(6) not null, opening_time time(6) not null, requires_approval boolean not null, id bigint generated by default as identity, location varchar(255) not null, name varchar(255) not null, type enum ('BADMINTON','BASKETBALL','FOOTBALL','SQUASH','TENNIS') not null, primary key (id))
Hibernate: create table reservation (approval_deadline timestamp(6), cancelled_at timestamp(6) with time zone, court_id bigint not null, created_at timestamp(6) with time zone not null, decided_at timestamp(6) with time zone, decided_by_id bigint, end_time timestamp(6) not null, id bigint generated by default as identity, start_time timestamp(6) not null, user_id bigint not null, version bigint not null, decision_reason varchar(500), state enum ('CANCELLED','CONFIRMED','DRAFT','EXPIRED','PENDING_APPROVAL','REJECTED') not null, primary key (id))
Hibernate: alter table if exists reservation add constraint FKpxnu37u6x3lp9jvebvujghn4e foreign key (court_id) references court
Hibernate: alter table if exists reservation add constraint FKjfh4sk669q9okl27ir86ldr3o foreign key (decided_by_id) references app_user
Hibernate: alter table if exists reservation add constraint FKm25r28103jb9lske61acewdlf foreign key (user_id) references app_user
2026-10-05T20:44:38.587+02:00  INFO 18696 --- [           main] j.LocalContainerEntityManagerFactoryBean : Initialized JPA EntityManagerFactory for persistence unit 'default'
2026-10-05T20:44:38.718+02:00  WARN 18696 --- [           main] JpaBaseConfiguration$JpaWebConfiguration : spring.jpa.open-in-view is enabled by default. Therefore, database queries may be performed during view rendering. Explicitly configure spring.jpa.open-in-view to disable this warning
2026-10-05T20:44:38.851+02:00  INFO 18696 --- [           main] o.e.r.C03LifecycleConcurrencyTest        : Started C03LifecycleConcurrencyTest in 0.975 seconds (process running for 12.492)
Hibernate: select r1_0.id,r1_0.approval_deadline,r1_0.cancelled_at,r1_0.court_id,r1_0.created_at,r1_0.decided_at,r1_0.decided_by_id,r1_0.decision_reason,r1_0.end_time,r1_0.start_time,r1_0.state,r1_0.user_id,r1_0.version from reservation r1_0
Hibernate: insert into court (active,closing_time,location,name,opening_time,requires_approval,type,id) values (?,?,?,?,?,?,?,default)
Hibernate: insert into app_user (email,full_name,role,id) values (?,?,?,default)
Hibernate: insert into app_user (email,full_name,role,id) values (?,?,?,default)
Hibernate: insert into app_user (email,full_name,role,id) values (?,?,?,default)
Hibernate: select au1_0.id,au1_0.email,au1_0.full_name,au1_0.role from app_user au1_0 where au1_0.id=?
Hibernate: select c1_0.id,c1_0.active,c1_0.closing_time,c1_0.location,c1_0.name,c1_0.opening_time,c1_0.requires_approval,c1_0.type from court c1_0 where c1_0.id=?
Hibernate: insert into reservation (approval_deadline,cancelled_at,court_id,created_at,decided_at,decided_by_id,decision_reason,end_time,start_time,state,user_id,version,id) values (?,?,?,?,?,?,?,?,?,?,?,?,default)
Hibernate: select au1_0.id,au1_0.email,au1_0.full_name,au1_0.role from app_user au1_0 where au1_0.id=?
Hibernate: select r1_0.id,r1_0.approval_deadline,r1_0.cancelled_at,r1_0.court_id,c1_0.id,c1_0.active,c1_0.closing_time,c1_0.location,c1_0.name,c1_0.opening_time,c1_0.requires_approval,c1_0.type,r1_0.created_at,r1_0.decided_at,db1_0.id,db1_0.email,db1_0.full_name,db1_0.role,r1_0.decision_reason,r1_0.end_time,r1_0.start_time,r1_0.state,r1_0.user_id,u1_0.id,u1_0.email,u1_0.full_name,u1_0.role,r1_0.version from reservation r1_0 join court c1_0 on c1_0.id=r1_0.court_id left join app_user db1_0 on db1_0.id=r1_0.decided_by_id join app_user u1_0 on u1_0.id=r1_0.user_id where r1_0.id=?
Hibernate: select c1_0.id,c1_0.active,c1_0.closing_time,c1_0.location,c1_0.name,c1_0.opening_time,c1_0.requires_approval,c1_0.type from court c1_0 where c1_0.id=? for update
Hibernate: select r1_0.id,r1_0.approval_deadline,r1_0.cancelled_at,r1_0.court_id,r1_0.created_at,r1_0.decided_at,r1_0.decided_by_id,r1_0.decision_reason,r1_0.end_time,r1_0.start_time,r1_0.state,r1_0.user_id,r1_0.version from reservation r1_0 where r1_0.court_id=? and r1_0.state in (?) and r1_0.start_time<? and ?<r1_0.end_time
Hibernate: update reservation set approval_deadline=?,cancelled_at=?,court_id=?,decided_at=?,decided_by_id=?,decision_reason=?,end_time=?,start_time=?,state=?,user_id=?,version=? where id=? and version=?
Hibernate: select au1_0.id,au1_0.email,au1_0.full_name,au1_0.role from app_user au1_0 where au1_0.id=?
Hibernate: select r1_0.id,r1_0.approval_deadline,r1_0.cancelled_at,r1_0.court_id,c1_0.id,c1_0.active,c1_0.closing_time,c1_0.location,c1_0.name,c1_0.opening_time,c1_0.requires_approval,c1_0.type,r1_0.created_at,r1_0.decided_at,db1_0.id,db1_0.email,db1_0.full_name,db1_0.role,r1_0.decision_reason,r1_0.end_time,r1_0.start_time,r1_0.state,r1_0.user_id,u1_0.id,u1_0.email,u1_0.full_name,u1_0.role,r1_0.version from reservation r1_0 join court c1_0 on c1_0.id=r1_0.court_id left join app_user db1_0 on db1_0.id=r1_0.decided_by_id join app_user u1_0 on u1_0.id=r1_0.user_id where r1_0.id=?
Hibernate: select c1_0.id,c1_0.active,c1_0.closing_time,c1_0.location,c1_0.name,c1_0.opening_time,c1_0.requires_approval,c1_0.type from court c1_0 where c1_0.id=? for update
Hibernate: select r1_0.id,r1_0.approval_deadline,r1_0.cancelled_at,r1_0.court_id,r1_0.created_at,r1_0.decided_at,r1_0.decided_by_id,r1_0.decision_reason,r1_0.end_time,r1_0.start_time,r1_0.state,r1_0.user_id,r1_0.version from reservation r1_0 where r1_0.court_id=? and r1_0.state in (?) and r1_0.start_time<? and ?<r1_0.end_time
Hibernate: select au1_0.id,au1_0.email,au1_0.full_name,au1_0.role from app_user au1_0 where au1_0.id=?
Hibernate: select r1_0.id,r1_0.approval_deadline,r1_0.cancelled_at,r1_0.court_id,c1_0.id,c1_0.active,c1_0.closing_time,c1_0.location,c1_0.name,c1_0.opening_time,c1_0.requires_approval,c1_0.type,r1_0.created_at,r1_0.decided_at,db1_0.id,db1_0.email,db1_0.full_name,db1_0.role,r1_0.decision_reason,r1_0.end_time,r1_0.start_time,r1_0.state,r1_0.user_id,u1_0.id,u1_0.email,u1_0.full_name,u1_0.role,r1_0.version from reservation r1_0 join court c1_0 on c1_0.id=r1_0.court_id left join app_user db1_0 on db1_0.id=r1_0.decided_by_id join app_user u1_0 on u1_0.id=r1_0.user_id where r1_0.id=?
Hibernate: update reservation set approval_deadline=?,cancelled_at=?,court_id=?,decided_at=?,decided_by_id=?,decision_reason=?,end_time=?,start_time=?,state=?,user_id=?,version=? where id=? and version=?
Hibernate: update reservation set approval_deadline=?,cancelled_at=?,court_id=?,decided_at=?,decided_by_id=?,decision_reason=?,end_time=?,start_time=?,state=?,user_id=?,version=? where id=? and version=?
Hibernate: select r1_0.id,r1_0.approval_deadline,r1_0.cancelled_at,r1_0.court_id,c1_0.id,c1_0.active,c1_0.closing_time,c1_0.location,c1_0.name,c1_0.opening_time,c1_0.requires_approval,c1_0.type,r1_0.created_at,r1_0.decided_at,db1_0.id,db1_0.email,db1_0.full_name,db1_0.role,r1_0.decision_reason,r1_0.end_time,r1_0.start_time,r1_0.state,r1_0.user_id,u1_0.id,u1_0.email,u1_0.full_name,u1_0.role,r1_0.version from reservation r1_0 join court c1_0 on c1_0.id=r1_0.court_id left join app_user db1_0 on db1_0.id=r1_0.decided_by_id join app_user u1_0 on u1_0.id=r1_0.user_id where r1_0.id=?
Hibernate: select r1_0.id,r1_0.approval_deadline,r1_0.cancelled_at,r1_0.court_id,c1_0.id,c1_0.active,c1_0.closing_time,c1_0.location,c1_0.name,c1_0.opening_time,c1_0.requires_approval,c1_0.type,r1_0.created_at,r1_0.decided_at,db1_0.id,db1_0.email,db1_0.full_name,db1_0.role,r1_0.decision_reason,r1_0.end_time,r1_0.start_time,r1_0.state,r1_0.user_id,u1_0.id,u1_0.email,u1_0.full_name,u1_0.role,r1_0.version from reservation r1_0 join court c1_0 on c1_0.id=r1_0.court_id left join app_user db1_0 on db1_0.id=r1_0.decided_by_id join app_user u1_0 on u1_0.id=r1_0.user_id where r1_0.id=?
RACE approve=Outcome[state=null, failure=ObjectOptimisticLockingFailureException: Row was updated or deleted by another transaction (or unsaved-value mapping was incorrect): [org.example.reservation.domain.Reservation#1]] | rival=Outcome[state=CANCELLED, failure=null] | persisted=CANCELLED | notified=[PENDING:1]
Hibernate: select r1_0.id,r1_0.approval_deadline,r1_0.cancelled_at,r1_0.court_id,r1_0.created_at,r1_0.decided_at,r1_0.decided_by_id,r1_0.decision_reason,r1_0.end_time,r1_0.start_time,r1_0.state,r1_0.user_id,r1_0.version from reservation r1_0
Hibernate: select c1_0.id,c1_0.active,c1_0.closing_time,c1_0.location,c1_0.name,c1_0.opening_time,c1_0.requires_approval,c1_0.type from court c1_0 where c1_0.id=?
Hibernate: select au1_0.id,au1_0.email,au1_0.full_name,au1_0.role from app_user au1_0 where au1_0.id=?
Hibernate: delete from reservation where id=? and version=?
Hibernate: insert into court (active,closing_time,location,name,opening_time,requires_approval,type,id) values (?,?,?,?,?,?,?,default)
Hibernate: insert into app_user (email,full_name,role,id) values (?,?,?,default)
Hibernate: insert into app_user (email,full_name,role,id) values (?,?,?,default)
Hibernate: insert into app_user (email,full_name,role,id) values (?,?,?,default)
Hibernate: select au1_0.id,au1_0.email,au1_0.full_name,au1_0.role from app_user au1_0 where au1_0.id=?
Hibernate: select c1_0.id,c1_0.active,c1_0.closing_time,c1_0.location,c1_0.name,c1_0.opening_time,c1_0.requires_approval,c1_0.type from court c1_0 where c1_0.id=?
Hibernate: insert into reservation (approval_deadline,cancelled_at,court_id,created_at,decided_at,decided_by_id,decision_reason,end_time,start_time,state,user_id,version,id) values (?,?,?,?,?,?,?,?,?,?,?,?,default)
Hibernate: select au1_0.id,au1_0.email,au1_0.full_name,au1_0.role from app_user au1_0 where au1_0.id=?
Hibernate: select r1_0.id,r1_0.approval_deadline,r1_0.cancelled_at,r1_0.court_id,c1_0.id,c1_0.active,c1_0.closing_time,c1_0.location,c1_0.name,c1_0.opening_time,c1_0.requires_approval,c1_0.type,r1_0.created_at,r1_0.decided_at,db1_0.id,db1_0.email,db1_0.full_name,db1_0.role,r1_0.decision_reason,r1_0.end_time,r1_0.start_time,r1_0.state,r1_0.user_id,u1_0.id,u1_0.email,u1_0.full_name,u1_0.role,r1_0.version from reservation r1_0 join court c1_0 on c1_0.id=r1_0.court_id left join app_user db1_0 on db1_0.id=r1_0.decided_by_id join app_user u1_0 on u1_0.id=r1_0.user_id where r1_0.id=?
Hibernate: select c1_0.id,c1_0.active,c1_0.closing_time,c1_0.location,c1_0.name,c1_0.opening_time,c1_0.requires_approval,c1_0.type from court c1_0 where c1_0.id=? for update
Hibernate: select r1_0.id,r1_0.approval_deadline,r1_0.cancelled_at,r1_0.court_id,r1_0.created_at,r1_0.decided_at,r1_0.decided_by_id,r1_0.decision_reason,r1_0.end_time,r1_0.start_time,r1_0.state,r1_0.user_id,r1_0.version from reservation r1_0 where r1_0.court_id=? and r1_0.state in (?) and r1_0.start_time<? and ?<r1_0.end_time
Hibernate: update reservation set approval_deadline=?,cancelled_at=?,court_id=?,decided_at=?,decided_by_id=?,decision_reason=?,end_time=?,start_time=?,state=?,user_id=?,version=? where id=? and version=?
Hibernate: select au1_0.id,au1_0.email,au1_0.full_name,au1_0.role from app_user au1_0 where au1_0.id=?
Hibernate: select r1_0.id,r1_0.approval_deadline,r1_0.cancelled_at,r1_0.court_id,c1_0.id,c1_0.active,c1_0.closing_time,c1_0.location,c1_0.name,c1_0.opening_time,c1_0.requires_approval,c1_0.type,r1_0.created_at,r1_0.decided_at,db1_0.id,db1_0.email,db1_0.full_name,db1_0.role,r1_0.decision_reason,r1_0.end_time,r1_0.start_time,r1_0.state,r1_0.user_id,u1_0.id,u1_0.email,u1_0.full_name,u1_0.role,r1_0.version from reservation r1_0 join court c1_0 on c1_0.id=r1_0.court_id left join app_user db1_0 on db1_0.id=r1_0.decided_by_id join app_user u1_0 on u1_0.id=r1_0.user_id where r1_0.id=?
Hibernate: select c1_0.id,c1_0.active,c1_0.closing_time,c1_0.location,c1_0.name,c1_0.opening_time,c1_0.requires_approval,c1_0.type from court c1_0 where c1_0.id=? for update
Hibernate: select r1_0.id,r1_0.approval_deadline,r1_0.cancelled_at,r1_0.court_id,r1_0.created_at,r1_0.decided_at,r1_0.decided_by_id,r1_0.decision_reason,r1_0.end_time,r1_0.start_time,r1_0.state,r1_0.user_id,r1_0.version from reservation r1_0 where r1_0.court_id=? and r1_0.state in (?) and r1_0.start_time<? and ?<r1_0.end_time
Hibernate: select au1_0.id,au1_0.email,au1_0.full_name,au1_0.role from app_user au1_0 where au1_0.id=?
Hibernate: select r1_0.id,r1_0.approval_deadline,r1_0.cancelled_at,r1_0.court_id,c1_0.id,c1_0.active,c1_0.closing_time,c1_0.location,c1_0.name,c1_0.opening_time,c1_0.requires_approval,c1_0.type,r1_0.created_at,r1_0.decided_at,db1_0.id,db1_0.email,db1_0.full_name,db1_0.role,r1_0.decision_reason,r1_0.end_time,r1_0.start_time,r1_0.state,r1_0.user_id,u1_0.id,u1_0.email,u1_0.full_name,u1_0.role,r1_0.version from reservation r1_0 join court c1_0 on c1_0.id=r1_0.court_id left join app_user db1_0 on db1_0.id=r1_0.decided_by_id join app_user u1_0 on u1_0.id=r1_0.user_id where r1_0.id=?
Hibernate: update reservation set approval_deadline=?,cancelled_at=?,court_id=?,decided_at=?,decided_by_id=?,decision_reason=?,end_time=?,start_time=?,state=?,user_id=?,version=? where id=? and version=?
Hibernate: update reservation set approval_deadline=?,cancelled_at=?,court_id=?,decided_at=?,decided_by_id=?,decision_reason=?,end_time=?,start_time=?,state=?,user_id=?,version=? where id=? and version=?
Hibernate: select r1_0.id,r1_0.approval_deadline,r1_0.cancelled_at,r1_0.court_id,c1_0.id,c1_0.active,c1_0.closing_time,c1_0.location,c1_0.name,c1_0.opening_time,c1_0.requires_approval,c1_0.type,r1_0.created_at,r1_0.decided_at,db1_0.id,db1_0.email,db1_0.full_name,db1_0.role,r1_0.decision_reason,r1_0.end_time,r1_0.start_time,r1_0.state,r1_0.user_id,u1_0.id,u1_0.email,u1_0.full_name,u1_0.role,r1_0.version from reservation r1_0 join court c1_0 on c1_0.id=r1_0.court_id left join app_user db1_0 on db1_0.id=r1_0.decided_by_id join app_user u1_0 on u1_0.id=r1_0.user_id where r1_0.id=?
Hibernate: select r1_0.id,r1_0.approval_deadline,r1_0.cancelled_at,r1_0.court_id,c1_0.id,c1_0.active,c1_0.closing_time,c1_0.location,c1_0.name,c1_0.opening_time,c1_0.requires_approval,c1_0.type,r1_0.created_at,r1_0.decided_at,db1_0.id,db1_0.email,db1_0.full_name,db1_0.role,r1_0.decision_reason,r1_0.end_time,r1_0.start_time,r1_0.state,r1_0.user_id,u1_0.id,u1_0.email,u1_0.full_name,u1_0.role,r1_0.version from reservation r1_0 join court c1_0 on c1_0.id=r1_0.court_id left join app_user db1_0 on db1_0.id=r1_0.decided_by_id join app_user u1_0 on u1_0.id=r1_0.user_id where r1_0.id=?
RACE approve=Outcome[state=null, failure=ObjectOptimisticLockingFailureException: Row was updated or deleted by another transaction (or unsaved-value mapping was incorrect): [org.example.reservation.domain.Reservation#2]] | rival=Outcome[state=REJECTED, failure=null] | persisted=REJECTED | notified=[PENDING:2, REJECTED:2]
[INFO] Tests run: 2, Failures: 0, Errors: 0, Skipped: 0, Time elapsed: 1.130 s -- in org.example.reservation.C03LifecycleConcurrencyTest
[INFO] Running org.example.reservation.ReservationPersistenceSpikeTest
2026-10-05T20:44:38.999+02:00  INFO 18696 --- [           main] t.c.s.AnnotationConfigContextLoaderUtils : Could not detect default configuration classes for test class [org.example.reservation.ReservationPersistenceSpikeTest]: ReservationPersistenceSpikeTest does not declare any static, non-private, non-final, nested classes annotated with @Configuration.
2026-10-05T20:44:39.021+02:00  INFO 18696 --- [           main] .b.t.c.SpringBootTestContextBootstrapper : Found @SpringBootConfiguration org.example.reservation.ReservationApplication for test class org.example.reservation.ReservationPersistenceSpikeTest

  .   ____          _            __ _ _
 /\\ / ___'_ __ _ _(_)_ __  __ _ \ \ \ \
( ( )\___ | '_ | '_| | '_ \/ _` | \ \ \ \
 \\/  ___)| |_)| | | | | || (_| |  ) ) ) )
  '  |____| .__|_| |_|_| |_\__, | / / / /
 =========|_|==============|___/=/_/_/_/

 :: Spring Boot ::                (v3.5.8)

2026-10-05T20:44:39.064+02:00  INFO 18696 --- [           main] o.e.r.ReservationPersistenceSpikeTest    : Starting ReservationPersistenceSpikeTest using Java 21.0.4 with PID 18696 (started by rosti in C:\Users\rosti\IdeaProjects\SWIReservationSystem)
2026-10-05T20:44:39.064+02:00  INFO 18696 --- [           main] o.e.r.ReservationPersistenceSpikeTest    : No active profile set, falling back to 1 default profile: "default"
2026-10-05T20:44:39.279+02:00  INFO 18696 --- [           main] .s.d.r.c.RepositoryConfigurationDelegate : Bootstrapping Spring Data JPA repositories in DEFAULT mode.
2026-10-05T20:44:39.306+02:00  INFO 18696 --- [           main] .s.d.r.c.RepositoryConfigurationDelegate : Finished Spring Data repository scanning in 25 ms. Found 3 JPA repository interfaces.
2026-10-05T20:44:39.330+02:00  INFO 18696 --- [           main] beddedDataSourceBeanFactoryPostProcessor : Replacing 'dataSource' DataSource bean with embedded version
2026-10-05T20:44:39.357+02:00  INFO 18696 --- [           main] o.s.j.d.e.EmbeddedDatabaseFactory        : Starting embedded database: url='jdbc:h2:mem:93ef41d3-d674-42d1-99fd-87c4473a89f6;DB_CLOSE_DELAY=-1;DB_CLOSE_ON_EXIT=false', username='sa'
2026-10-05T20:44:39.381+02:00  INFO 18696 --- [           main] o.hibernate.jpa.internal.util.LogHelper  : HHH000204: Processing PersistenceUnitInfo [name: default]
2026-10-05T20:44:39.385+02:00  INFO 18696 --- [           main] o.h.c.internal.RegionFactoryInitiator    : HHH000026: Second-level cache disabled
2026-10-05T20:44:39.397+02:00  INFO 18696 --- [           main] o.s.o.j.p.SpringPersistenceUnitInfo      : No LoadTimeWeaver setup: ignoring JPA class transformer
2026-10-05T20:44:39.401+02:00  INFO 18696 --- [           main] org.hibernate.orm.connections.pooling    : HHH10001005: Database info:
	Database JDBC URL [Connecting through datasource 'org.springframework.jdbc.datasource.embedded.EmbeddedDatabaseFactory$EmbeddedDataSourceProxy@f406ea2']
	Database driver: undefined/unknown
	Database version: 2.3.232
	Autocommit mode: undefined/unknown
	Isolation level: undefined/unknown
	Minimum pool size: undefined/unknown
	Maximum pool size: undefined/unknown
2026-10-05T20:44:39.468+02:00  INFO 18696 --- [           main] o.h.e.t.j.p.i.JtaPlatformInitiator       : HHH000489: No JTA platform available (set 'hibernate.transaction.jta.platform' to enable JTA platform integration)
Hibernate: drop table if exists app_user cascade 
Hibernate: drop table if exists court cascade 
Hibernate: drop table if exists reservation cascade 
Hibernate: create table app_user (id bigint generated by default as identity, email varchar(255) not null unique, full_name varchar(255) not null, role enum ('MEMBER','STAFF') not null, primary key (id))
Hibernate: create table court (active boolean not null, closing_time time(6) not null, opening_time time(6) not null, requires_approval boolean not null, id bigint generated by default as identity, location varchar(255) not null, name varchar(255) not null, type enum ('BADMINTON','BASKETBALL','FOOTBALL','SQUASH','TENNIS') not null, primary key (id))
Hibernate: create table reservation (approval_deadline timestamp(6), cancelled_at timestamp(6) with time zone, court_id bigint not null, created_at timestamp(6) with time zone not null, decided_at timestamp(6) with time zone, decided_by_id bigint, end_time timestamp(6) not null, id bigint generated by default as identity, start_time timestamp(6) not null, user_id bigint not null, version bigint not null, decision_reason varchar(500), state enum ('CANCELLED','CONFIRMED','DRAFT','EXPIRED','PENDING_APPROVAL','REJECTED') not null, primary key (id))
Hibernate: alter table if exists reservation add constraint FKpxnu37u6x3lp9jvebvujghn4e foreign key (court_id) references court
Hibernate: alter table if exists reservation add constraint FKjfh4sk669q9okl27ir86ldr3o foreign key (decided_by_id) references app_user
Hibernate: alter table if exists reservation add constraint FKm25r28103jb9lske61acewdlf foreign key (user_id) references app_user
2026-10-05T20:44:39.479+02:00  INFO 18696 --- [           main] j.LocalContainerEntityManagerFactoryBean : Initialized JPA EntityManagerFactory for persistence unit 'default'
2026-10-05T20:44:39.670+02:00  INFO 18696 --- [           main] o.e.r.ReservationPersistenceSpikeTest    : Started ReservationPersistenceSpikeTest in 0.641 seconds (process running for 13.311)
Hibernate: insert into court (active,closing_time,location,name,opening_time,requires_approval,type,id) values (?,?,?,?,?,?,?,default)
Hibernate: insert into app_user (email,full_name,role,id) values (?,?,?,default)
Hibernate: insert into reservation (approval_deadline,cancelled_at,court_id,created_at,decided_at,decided_by_id,decision_reason,end_time,start_time,state,user_id,version,id) values (?,?,?,?,?,?,?,?,?,?,?,?,default)
Hibernate: select r1_0.id,r1_0.approval_deadline,r1_0.cancelled_at,r1_0.court_id,c1_0.id,c1_0.active,c1_0.closing_time,c1_0.location,c1_0.name,c1_0.opening_time,c1_0.requires_approval,c1_0.type,r1_0.created_at,r1_0.decided_at,db1_0.id,db1_0.email,db1_0.full_name,db1_0.role,r1_0.decision_reason,r1_0.end_time,r1_0.start_time,r1_0.state,r1_0.user_id,u1_0.id,u1_0.email,u1_0.full_name,u1_0.role,r1_0.version from reservation r1_0 join court c1_0 on c1_0.id=r1_0.court_id left join app_user db1_0 on db1_0.id=r1_0.decided_by_id join app_user u1_0 on u1_0.id=r1_0.user_id where r1_0.id=?
[INFO] Tests run: 1, Failures: 0, Errors: 0, Skipped: 0, Time elapsed: 0.699 s -- in org.example.reservation.ReservationPersistenceSpikeTest
[INFO] Running org.example.reservation.C03ArchitectureRuleTest
2026-10-05T20:44:39.716+02:00  INFO 18696 --- [           main] com.tngtech.archunit.core.PluginLoader   : Detected Java version 21.0.4
[INFO] Tests run: 3, Failures: 0, Errors: 0, Skipped: 0, Time elapsed: 2.389 s -- in org.example.reservation.C03ArchitectureRuleTest
[INFO] 
[INFO] Results:
[INFO] 
[INFO] Tests run: 67, Failures: 0, Errors: 0, Skipped: 0
[INFO] 
[INFO] ------------------------------------------------------------------------
[INFO] BUILD SUCCESS
[INFO] ------------------------------------------------------------------------
[INFO] Total time:  22.212 s
[INFO] Finished at: 2026-10-05T20:44:42+02:00
[INFO] ------------------------------------------------------------------------
